,,snr,exptime,slewtime,calibtime,z,x1,c,t0,ra,dec,magabs,magobs,x0,template,fields,survey,mwebv
elias_s1,fieldcalib,,,,1020.0,,,,,,,,,,,,lsst,
elias_s1,25,20.0,633.9200000000001,0.0,150.0,0.45695,0.365,-0.038,61894.844,9.626359,-42.755867,-19.37912,22.714321,1.30291555e-05,salt2,elias_s1,lsst,
elias_s1,87,20.0,882.96,216.3605348330588,150.0,0.56085,1.025,0.008,61896.832,9.909021,-42.48765,-19.452494,23.17362,8.534871e-06,salt2,elias_s1,lsst,
elias_s1,103,20.0,1426.32,278.05628814251804,150.0,0.60335,-1.235,0.129,61897.805,10.280519,-45.54897,-18.855274,23.962406,4.1274566e-06,salt2,elias_s1,lsst,
elias_s1,105,20.0,1064.08,224.15752357661248,150.0,0.66985,0.68,-0.074,61899.523,9.6266575,-45.041534,-19.76871,23.32451,7.427461e-06,salt2,elias_s1,lsst,
elias_s1,171,20.0,656.5600000000001,236.65341599703518,150.0,0.47835,0.9,-0.001,61895.207,11.312726,-44.715115,-19.634346,22.577457,1.4779557e-05,salt2,elias_s1,lsst,
elias_s1,173,20.0,1064.08,252.61576708990668,150.0,0.61745,0.22,2.7755576e-16,61898.152,8.952986,-43.75191,-19.335161,23.543266,6.0720895e-06,salt2,elias_s1,lsst,
elias_s1,206,20.0,2445.12,242.8876618771228,150.0,0.78645,1.055,0.113,61903.06,10.882783,-44.36119,-19.22906,24.289654,3.0533993e-06,salt2,elias_s1,lsst,
elias_s1,209,20.0,1426.32,216.62032143743954,150.0,0.74495,1.165,-0.027,61901.727,10.66179,-44.04806,-19.473724,23.900938,4.367866e-06,salt2,elias_s1,lsst,
elias_s1,232,20.0,724.48,254.15887529799778,150.0,0.49685,-0.37,-0.03,61895.54,7.9010053,-43.733955,-19.422724,22.887497,1.1108263e-05,salt2,elias_s1,lsst,
elias_s1,234,20.0,2445.12,216.10525351625031,150.0,0.75115,0.555,0.09,61901.92,7.8931284,-44.062008,-19.035355,24.361311,2.8583818e-06,salt2,elias_s1,lsst,
elias_s1,247,20.0,113.2,244.43300375595123,150.0,0.11995,0.49,0.065,61892.066,9.059385,-45.411213,-19.166296,19.644218,0.0002202711,salt2,elias_s1,lsst,
elias_s1,290,20.0,566.0,262.4586762142899,150.0,0.43325,-0.04,-0.046,61894.473,10.634822,-43.31235,-19.495266,22.460926,1.6454105e-05,salt2,elias_s1,lsst,
elias_s1,293,20.0,905.6,254.62742544267405,150.0,0.49285,-0.645,0.114,61895.465,7.8445215,-43.4885,-18.851711,23.437521,6.6932357e-06,salt2,elias_s1,lsst,
elias_s1,352,20.0,656.5600000000001,255.26428778080327,150.0,0.46535,-0.54,-0.097,61894.984,10.572876,-42.93811,-19.526863,22.613642,1.4295137e-05,salt2,elias_s1,lsst,
elias_s1,387,20.0,2309.28,234.65734839316858,150.0,0.69195,-1.185,0.089,61900.14,10.863024,-44.068775,-18.77604,24.403013,2.7506765e-06,salt2,elias_s1,lsst,
elias_s1,463,20.0,520.72,250.50435775106067,150.0,0.39835,-0.13,-0.088,61893.977,9.679241,-42.429443,-19.448183,22.292665,1.9212279e-05,salt2,elias_s1,lsst,
elias_s1,470,20.0,475.44,266.6344915788107,150.0,0.37385,0.465,-0.024,61893.668,8.653178,-44.886707,-19.471672,22.107319,2.2788581e-05,salt2,elias_s1,lsst,
elias_s1,481,20.0,996.1600000000001,231.97444395472516,150.0,0.55515,-1.075,-0.043,61896.707,10.107907,-44.861183,-19.292639,23.30675,7.5499647e-06,salt2,elias_s1,lsst,
elias_s1,533,20.0,1358.4,228.39036356534618,150.0,0.71155,-0.045,-0.118,61900.71,10.880585,-44.184696,-19.65849,23.594522,5.7920975e-06,salt2,elias_s1,lsst,
elias_s1,562,20.0,1267.8400000000001,237.56409497398036,150.0,0.44455,-0.775,0.402,61894.645,10.874223,-45.46356,-17.981974,24.040506,3.8409844e-06,salt2,elias_s1,lsst,
elias_s1,605,20.0,1426.32,242.90675663033582,150.0,0.71765,0.8,-0.011,61900.89,8.716324,-45.5673,-19.308252,23.96738,4.10859e-06,salt2,elias_s1,lsst,
elias_s1,616,20.0,724.48,241.48835122034535,150.0,0.48015,-0.07,-0.023,61895.24,8.603163,-44.116776,-19.379812,22.841722,1.1586589e-05,salt2,elias_s1,lsst,
elias_s1,627,20.0,882.96,239.00612083098866,150.0,0.60715,0.825,-0.055,61897.9,10.423795,-43.823235,-19.572798,23.261385,7.872102e-06,salt2,elias_s1,lsst,
elias_s1,655,20.0,882.96,231.81656580172867,150.0,0.54515,0.565,0.02,61896.496,9.148206,-44.27992,-19.245281,23.306593,7.551051e-06,salt2,elias_s1,lsst,
elias_s1,681,20.0,882.96,219.46430090371996,150.0,0.56555,-0.46,-0.072,61896.934,8.676377,-43.944206,-19.41763,23.23033,8.100519e-06,salt2,elias_s1,lsst,
elias_s1,767,20.0,2128.16,244.02068148086943,150.0,0.75225,0.25,-0.007,61901.953,9.961334,-42.68916,-19.241564,24.158989,3.443891e-06,salt2,elias_s1,lsst,
elias_s1,785,20.0,1426.32,239.18333585700714,150.0,0.67315,0.275,0.027,61899.613,8.207765,-43.106308,-19.328777,23.777428,4.894108e-06,salt2,elias_s1,lsst,
elias_s1,788,20.0,1267.8400000000001,249.28263719380922,150.0,0.62665,0.59,0.059,61898.383,10.670829,-43.11512,-19.219807,23.697556,5.26772e-06,salt2,elias_s1,lsst,
elias_s1,931,20.0,407.52,253.86495821099157,150.0,0.34625,0.54,-0.066,61893.355,7.930325,-43.08636,-19.71898,21.665508,3.42327e-05,salt2,elias_s1,lsst,
elias_s1,1027,20.0,316.96000000000004,238.83705414351118,150.0,0.19555,0.425,0.39,61892.273,7.55532,-44.39386,-18.053015,21.919073,2.7102864e-05,salt2,elias_s1,lsst,
elias_s1,1070,20.0,2128.16,259.05296156955137,150.0,0.75165,0.49,0.036,61901.938,10.559461,-43.82369,-19.287346,24.111088,3.5992289e-06,salt2,elias_s1,lsst,
elias_s1,1079,20.0,1267.8400000000001,224.05440687446114,150.0,0.60425,-1.25,2.7755576e-16,61897.83,9.743049,-44.167007,-19.254936,23.56666,5.9426593e-06,salt2,elias_s1,lsst,
elias_s1,1112,20.0,792.4,241.058822716796,150.0,0.34645,-1.415,0.334,61893.355,7.866217,-43.688988,-18.062277,23.323673,7.433193e-06,salt2,elias_s1,lsst,
elias_s1,1135,20.0,1064.08,239.74425989036814,150.0,0.63545,-0.505,-0.097,61898.605,9.137227,-44.719444,-19.323053,23.631046,5.6004965e-06,salt2,elias_s1,lsst,
elias_s1,1139,20.0,1403.68,227.04885572020103,150.0,0.56375,0.515,0.249,61896.895,8.4238205,-44.08607,-18.618916,24.020697,3.9117044e-06,salt2,elias_s1,lsst,
elias_s1,1150,20.0,2309.28,249.6853585947901,150.0,0.73375,-0.965,-0.011,61901.38,9.916154,-42.62987,-19.25054,24.083923,3.6904187e-06,salt2,elias_s1,lsst,
elias_s1,1151,20.0,1901.76,264.6644358946905,150.0,0.67685,0.545,0.131,61899.715,9.533367,-45.094067,-18.933897,24.186798,3.356803e-06,salt2,elias_s1,lsst,
elias_s1,1157,20.0,2445.12,252.85639810478628,150.0,0.77535,-0.655,-0.001,61902.69,10.549399,-43.27832,-18.994648,24.486265,2.5476427e-06,salt2,elias_s1,lsst,
elias_s1,1167,20.0,147.16,246.58669276435086,150.0,0.15985,0.29,-0.034,61892.152,9.981737,-44.9067,-19.361652,20.126665,0.0001412468,salt2,elias_s1,lsst,
elias_s1,1219,20.0,656.5600000000001,219.05495922047635,150.0,0.45525,-0.155,-0.022,61894.816,10.041085,-44.449852,-19.444551,22.639267,1.3961678e-05,salt2,elias_s1,lsst,
elias_s1,1241,20.0,882.96,223.2386627318784,150.0,0.61045,0.495,-0.118,61897.98,9.357761,-44.031174,-19.672638,23.175797,8.517768e-06,salt2,elias_s1,lsst,
elias_s1,1263,20.0,1267.8400000000001,226.93414521818607,150.0,0.51055,1.465,0.366,61895.797,10.444135,-43.829746,-18.296274,24.084646,3.6879592e-06,salt2,elias_s1,lsst,
elias_s1,1362,20.0,1811.2,245.22910505208696,150.0,0.62575,-0.64,0.156,61898.36,9.858637,-45.39365,-18.72384,24.189735,3.347732e-06,salt2,elias_s1,lsst,
elias_s1,1369,20.0,882.96,243.38547693467632,150.0,0.54545,-1.63,-0.069,61896.5,8.273483,-44.34492,-19.187433,23.365877,7.149801e-06,salt2,elias_s1,lsst,
elias_s1,1397,20.0,882.96,260.8561528261446,150.0,0.41245,0.115,0.304,61894.17,11.505331,-44.35851,-18.366755,23.46312,6.537276e-06,salt2,elias_s1,lsst,
elias_s1,1433,20.0,543.36,241.53878388168582,150.0,0.42585,0.58,-0.085,61894.363,10.604989,-43.057186,-19.489183,22.422726,1.7043334e-05,salt2,elias_s1,lsst,
elias_s1,1485,20.0,135.84,247.7015105617597,150.0,0.14515,-0.34,-0.034,61892.117,9.6714735,-44.64873,-19.38027,19.878939,0.00017744728,salt2,elias_s1,lsst,
elias_s1,1513,20.0,1901.76,238.4765854617842,150.0,0.74805,-0.49,-0.072,61901.82,7.8185277,-44.719368,-19.493052,23.892635,4.4014014e-06,salt2,elias_s1,lsst,
elias_s1,1545,20.0,656.5600000000001,273.5498350527499,150.0,0.50215,0.92,-0.065,61895.637,11.01794,-43.00572,-19.636204,22.701582,1.3182939e-05,salt2,elias_s1,lsst,
elias_s1,1658,20.0,792.4,266.30776099179275,150.0,0.49015,-0.525,0.046,61895.418,8.002767,-44.33211,-19.113438,23.161541,8.6303535e-06,salt2,elias_s1,lsst,
elias_s1,1710,20.0,1811.2,273.2897480286424,150.0,0.61135,-1.58,0.121,61898.004,11.760767,-43.409126,-18.706293,24.146015,3.4852874e-06,salt2,elias_s1,lsst,
elias_s1,1830,20.0,2309.28,226.21106978792957,150.0,0.66875,0.89,0.251,61899.492,10.713382,-43.56567,-18.804348,24.28453,3.067841e-06,salt2,elias_s1,lsst,
elias_s1,1891,20.0,2128.16,258.2790706280509,150.0,0.75635,-0.285,-0.035,61902.082,9.674519,-45.63412,-19.404762,24.010225,3.949613e-06,salt2,elias_s1,lsst,
elias_s1,1950,20.0,792.4,280.4228572095809,150.0,0.38105,-0.835,0.256,61893.754,9.963385,-42.463108,-18.344463,23.283087,7.716321e-06,salt2,elias_s1,lsst,
elias_s1,1954,20.0,2897.92,251.9849832887031,150.0,0.79115,-2.02,-0.006,61903.215,9.538929,-44.355976,-19.20152,24.33304,2.9337864e-06,salt2,elias_s1,lsst,
elias_s1,1978,20.0,226.4,225.37916273764026,150.0,0.20045,0.455,0.049,61892.297,9.999612,-45.018433,-19.191141,20.840836,7.316625e-05,salt2,elias_s1,lsst,
elias_s1,2028,20.0,475.44,232.74513212578458,150.0,0.29525,-0.02,0.175,61892.875,8.809418,-45.678253,-18.88376,22.100382,2.2934624e-05,salt2,elias_s1,lsst,
elias_s1,2041,20.0,2445.12,271.13250459881846,150.0,0.76355,-1.815,-0.091,61902.312,11.758007,-43.869328,-19.387114,24.053043,3.796886e-06,salt2,elias_s1,lsst,
elias_s1,2044,20.0,1267.8400000000001,214.5684140463647,150.0,0.51595,-2.635,0.097,61895.902,11.402402,-43.913273,-18.512228,23.896074,4.387477e-06,salt2,elias_s1,lsst,
elias_s1,2061,20.0,2897.92,262.64347028732226,150.0,0.71385,-2.545,0.069,61900.78,8.559768,-45.181866,-18.901773,24.359789,2.8623913e-06,salt2,elias_s1,lsst,
elias_s1,2110,20.0,792.4,266.0170326417664,150.0,0.38325,0.43,0.325,61893.78,11.064217,-43.38304,-18.463717,23.178501,8.496584e-06,salt2,elias_s1,lsst,
elias_s1,2138,20.0,407.52,260.81735122205885,150.0,0.27145,-1.935,0.031,61892.69,8.7419405,-44.98293,-18.8421,21.93292,2.6759411e-05,salt2,elias_s1,lsst,
elias_s1,2145,20.0,1426.32,236.57010645017144,150.0,0.64675,-1.345,-0.031,61898.902,7.600329,-44.054337,-18.998514,24.002056,3.97944e-06,salt2,elias_s1,lsst,
elias_s1,2186,20.0,882.96,270.4982840680078,150.0,0.57455,0.655,-0.016,61897.137,10.748587,-42.55439,-19.516172,23.173143,8.5386155e-06,salt2,elias_s1,lsst,
elias_s1,2194,20.0,1041.44,260.75694842404664,150.0,0.51445,-0.085,0.145,61895.875,8.855555,-44.40742,-18.849161,23.551563,6.025868e-06,salt2,elias_s1,lsst,
elias_s1,2209,20.0,566.0,227.10956351940166,150.0,0.38555,0.075,0.066,61893.812,7.9237614,-43.939785,-18.990469,22.667002,1.3609567e-05,salt2,elias_s1,lsst,
elias_s1,2222,20.0,724.48,254.14727408225667,150.0,0.54585,0.895,-0.104,61896.508,10.720709,-43.970352,-19.654995,22.90023,1.0978737e-05,salt2,elias_s1,lsst,
elias_s1,2263,20.0,588.64,246.64145042939026,150.0,0.45975,0.52,-0.047,61894.89,8.817873,-44.961346,-19.545135,22.564083,1.4962763e-05,salt2,elias_s1,lsst,
elias_s1,2291,20.0,475.44,223.18132720869826,150.0,0.38865,0.865,-0.035,61893.85,7.995969,-44.69324,-19.6545,22.023396,2.461992e-05,salt2,elias_s1,lsst,
elias_s1,2294,20.0,701.84,230.24718157302718,150.0,0.45535,-0.38,-0.008,61894.82,8.693766,-45.51107,-19.308619,22.775768,1.2312243e-05,salt2,elias_s1,lsst,
elias_s1,2333,20.0,2445.12,230.8183105466023,150.0,0.75895,-1.155,-0.017,61902.164,9.722164,-44.851562,-19.076954,24.347149,2.8959105e-06,salt2,elias_s1,lsst,
elias_s1,2343,20.0,2128.16,260.31266690803625,150.0,0.75395,0.15,-0.018,61902.008,10.282555,-42.600906,-19.451124,23.955423,4.1540866e-06,salt2,elias_s1,lsst,
elias_s1,2344,20.0,724.48,245.33437756838558,150.0,0.47155,-0.405,0.019,61895.09,8.263426,-43.27145,-19.136536,23.038202,9.6686035e-06,salt2,elias_s1,lsst,
elias_s1,2373,20.0,1426.32,247.11042552480302,150.0,0.71155,0.56,0.01,61900.71,10.411935,-43.962135,-19.42843,23.824581,4.6861087e-06,salt2,elias_s1,lsst,
elias_s1,2377,20.0,1064.08,241.603460973243,150.0,0.61925,0.125,-0.046,61898.195,8.581474,-43.352505,-19.266048,23.620039,5.657561e-06,salt2,elias_s1,lsst,
elias_s1,2400,20.0,882.96,245.91521382336978,150.0,0.61685,0.68,-0.104,61898.137,9.638745,-44.816116,-19.80016,23.07571,9.3403005e-06,salt2,elias_s1,lsst,
elias_s1,2422,20.0,1403.68,257.1764681408197,150.0,0.55975,-2.07,0.095,61896.81,10.482815,-42.756504,-18.659971,23.961006,4.132782e-06,salt2,elias_s1,lsst,
elias_s1,2470,20.0,1064.08,264.11180433031655,150.0,0.64985,0.13,-0.13,61898.98,8.845596,-44.909035,-19.842674,23.170511,8.559332e-06,salt2,elias_s1,lsst,
elias_s1,2513,20.0,1041.44,227.5400758966603,150.0,0.62485,0.56,-0.056,61898.336,8.049505,-44.29623,-19.721586,23.1882,8.421024e-06,salt2,elias_s1,lsst,
elias_s1,2514,20.0,701.84,244.96204184970549,150.0,0.44805,0.17,0.025,61894.703,10.07656,-43.623573,-19.18187,22.860823,1.1384548e-05,salt2,elias_s1,lsst,
elias_s1,2527,20.0,1064.08,241.2105624601461,150.0,0.60295,0.8,0.013,61897.797,8.1994095,-43.160667,-19.441061,23.374876,7.0907886e-06,salt2,elias_s1,lsst,
elias_s1,2554,20.0,305.64,262.72490306867746,150.0,0.25715,0.805,0.024,61892.594,11.416825,-43.679554,-19.361206,21.279894,4.8830054e-05,salt2,elias_s1,lsst,
elias_s1,2555,20.0,1811.2,256.1059727867991,150.0,0.68755,-1.135,-0.023,61900.016,9.034878,-44.90653,-19.300152,23.86202,4.5272695e-06,salt2,elias_s1,lsst,
elias_s1,2557,20.0,2309.28,253.44996558010664,150.0,0.72485,0.14,0.097,61901.11,9.766243,-42.994976,-19.162611,24.139486,3.5063122e-06,salt2,elias_s1,lsst,
elias_s1,2626,20.0,520.72,236.56707348205816,150.0,0.36355,0.94,0.064,61893.547,8.248691,-43.54596,-19.214314,22.29369,1.9194153e-05,salt2,elias_s1,lsst,
elias_s1,2653,20.0,724.48,264.55377966689537,150.0,0.44205,0.72,0.14,61894.61,10.328491,-45.527706,-19.027868,22.98008,1.0200293e-05,salt2,elias_s1,lsst,
elias_s1,2762,20.0,996.1600000000001,220.74211280994507,150.0,0.62975,0.11,-0.127,61898.46,9.56693,-45.53593,-20.106014,22.824343,1.1773553e-05,salt2,elias_s1,lsst,
elias_s1,2799,20.0,1901.76,226.18301929309396,150.0,0.67275,0.235,0.125,61899.6,10.500637,-45.12464,-18.953428,24.151207,3.46866e-06,salt2,elias_s1,lsst,
elias_s1,2809,20.0,656.5600000000001,246.251794743585,150.0,0.43875,0.365,0.012,61894.555,8.151595,-45.297012,-19.165854,22.8228,1.1790303e-05,salt2,elias_s1,lsst,
elias_s1,2855,20.0,2128.16,241.45870411925648,150.0,0.77225,0.835,0.009,61902.594,9.116212,-44.017982,-19.47521,23.995054,4.0051873e-06,salt2,elias_s1,lsst,
xmm-lss,fieldcalib,,,,1020.0,,,,,,,,,,,,lsst,
xmm-lss,1,20.0,1267.8400000000001,1269.3834439307082,150.0,0.69745,1.18,-0.053,61900.297,37.001274,-3.956882,-19.708796,23.49121,6.37031e-06,salt2,xmm-lss,lsst,
xmm-lss,3,20.0,656.5600000000001,235.96019766442618,150.0,0.38595,-0.225,0.12,61893.816,36.688133,-5.1236544,-18.825302,22.834812,1.1660568e-05,salt2,xmm-lss,lsst,
xmm-lss,68,20.0,1358.4,271.22082752749054,150.0,0.70075,-0.38,-0.124,61900.395,34.809097,-3.0837874,-19.79345,23.419052,6.8080676e-06,salt2,xmm-lss,lsst,
xmm-lss,74,20.0,1901.76,240.4991010390718,150.0,0.72535,0.095,0.022,61901.12,35.195053,-4.4390416,-19.237839,24.066088,3.7515433e-06,salt2,xmm-lss,lsst,
xmm-lss,120,20.0,882.96,250.6117474416903,150.0,0.41325,-0.5,0.287,61894.18,36.93092,-5.1143384,-18.36828,23.466558,6.5165987e-06,salt2,xmm-lss,lsst,
xmm-lss,121,20.0,1064.08,256.4817531922724,150.0,0.54145,1.25,0.222,61896.418,35.08802,-6.171954,-18.713854,23.820232,4.7049125e-06,salt2,xmm-lss,lsst,
xmm-lss,134,20.0,1426.32,237.4710853045301,150.0,0.64835,-2.015,-0.046,61898.945,35.295296,-4.9140096,-19.268822,23.738266,5.073856e-06,salt2,xmm-lss,lsst,
xmm-lss,147,20.0,792.4,244.68486424403835,150.0,0.57075,0.52,-0.103,61897.05,35.19724,-3.322645,-19.897572,22.774357,1.2328268e-05,salt2,xmm-lss,lsst,
xmm-lss,193,20.0,724.48,260.83465516818023,150.0,0.44785,-0.65,0.029,61894.7,35.327236,-5.6289163,-19.054356,22.987186,1.0133757e-05,salt2,xmm-lss,lsst,
xmm-lss,211,20.0,1426.32,257.80703956589196,150.0,0.62775,0.55,0.17,61898.41,35.045643,-3.4713316,-18.61579,24.30619,3.0072451e-06,salt2,xmm-lss,lsst,
xmm-lss,276,20.0,2128.16,281.3881528317777,150.0,0.71485,0.685,0.105,61900.81,37.324066,-5.7549925,-19.019169,24.246103,3.178361e-06,salt2,xmm-lss,lsst,
xmm-lss,363,20.0,1154.64,255.38461974312509,150.0,0.63015,0.24,0.022,61898.47,35.28967,-5.332725,-19.408192,23.52384,6.181715e-06,salt2,xmm-lss,lsst,
xmm-lss,366,20.0,724.48,225.5701748588849,150.0,0.44615,1.075,0.118,61894.67,35.815617,-4.799588,-18.942818,23.088919,9.227351e-06,salt2,xmm-lss,lsst,
xmm-lss,368,20.0,2445.12,212.43902256284858,150.0,0.77345,-1.155,-0.045,61902.633,35.831593,-4.6346917,-19.264591,24.2098,3.2864311e-06,salt2,xmm-lss,lsst,
xmm-lss,384,20.0,656.5600000000001,235.67803415753383,150.0,0.43045,-0.66,-0.025,61894.43,35.81998,-5.829941,-19.405258,22.53426,1.5379457e-05,salt2,xmm-lss,lsst,
xmm-lss,391,20.0,384.88,226.1762188782269,150.0,0.32725,0.88,-0.035,61893.16,36.329227,-6.4157557,-19.609583,21.632526,3.5288565e-05,salt2,xmm-lss,lsst,
xmm-lss,426,20.0,1811.2,259.4745530968549,150.0,0.64495,-0.09,0.147,61898.855,35.29964,-4.4131536,-18.82388,24.169342,3.411208e-06,salt2,xmm-lss,lsst,
xmm-lss,448,20.0,1358.4,236.19805143934553,150.0,0.42885,1.44,0.586,61894.406,36.474003,-4.750858,-17.668934,24.261013,3.135015e-06,salt2,xmm-lss,lsst,
xmm-lss,495,20.0,1064.08,225.12394865605506,150.0,0.58915,-0.795,-0.026,61897.473,36.50078,-5.4780583,-19.338114,23.417015,6.8208506e-06,salt2,xmm-lss,lsst,
xmm-lss,521,20.0,1901.76,234.80626433379425,150.0,0.72805,0.16,0.012,61901.207,36.507484,-4.321398,-19.381617,23.932161,4.2440483e-06,salt2,xmm-lss,lsst,
xmm-lss,548,20.0,135.84,243.02520766270698,150.0,0.10985,-0.615,0.326,61892.05,35.340805,-3.342671,-18.334755,20.270536,0.00012371728,salt2,xmm-lss,lsst,
xmm-lss,630,20.0,1267.8400000000001,246.49460937296968,150.0,0.55065,-1.755,0.087,61896.613,34.138172,-4.5108438,-18.8734,23.704708,5.2331297e-06,salt2,xmm-lss,lsst,
xmm-lss,705,20.0,724.48,269.1399222445327,150.0,0.55205,1.295,-0.072,61896.64,36.456646,-3.1617415,-19.590046,22.9947,1.0063876e-05,salt2,xmm-lss,lsst,
xmm-lss,721,20.0,701.84,244.24846019812585,150.0,0.44395,-1.175,-0.044,61894.637,34.88301,-3.272178,-19.117744,22.901255,1.0968396e-05,salt2,xmm-lss,lsst,
xmm-lss,736,20.0,747.12,234.59784669727543,150.0,0.43725,-0.315,0.134,61894.53,36.029064,-3.1863792,-18.805698,23.174139,8.530786e-06,salt2,xmm-lss,lsst,
xmm-lss,792,20.0,656.5600000000001,272.4328522414721,150.0,0.45645,0.725,0.032,61894.836,36.715904,-5.9259205,-19.207752,22.882864,1.1155766e-05,salt2,xmm-lss,lsst,
xmm-lss,835,20.0,1086.72,257.68462444539404,150.0,0.56055,-0.005,0.143,61896.824,34.55864,-5.6040993,-18.83315,23.791563,4.830809e-06,salt2,xmm-lss,lsst,
xmm-lss,864,20.0,1358.4,250.59113393375557,150.0,0.64065,0.625,0.073,61898.742,35.751217,-4.178228,-19.299648,23.675932,5.373682e-06,salt2,xmm-lss,lsst,
xmm-lss,1000,20.0,882.96,230.88788671457274,150.0,0.49175,-0.82,0.029,61895.45,36.728928,-4.053996,-19.029114,23.25432,7.923487e-06,salt2,xmm-lss,lsst,
xmm-lss,1002,20.0,1267.8400000000001,242.01698618472477,150.0,0.64275,0.315,0.018,61898.797,35.392944,-4.6900744,-19.342524,23.641687,5.545876e-06,salt2,xmm-lss,lsst,
xmm-lss,1017,20.0,1426.32,236.69766252041666,150.0,0.68165,1.19,0.094,61899.85,36.03075,-5.7556167,-18.993546,24.145832,3.4858751e-06,salt2,xmm-lss,lsst,
xmm-lss,1051,20.0,1901.76,215.2200378249938,150.0,0.65485,-1.24,0.062,61899.117,35.98948,-5.469671,-18.913073,24.12034,3.5686903e-06,salt2,xmm-lss,lsst,
xmm-lss,1062,20.0,1426.32,234.80110619625148,150.0,0.71795,0.645,-0.012,61900.902,36.49169,-4.427056,-19.484972,23.791769,4.8298916e-06,salt2,xmm-lss,lsst,
xmm-lss,1085,20.0,1901.76,255.25218615536477,150.0,0.64005,-1.01,0.111,61898.727,34.909626,-5.757881,-18.757627,24.215483,3.2692785e-06,salt2,xmm-lss,lsst,
xmm-lss,1098,20.0,724.48,263.4917031941214,150.0,0.50545,-0.33,-0.058,61895.7,36.66642,-4.0756264,-19.364271,22.99054,1.0102498e-05,salt2,xmm-lss,lsst,
xmm-lss,1111,20.0,1426.32,226.74518884273485,150.0,0.72845,0.965,-0.01,61901.22,36.72505,-4.873008,-19.462189,23.853046,4.5648494e-06,salt2,xmm-lss,lsst,
xmm-lss,1128,20.0,2445.12,267.11755368194656,150.0,0.71105,-1.45,0.1,61900.695,34.131702,-4.7285523,-18.75572,24.49543,2.5262314e-06,salt2,xmm-lss,lsst,
xmm-lss,1154,20.0,2445.12,243.0063127085947,150.0,0.79715,0.525,0.012,61903.414,35.636917,-4.975393,-19.366575,24.188087,3.3528156e-06,salt2,xmm-lss,lsst,
xmm-lss,1177,20.0,475.44,231.2558826046768,150.0,0.33365,-0.045,0.061,61893.223,34.725773,-5.39414,-19.180738,22.110163,2.2728967e-05,salt2,xmm-lss,lsst,
xmm-lss,1204,20.0,2445.12,232.64462295948516,150.0,0.76895,-0.68,-0.012,61902.484,35.346367,-6.2569013,-19.270014,24.18887,3.350404e-06,salt2,xmm-lss,lsst,
xmm-lss,1206,20.0,2445.12,274.64352649608935,150.0,0.77095,0.635,0.107,61902.55,35.843163,-3.3774023,-19.179125,24.286661,3.061823e-06,salt2,xmm-lss,lsst,
xmm-lss,1376,20.0,1064.08,235.21378798085755,150.0,0.59625,0.775,0.091,61897.637,36.528778,-4.3324265,-19.069994,23.716585,5.1761936e-06,salt2,xmm-lss,lsst,
xmm-lss,1459,20.0,39.620000000000005,227.54394693638147,150.0,0.05995,0.645,0.031,61892.008,36.525333,-5.1673307,-19.25214,17.964739,0.0010345449,salt2,xmm-lss,lsst,
xmm-lss,1470,20.0,362.24,260.03612003181763,150.0,0.30125,1.525,0.023,61892.926,34.415936,-4.298822,-19.474365,21.560045,3.772475e-05,salt2,xmm-lss,lsst,
xmm-lss,1512,20.0,543.36,230.57758811912095,150.0,0.39895,0.705,-0.009,61893.984,34.878056,-3.4461746,-19.448633,22.296062,1.9152256e-05,salt2,xmm-lss,lsst,
xmm-lss,1527,20.0,2309.28,244.4736197528104,150.0,0.71575,-1.24,0.011,61900.836,36.4627,-3.548631,-18.888409,24.380198,2.8090901e-06,salt2,xmm-lss,lsst,
xmm-lss,1538,20.0,1448.96,214.16561248866748,150.0,0.77745,0.5,-0.121,61902.766,36.683952,-3.648044,-19.733986,23.754118,5.000313e-06,salt2,xmm-lss,lsst,
xmm-lss,1539,20.0,1901.76,222.417423858008,150.0,0.66965,-2.515,-0.056,61899.516,36.557533,-4.242587,-18.943523,24.148909,3.4760144e-06,salt2,xmm-lss,lsst,
xmm-lss,1559,20.0,566.0,220.8066141880577,150.0,0.41935,-0.085,-0.048,61894.27,36.9741,-3.903356,-19.34222,22.5302,1.543708e-05,salt2,xmm-lss,lsst,
xmm-lss,1604,20.0,1901.76,253.12189151647055,150.0,0.75895,0.955,-0.01,61902.164,35.77576,-5.4677744,-19.349884,24.074219,3.7235525e-06,salt2,xmm-lss,lsst,
xmm-lss,1628,20.0,1064.08,237.1873023472853,150.0,0.64955,0.855,-0.048,61898.977,34.56623,-5.0902634,-19.589325,23.422642,6.785599e-06,salt2,xmm-lss,lsst,
xmm-lss,1632,20.0,384.88,270.3347958282791,150.0,0.29695,-1.71,-0.117,61892.89,37.058044,-3.9557533,-19.330793,21.667688,3.4164077e-05,salt2,xmm-lss,lsst,
xmm-lss,1640,20.0,1267.8400000000001,256.4483727338973,150.0,0.62805,0.395,0.05,61898.418,34.95922,-3.6557746,-19.240677,23.682562,5.3409685e-06,salt2,xmm-lss,lsst,
xmm-lss,1655,20.0,1064.08,252.97593537630277,150.0,0.54525,-0.98,0.039,61896.496,36.428032,-4.9608397,-19.04448,23.507874,6.273292e-06,salt2,xmm-lss,lsst,
xmm-lss,1695,20.0,588.64,230.96284253959422,150.0,0.39005,0.59,0.102,61893.87,35.72467,-5.6554546,-18.97497,22.712101,1.3055835e-05,salt2,xmm-lss,lsst,
xmm-lss,1708,20.0,566.0,261.8830554849868,150.0,0.45295,0.475,-0.098,61894.78,35.60367,-3.3021836,-19.502161,22.568588,1.4900804e-05,salt2,xmm-lss,lsst,
xmm-lss,1717,20.0,882.96,248.99632578224748,150.0,0.42195,-0.655,0.205,61894.305,34.181168,-4.385362,-18.655327,23.232954,8.080956e-06,salt2,xmm-lss,lsst,
xmm-lss,1725,20.0,1109.3600000000001,262.3879811590162,150.0,0.64675,0.41,-0.016,61898.902,36.33267,-3.3603475,-19.446789,23.553782,6.0135626e-06,salt2,xmm-lss,lsst,
xmm-lss,1808,20.0,1811.2,252.49311631951116,150.0,0.74475,0.81,-0.004,61901.72,37.113243,-5.1376925,-19.292322,24.081627,3.6982276e-06,salt2,xmm-lss,lsst,
xmm-lss,1850,20.0,1426.32,239.48552731286148,150.0,0.67565,0.755,0.064,61899.684,37.257584,-3.7813022,-19.251524,23.864481,4.5170264e-06,salt2,xmm-lss,lsst,
xmm-lss,1868,20.0,1901.76,229.81494680238916,150.0,0.78095,0.53,-0.065,61902.875,36.440487,-3.3228934,-19.593185,23.906862,4.344102e-06,salt2,xmm-lss,lsst,
xmm-lss,1902,20.0,384.88,236.73129629265364,150.0,0.25355,-2.445,0.042,61892.574,35.357113,-3.9340448,-18.933598,21.672709,3.400646e-05,salt2,xmm-lss,lsst,
xmm-lss,1904,20.0,1064.08,256.75310208791234,150.0,0.44585,-0.86,0.291,61894.668,36.76782,-5.5329604,-18.298525,23.73148,5.105674e-06,salt2,xmm-lss,lsst,
xmm-lss,1910,20.0,656.5600000000001,260.3654962232756,150.0,0.40245,1.53,0.161,61894.03,34.476048,-5.72904,-18.997221,22.76981,1.2379997e-05,salt2,xmm-lss,lsst,
xmm-lss,1920,20.0,1064.08,245.75847669006356,150.0,0.50175,-2.305,0.038,61895.633,34.56509,-4.0895033,-18.679052,23.65666,5.4699135e-06,salt2,xmm-lss,lsst,
xmm-lss,1982,20.0,2128.16,263.1881987819135,150.0,0.70525,-1.505,-0.028,61900.523,36.816544,-4.978909,-19.170057,24.059395,3.7747348e-06,salt2,xmm-lss,lsst,
xmm-lss,1985,20.0,1901.76,247.09110332915623,150.0,0.69095,0.275,0.095,61900.113,35.875515,-6.3989596,-19.083406,24.091818,3.6636795e-06,salt2,xmm-lss,lsst,
xmm-lss,2025,20.0,588.64,265.2178620124267,150.0,0.38475,1.07,0.148,61893.8,36.356728,-3.9411273,-19.03902,22.613153,1.4301547e-05,salt2,xmm-lss,lsst,
xmm-lss,2032,20.0,882.96,215.2556523236146,150.0,0.47975,0.715,0.166,61895.23,36.642494,-3.885593,-18.880333,23.339043,7.328708e-06,salt2,xmm-lss,lsst,
xmm-lss,2081,20.0,452.8,249.69358100317075,150.0,0.37795,1.345,-0.069,61893.72,34.823185,-3.8226216,-19.616386,21.99036,2.5380506e-05,salt2,xmm-lss,lsst,
xmm-lss,2131,20.0,2445.12,262.1161517909992,150.0,0.71255,-1.39,0.068,61900.74,36.379112,-5.6106014,-18.931202,24.32553,2.9541518e-06,salt2,xmm-lss,lsst,
xmm-lss,2198,20.0,1064.08,228.08332278623286,150.0,0.55725,-2.455,-0.039,61896.75,35.519802,-5.5324993,-19.043541,23.565723,5.947784e-06,salt2,xmm-lss,lsst,
xmm-lss,2231,20.0,1426.32,247.715817032962,150.0,0.69775,-0.19,-0.019,61900.31,34.145,-4.4776907,-19.175354,24.02579,3.893399e-06,salt2,xmm-lss,lsst,
xmm-lss,2261,20.0,1403.68,243.14653467801787,150.0,0.63975,0.15,0.057,61898.715,35.086567,-3.2748396,-19.173178,23.798697,4.7991707e-06,salt2,xmm-lss,lsst,
xmm-lss,2268,20.0,724.48,278.6464326385476,150.0,0.46565,-0.915,0.012,61894.99,36.295567,-6.130151,-18.969244,23.172928,8.540316e-06,salt2,xmm-lss,lsst,
xmm-lss,2270,20.0,1811.2,228.65207477240378,150.0,0.70515,-0.61,-0.017,61900.523,36.60833,-5.3027315,-19.248297,23.980782,4.058187e-06,salt2,xmm-lss,lsst,
xmm-lss,2284,20.0,407.52,216.13427100669915,150.0,0.20755,-1.47,0.404,61892.324,36.84376,-5.0713854,-17.66107,22.45532,1.6539272e-05,salt2,xmm-lss,lsst,
xmm-lss,2289,20.0,1064.08,246.32469106025553,150.0,0.62145,-0.545,-0.094,61898.25,35.358063,-4.305589,-19.593874,23.301548,7.5862185e-06,salt2,xmm-lss,lsst,
xmm-lss,2316,20.0,384.88,224.40233518760652,150.0,0.26475,0.52,0.154,61892.645,35.24706,-3.6187418,-18.881134,21.83197,2.93668e-05,salt2,xmm-lss,lsst,
xmm-lss,2326,20.0,1086.72,261.2054872946227,150.0,0.63825,0.665,2.7755576e-16,61898.68,37.072376,-5.0676594,-19.513432,23.452253,6.6030284e-06,salt2,xmm-lss,lsst,
xmm-lss,2465,20.0,1267.8400000000001,269.4616001982389,150.0,0.67415,0.295,-0.058,61899.64,34.85456,-3.5324504,-19.543154,23.566975,5.940932e-06,salt2,xmm-lss,lsst,
xmm-lss,2468,20.0,882.96,238.34167263465443,150.0,0.53295,-0.35,0.034,61896.242,36.107468,-3.1320145,-18.927269,23.565517,5.948913e-06,salt2,xmm-lss,lsst,
xmm-lss,2473,20.0,1811.2,248.9588406795001,150.0,0.73425,-1.365,-0.141,61901.395,37.17683,-4.56148,-19.578508,23.757761,4.9835653e-06,salt2,xmm-lss,lsst,
xmm-lss,2529,20.0,1901.76,237.8689072269087,150.0,0.74945,-0.385,-0.088,61901.867,36.18982,-3.724136,-19.524866,23.865786,4.5116017e-06,salt2,xmm-lss,lsst,
xmm-lss,2609,20.0,2445.12,247.45144772384768,150.0,0.71575,-1.535,0.087,61900.836,36.487335,-5.4152756,-18.779047,24.48956,2.5399252e-06,salt2,xmm-lss,lsst,
xmm-lss,2642,20.0,1086.72,240.2600722541762,150.0,0.58285,-1.11,0.019,61897.324,35.350815,-4.5946217,-19.11782,23.6091,5.7148445e-06,salt2,xmm-lss,lsst,
xmm-lss,2672,20.0,656.5600000000001,245.43419043813054,150.0,0.48785,0.63,-0.086,61895.375,36.358875,-5.875751,-19.554708,22.708069,1.3104409e-05,salt2,xmm-lss,lsst,
xmm-lss,2698,20.0,1426.32,223.6166178551343,150.0,0.60465,0.345,0.201,61897.84,35.69863,-5.8023705,-18.728615,24.09472,3.6538984e-06,salt2,xmm-lss,lsst,
xmm-lss,2712,20.0,237.72,216.92576826616087,150.0,0.20295,-0.675,-0.006,61892.305,35.33593,-5.8536754,-19.325323,20.736687,8.053227e-05,salt2,xmm-lss,lsst,
xmm-lss,2717,20.0,1064.08,259.6899192591724,150.0,0.59545,-1.51,-0.106,61897.617,37.320877,-4.7592583,-19.422518,23.360535,7.1850623e-06,salt2,xmm-lss,lsst,
xmm-lss,2724,20.0,1154.64,268.8886166074558,150.0,0.67735,0.39,-0.076,61899.73,34.780273,-5.601669,-19.615515,23.507133,6.277572e-06,salt2,xmm-lss,lsst,
xmm-lss,2738,20.0,2128.16,216.8163239211456,150.0,0.74975,-0.27,-0.023,61901.875,35.12194,-5.4847507,-19.310287,24.081427,3.6989127e-06,salt2,xmm-lss,lsst,
xmm-lss,2743,20.0,2309.28,218.92407425136838,150.0,0.73295,-0.415,0.048,61901.355,34.700615,-5.656101,-19.144592,24.186977,3.356247e-06,salt2,xmm-lss,lsst,
xmm-lss,2753,20.0,1901.76,224.39552260526128,150.0,0.65825,-2.335,0.007,61899.207,34.02412,-5.4821243,-18.903414,24.143667,3.4928344e-06,salt2,xmm-lss,lsst,
xmm-lss,2824,20.0,1426.32,278.9264675690792,150.0,0.69685,0.985,0.072,61900.28,36.327328,-3.382379,-19.127293,24.070435,3.736549e-06,salt2,xmm-lss,lsst,
xmm-lss,2835,20.0,520.72,264.6160474817052,150.0,0.39735,0.68,-0.051,61893.965,34.155308,-4.5836396,-19.813759,21.920666,2.7063168e-05,salt2,xmm-lss,lsst,
chandra-south,fieldcalib,,,,1020.0,,,,,,,,,,,,lsst,
chandra-south,26,20.0,452.8,863.940113816268,150.0,0.39585,0.895,-0.128,61893.945,53.757366,-26.774809,-19.7212,22.00356,2.507387e-05,salt2,chandra-south,lsst,
chandra-south,32,20.0,271.68,255.18777230898797,150.0,0.22095,-0.285,0.061,61892.39,53.045456,-28.735828,-19.19094,21.077745,5.8822923e-05,salt2,chandra-south,lsst,
chandra-south,106,20.0,1901.76,239.16633544322406,150.0,0.78545,0.915,-0.065,61903.023,53.588005,-27.473646,-19.742546,23.77278,4.9151026e-06,salt2,chandra-south,lsst,
chandra-south,114,20.0,2309.28,244.0614401324712,150.0,0.70265,-1.015,0.064,61900.45,51.85539,-27.18134,-19.201944,24.017729,3.9224146e-06,salt2,chandra-south,lsst,
chandra-south,170,20.0,1267.8400000000001,273.606063982114,150.0,0.52455,0.665,0.283,61896.07,53.48414,-29.675144,-18.567204,23.884157,4.4359e-06,salt2,chandra-south,lsst,
chandra-south,187,20.0,701.84,223.8741559628471,150.0,0.38845,0.42,0.179,61893.848,52.883785,-29.252312,-18.924122,22.75246,1.257941e-05,salt2,chandra-south,lsst,
chandra-south,188,20.0,588.64,249.0570041398301,150.0,0.41905,-0.405,-0.016,61894.26,54.564457,-28.239378,-19.4802,22.390383,1.7558663e-05,salt2,chandra-south,lsst,
chandra-south,205,20.0,996.1600000000001,239.4058280969862,150.0,0.57495,-1.445,-0.106,61897.145,53.247566,-27.535019,-19.362114,23.329027,7.3966294e-06,salt2,chandra-south,lsst,
chandra-south,226,20.0,882.96,227.25095239228767,150.0,0.51735,-0.685,0.001,61895.93,54.173782,-27.570395,-19.323465,23.091892,9.2021155e-06,salt2,chandra-south,lsst,
chandra-south,259,20.0,792.4,262.3205749827077,150.0,0.50675,0.335,0.045,61895.727,51.707405,-28.522402,-19.203627,23.157862,8.659639e-06,salt2,chandra-south,lsst,
chandra-south,273,20.0,407.52,218.5597991805297,150.0,0.30975,-0.08,0.014,61893.0,52.197784,-28.451168,-19.43187,21.6722,3.4022396e-05,salt2,chandra-south,lsst,
chandra-south,291,20.0,1811.2,232.9519951527141,150.0,0.64775,-1.45,0.06,61898.926,53.419365,-28.423855,-18.968563,24.036083,3.8566627e-06,salt2,chandra-south,lsst,
chandra-south,310,20.0,566.0,233.2469718021698,150.0,0.33975,-1.525,0.066,61893.285,52.222477,-28.70282,-18.863144,22.473465,1.626517e-05,salt2,chandra-south,lsst,
chandra-south,348,20.0,701.84,262.4107674477565,150.0,0.49245,0.405,-0.046,61895.46,53.509216,-26.613678,-19.502861,22.784266,1.2216277e-05,salt2,chandra-south,lsst,
chandra-south,351,20.0,996.1600000000001,244.50327027696605,150.0,0.53265,0.15,0.104,61896.234,54.47342,-27.948635,-18.844795,23.646523,5.5212327e-06,salt2,chandra-south,lsst,
chandra-south,362,20.0,2309.28,268.7162423323829,150.0,0.76545,-1.225,-0.077,61902.375,51.55064,-27.342117,-19.37516,24.0716,3.7325435e-06,salt2,chandra-south,lsst,
chandra-south,393,20.0,724.48,276.51578843229277,150.0,0.45015,0.02,0.074,61894.734,54.523335,-28.808262,-19.101746,22.953005,1.0457858e-05,salt2,chandra-south,lsst,
chandra-south,402,20.0,2309.28,269.09655075289766,150.0,0.78005,1.045,0.033,61902.848,51.51852,-28.361858,-19.404102,24.092878,3.6601018e-06,salt2,chandra-south,lsst,
chandra-south,434,20.0,1267.8400000000001,275.7158785215571,150.0,0.60685,-1.895,-0.065,61897.89,54.72185,-27.464846,-19.305609,23.527275,6.1621854e-06,salt2,chandra-south,lsst,
chandra-south,532,20.0,792.4,264.71559030510195,150.0,0.50405,0.99,0.102,61895.676,51.932613,-27.303753,-19.185612,23.16199,8.626789e-06,salt2,chandra-south,lsst,
chandra-south,547,20.0,1086.72,219.79389479246123,150.0,0.56245,0.43,0.155,61896.867,52.043972,-27.785267,-18.934679,23.69889,5.2612454e-06,salt2,chandra-south,lsst,
chandra-south,555,20.0,588.64,257.7162046568036,150.0,0.47905,0.76,-0.066,61895.22,54.259842,-26.868002,-19.655907,22.559685,1.5023484e-05,salt2,chandra-south,lsst,
chandra-south,659,20.0,2445.12,259.8940810189357,150.0,0.78935,-1.325,-0.096,61903.156,53.94102,-29.118704,-19.459135,24.069366,3.7402276e-06,salt2,chandra-south,lsst,
chandra-south,673,20.0,2445.12,235.892686149521,150.0,0.71525,0.145,0.148,61900.82,53.82036,-27.918562,-18.97098,24.295774,3.0362314e-06,salt2,chandra-south,lsst,
chandra-south,685,20.0,2309.28,232.60285009681826,150.0,0.73485,-0.535,0.029,61901.41,53.147686,-28.796743,-19.049265,24.289171,3.0547546e-06,salt2,chandra-south,lsst,
chandra-south,733,20.0,384.88,233.25777977055432,150.0,0.32785,-0.23,-0.096,61893.168,54.00251,-28.010273,-19.735798,21.510921,3.947079e-05,salt2,chandra-south,lsst,
chandra-south,735,20.0,1426.32,255.56640682959127,150.0,0.70425,0.765,-0.005,61900.496,52.072952,-26.83613,-19.480185,23.74551,5.040116e-06,salt2,chandra-south,lsst,
chandra-south,744,20.0,2128.16,235.19413928328365,150.0,0.74595,0.69,0.03,61901.754,51.287266,-27.779848,-19.435276,23.942947,4.2020934e-06,salt2,chandra-south,lsst,
chandra-south,746,20.0,792.4,251.87148484067643,150.0,0.44235,-2.09,0.029,61894.613,53.14647,-26.81585,-18.959017,23.05068,9.558129e-06,salt2,chandra-south,lsst,
chandra-south,765,20.0,882.96,263.65255622180155,150.0,0.58455,0.14,-0.105,61897.363,52.858444,-29.237303,-19.624214,23.110346,9.047035e-06,salt2,chandra-south,lsst,
chandra-south,812,20.0,1901.76,239.9830109159393,150.0,0.74865,0.23,-0.047,61901.84,54.334114,-28.732431,-19.352262,24.035553,3.8585454e-06,salt2,chandra-south,lsst,
chandra-south,813,20.0,656.5600000000001,230.38218429108971,150.0,0.41125,0.355,0.107,61894.152,53.239124,-28.768116,-18.94571,22.876698,1.1219295e-05,salt2,chandra-south,lsst,
chandra-south,824,20.0,747.12,224.02628468570182,150.0,0.49815,-1.15,-0.053,61895.562,52.619236,-28.362267,-19.249887,23.067118,9.414504e-06,salt2,chandra-south,lsst,
chandra-south,830,20.0,1901.76,231.5769189650135,150.0,0.69695,-1.405,-0.039,61900.285,52.727863,-29.371391,-19.414831,23.783276,4.8678185e-06,salt2,chandra-south,lsst,
chandra-south,863,20.0,1901.76,256.73388243791237,150.0,0.65525,1.095,0.209,61899.125,51.318836,-27.640383,-18.653135,24.381887,2.8047225e-06,salt2,chandra-south,lsst,
chandra-south,882,20.0,305.64,271.5027203640077,150.0,0.23615,-0.575,0.012,61892.47,54.27462,-28.614248,-19.0593,21.372145,4.4852542e-05,salt2,chandra-south,lsst,
chandra-south,883,20.0,588.64,224.8067322007069,150.0,0.48955,1.17,-0.09,61895.406,54.49668,-27.927935,-19.530424,22.741377,1.2708499e-05,salt2,chandra-south,lsst,
chandra-south,953,20.0,1426.32,241.2147088106255,150.0,0.71435,0.955,0.024,61900.793,53.663277,-26.692192,-19.312168,23.95125,4.1700823e-06,salt2,chandra-south,lsst,
chandra-south,960,20.0,1448.96,238.81599595202215,150.0,0.63695,-1.11,0.077,61898.645,54.026443,-27.986948,-18.909332,24.05098,3.8041094e-06,salt2,chandra-south,lsst,
chandra-south,988,20.0,1426.32,263.07131286318247,150.0,0.66545,-1.23,-0.049,61899.402,51.300667,-27.910902,-19.286125,23.789682,4.8391776e-06,salt2,chandra-south,lsst,
chandra-south,994,20.0,158.48000000000002,244.16282090743906,150.0,0.12355,-2.2,0.169,61892.074,52.804638,-27.0808,-18.525866,20.35388,0.00011457575,salt2,chandra-south,lsst,
chandra-south,1022,20.0,656.5600000000001,252.60939808060158,150.0,0.47655,-0.04,-0.067,61895.176,53.555294,-28.909903,-19.459246,22.742796,1.2691898e-05,salt2,chandra-south,lsst,
chandra-south,1032,20.0,882.96,260.9063918344375,150.0,0.50205,-0.705,0.089,61895.637,53.21198,-26.616846,-18.98254,23.354727,7.2236066e-06,salt2,chandra-south,lsst,
chandra-south,1053,20.0,1109.3600000000001,272.35776729053174,150.0,0.63955,0.15,-0.019,61898.71,52.38955,-29.34222,-19.314026,23.657024,5.4680822e-06,salt2,chandra-south,lsst,
chandra-south,1060,20.0,2445.12,217.68238623505385,150.0,0.78605,-0.225,-0.026,61903.047,52.840683,-29.40411,-19.40938,24.107979,3.6095528e-06,salt2,chandra-south,lsst,
chandra-south,1078,20.0,1901.76,243.08129605282954,150.0,0.73845,1.41,0.052,61901.523,52.4101,-27.928381,-19.366611,23.98479,4.0432274e-06,salt2,chandra-south,lsst,
chandra-south,1156,20.0,701.84,224.26765729917747,150.0,0.45715,0.665,0.054,61894.848,52.060974,-27.311886,-19.099989,22.994583,1.0064951e-05,salt2,chandra-south,lsst,
chandra-south,1170,20.0,1064.08,251.4169563264344,150.0,0.63405,0.865,0.015,61898.57,54.18993,-27.263178,-19.433928,23.514359,6.235931e-06,salt2,chandra-south,lsst,
chandra-south,1212,20.0,1426.32,263.9449213247924,150.0,0.71175,1.015,-0.014,61900.72,51.93434,-28.685703,-19.44693,23.806828,4.763366e-06,salt2,chandra-south,lsst,
chandra-south,1217,20.0,1064.08,248.5573057501445,150.0,0.65065,0.105,-0.075,61899.004,53.905273,-29.059582,-19.576324,23.440107,6.67731e-06,salt2,chandra-south,lsst,
chandra-south,1429,20.0,362.24,269.4128513264217,150.0,0.27995,0.945,0.066,61892.754,51.411716,-27.50561,-19.246548,21.60503,3.619368e-05,salt2,chandra-south,lsst,
chandra-south,1431,20.0,2128.16,264.40875815925483,150.0,0.77675,-0.08,-0.054,61902.74,53.05403,-29.508093,-19.456059,24.029652,3.8795756e-06,salt2,chandra-south,lsst,
chandra-south,1489,20.0,2399.84,268.95882225565424,150.0,0.61885,-2.99,0.142,61898.188,53.87552,-26.938187,-18.567703,24.316685,2.9783184e-06,salt2,chandra-south,lsst,
chandra-south,1492,20.0,1765.92,280.9159838748381,150.0,0.74175,-0.01,-0.077,61901.625,52.1714,-29.764753,-19.496838,23.8664,4.5090496e-06,salt2,chandra-south,lsst,
chandra-south,1558,20.0,1064.08,282.2310748767688,150.0,0.62135,0.68,0.015,61898.25,54.864857,-27.522457,-19.289045,23.605953,5.731438e-06,salt2,chandra-south,lsst,
chandra-south,1729,20.0,1041.44,221.13954755546203,150.0,0.59525,0.515,-0.001,61897.613,54.245167,-27.481905,-19.355963,23.426208,6.7633387e-06,salt2,chandra-south,lsst,
chandra-south,1755,20.0,2128.16,244.39378926128686,150.0,0.62865,-1.345,0.158,61898.434,52.63254,-28.165361,-18.549799,24.375954,2.8200916e-06,salt2,chandra-south,lsst,
chandra-south,1780,20.0,701.84,219.98707368987925,150.0,0.53735,0.33,-0.149,61896.332,52.925262,-28.59404,-19.726013,22.788227,1.21717685e-05,salt2,chandra-south,lsst,
chandra-south,1809,20.0,2445.12,248.7999316342172,150.0,0.77055,-1.405,-0.024,61902.54,54.639526,-27.660666,-19.286058,24.178349,3.3830274e-06,salt2,chandra-south,lsst,
chandra-south,1858,20.0,2897.92,261.0730496527882,150.0,0.76755,-1.19,0.027,61902.44,52.49405,-29.009314,-18.973864,24.480177,2.5619702e-06,salt2,chandra-south,lsst,
chandra-south,1907,20.0,588.64,248.1905436058988,150.0,0.45065,-0.455,-0.092,61894.742,52.63813,-27.26424,-19.61923,22.438385,1.6799284e-05,salt2,chandra-south,lsst,
chandra-south,1915,20.0,2445.12,228.54366470860435,150.0,0.78255,1.425,0.127,61902.93,51.699722,-27.545233,-19.04572,24.45977,2.6105756e-06,salt2,chandra-south,lsst,
chandra-south,1955,20.0,996.1600000000001,250.23700590293794,150.0,0.54155,-0.14,0.054,61896.418,53.0838,-28.923693,-18.910963,23.623606,5.6390086e-06,salt2,chandra-south,lsst,
chandra-south,1999,20.0,747.12,255.27382634247132,150.0,0.50785,-0.345,-0.032,61895.746,51.81641,-27.189507,-19.507368,22.85976,1.1395696e-05,salt2,chandra-south,lsst,
chandra-south,2022,20.0,1358.4,254.1930794215118,150.0,0.58315,-0.845,0.11,61897.332,53.747555,-28.25759,-18.886639,23.841633,4.613085e-06,salt2,chandra-south,lsst,
chandra-south,2077,20.0,328.28000000000003,215.16574007027864,150.0,0.24965,-0.835,0.025,61892.547,53.84487,-27.984274,-19.19997,21.368126,4.5018813e-05,salt2,chandra-south,lsst,
chandra-south,2087,20.0,724.48,234.7879938984824,150.0,0.49815,0.385,-0.029,61895.566,54.926655,-27.337732,-19.573301,22.743704,1.2681279e-05,salt2,chandra-south,lsst,
chandra-south,2185,20.0,882.96,286.014146187792,150.0,0.53305,0.19,0.05,61896.242,52.074272,-29.67293,-19.078104,23.41517,6.8324484e-06,salt2,chandra-south,lsst,
chandra-south,2227,20.0,215.08,273.0214366429289,150.0,0.20505,0.305,-0.048,61892.316,52.31082,-26.83069,-19.591337,20.49564,0.000100551624,salt2,chandra-south,lsst,
chandra-south,2287,20.0,1448.96,238.71972822869424,150.0,0.72375,0.23,-0.032,61901.08,53.536625,-27.592752,-19.341303,23.956766,4.148948e-06,salt2,chandra-south,lsst,
chandra-south,2364,20.0,2897.92,226.04236944262527,150.0,0.76275,-0.155,0.149,61902.285,52.86838,-27.104786,-18.961964,24.475407,2.573251e-06,salt2,chandra-south,lsst,
chandra-south,2366,20.0,2128.16,214.66320038556478,150.0,0.73665,0.4,0.067,61901.47,52.58761,-27.190727,-19.031744,24.313185,2.9879336e-06,salt2,chandra-south,lsst,
chandra-south,2388,20.0,1064.08,240.0234716587551,150.0,0.63445,1.2,-0.008,61898.582,52.68988,-28.575617,-19.361923,23.588026,5.8268606e-06,salt2,chandra-south,lsst,
chandra-south,2392,20.0,384.88,249.45221371954207,150.0,0.29585,1.675,0.134,61892.88,54.743027,-28.688599,-19.257578,21.731636,3.2209995e-05,salt2,chandra-south,lsst,
chandra-south,2407,20.0,1064.08,259.42881437520896,150.0,0.56605,-0.35,0.056,61896.945,52.298775,-29.38515,-19.017319,23.632954,5.5906658e-06,salt2,chandra-south,lsst,
chandra-south,2414,20.0,475.44,246.9081802057455,150.0,0.30775,0.78,0.189,61892.98,51.748642,-27.76267,-18.736904,22.350935,1.8208353e-05,salt2,chandra-south,lsst,
chandra-south,2510,20.0,1267.8400000000001,234.13424353905611,150.0,0.54955,-1.155,0.143,61896.586,51.821316,-28.887758,-18.597591,23.97529,4.078767e-06,salt2,chandra-south,lsst,
chandra-south,2515,20.0,2128.16,243.90882802924256,150.0,0.71805,-0.59,0.038,61900.906,53.1569,-27.861738,-19.116785,24.160324,3.4396558e-06,salt2,chandra-south,lsst,
chandra-south,2542,20.0,792.4,246.46679798905072,150.0,0.43615,-0.19,0.152,61894.516,51.414173,-27.219633,-18.884207,23.089148,9.225413e-06,salt2,chandra-south,lsst,
chandra-south,2560,20.0,724.48,258.9700149063794,150.0,0.38715,-0.315,0.167,61893.832,53.89216,-27.566696,-18.831375,22.836655,1.1640795e-05,salt2,chandra-south,lsst,
chandra-south,2592,20.0,588.64,231.28790463351302,150.0,0.43555,0.825,0.015,61894.508,52.763535,-27.546236,-19.442371,22.527441,1.5476338e-05,salt2,chandra-south,lsst,
chandra-south,2608,20.0,452.8,225.62458524165336,150.0,0.36435,-0.915,-0.18,61893.555,53.515366,-27.89171,-19.711365,21.802217,3.0182671e-05,salt2,chandra-south,lsst,
chandra-south,2629,20.0,2309.28,240.97979444477667,150.0,0.78835,0.48,-0.011,61903.12,51.969467,-28.32319,-19.245478,24.279652,3.0816532e-06,salt2,chandra-south,lsst,
chandra-south,2645,20.0,882.96,231.98891408900823,150.0,0.55605,1.02,0.017,61896.727,52.406292,-29.28142,-19.466053,23.137571,8.822993e-06,salt2,chandra-south,lsst,
chandra-south,2735,20.0,1901.76,266.3948258562292,150.0,0.79045,0.575,-0.087,61903.19,54.710316,-27.720879,-19.783323,23.748882,5.0244885e-06,salt2,chandra-south,lsst,
chandra-south,2786,20.0,656.5600000000001,244.70651969654458,150.0,0.40505,-0.815,0.03,61894.066,53.354267,-26.676626,-18.997835,22.785673,1.2200439e-05,salt2,chandra-south,lsst,
chandra-south,2788,20.0,588.64,244.37239327524088,150.0,0.45595,1.2,0.015,61894.83,55.019306,-27.21989,-19.322954,22.764832,1.24368935e-05,salt2,chandra-south,lsst,
chandra-south,2816,20.0,2445.12,217.46274339901007,150.0,0.73505,0.225,0.098,61901.418,54.95009,-27.603245,-19.061638,24.277521,3.0877095e-06,salt2,chandra-south,lsst,
chandra-south,2841,20.0,1064.08,277.3817971422162,150.0,0.62695,1.935,0.086,61898.39,51.547955,-28.060776,-19.199125,23.719498,5.1623333e-06,salt2,chandra-south,lsst,
cosmos,fieldcalib,,,,1020.0,,,,,,,,,,,,lsst,
cosmos,28,20.0,724.48,2427.7873320970284,150.0,0.26695,1.03,0.631,61892.66,150.22755,1.4101406,-17.52007,23.213524,8.226886e-06,salt2,cosmos,lsst,
cosmos,42,20.0,1426.32,264.6400878243553,150.0,0.56305,-2.095,0.1,61896.88,149.32042,3.7170653,-18.811459,23.824902,4.6847267e-06,salt2,cosmos,lsst,
cosmos,82,20.0,543.36,256.3724347890666,150.0,0.36335,-0.24,0.016,61893.543,148.51038,1.7659634,-19.103798,22.40281,1.7358854e-05,salt2,cosmos,lsst,
cosmos,97,20.0,1064.08,249.0681606268799,150.0,0.66365,0.3,-0.103,61899.355,150.2946,1.6305333,-19.687107,23.381548,7.047349e-06,salt2,cosmos,lsst,
cosmos,112,20.0,543.36,226.4876852489271,150.0,0.41065,1.22,-0.01,61894.145,149.50809,1.5757624,-19.622782,22.195887,2.1003432e-05,salt2,cosmos,lsst,
cosmos,149,20.0,724.48,248.6739495665041,150.0,0.45915,-0.285,0.008,61894.883,150.78906,2.7998483,-19.080824,23.02502,9.786707e-06,salt2,cosmos,lsst,
cosmos,160,20.0,1426.32,242.045353342179,150.0,0.71225,1.68,0.081,61900.73,151.40886,1.4585178,-19.288473,23.967144,4.1094836e-06,salt2,cosmos,lsst,
cosmos,181,20.0,566.0,271.73442316535005,150.0,0.35595,-0.6,0.069,61893.46,149.93254,3.8303099,-19.09829,22.356136,1.8121324e-05,salt2,cosmos,lsst,
cosmos,195,20.0,1811.2,249.41106059620918,150.0,0.72075,-0.155,-0.027,61900.984,151.10703,2.4597673,-19.200846,24.086212,3.682645e-06,salt2,cosmos,lsst,
cosmos,202,20.0,1358.4,230.80937129169996,150.0,0.57495,0.565,0.22,61897.145,151.4975,1.561257,-18.796007,23.895134,4.391283e-06,salt2,cosmos,lsst,
cosmos,320,20.0,1901.76,235.75803186119188,150.0,0.71535,-0.94,-0.031,61900.824,150.31857,1.341552,-19.332178,23.934946,4.2331762e-06,salt2,cosmos,lsst,
cosmos,322,20.0,2309.28,254.01768626301632,150.0,0.73445,0.485,0.088,61901.402,151.10178,3.1906486,-18.965328,24.371664,2.831256e-06,salt2,cosmos,lsst,
cosmos,323,20.0,2128.16,245.89606548644915,150.0,0.71795,-1.07,-0.015,61900.902,149.56732,3.7991133,-19.239548,24.037193,3.8527223e-06,salt2,cosmos,lsst,
cosmos,361,20.0,452.8,236.77408159457528,150.0,0.37435,0.905,-0.099,61893.676,148.7917,2.8256438,-19.784214,21.798178,3.029518e-05,salt2,cosmos,lsst,
cosmos,369,20.0,1901.76,226.80892936206607,150.0,0.67665,1.095,0.176,61899.71,149.35829,2.2569892,-18.97905,24.140863,3.5018659e-06,salt2,cosmos,lsst,
cosmos,385,20.0,724.48,242.03458715989942,150.0,0.43495,-2.255,-0.031,61894.5,150.74127,1.736356,-19.228445,22.737822,1.2750182e-05,salt2,cosmos,lsst,
cosmos,397,20.0,1267.8400000000001,229.60083920600087,150.0,0.64245,-1.005,-0.073,61898.79,150.50537,0.84084517,-19.209818,23.77316,4.91338e-06,salt2,cosmos,lsst,
cosmos,412,20.0,1064.08,219.4915902239909,150.0,0.60855,0.08,-0.02,61897.934,150.58717,1.3119369,-19.492123,23.348116,7.2677285e-06,salt2,cosmos,lsst,
cosmos,425,20.0,566.0,234.9724291978578,150.0,0.34225,-1.795,0.071,61893.312,150.73843,2.4661205,-18.913818,22.441305,1.6754162e-05,salt2,cosmos,lsst,
cosmos,437,20.0,996.1600000000001,238.54929265629448,150.0,0.45215,0.025,0.27,61894.77,150.68782,1.1445676,-18.384354,23.681833,5.3445515e-06,salt2,cosmos,lsst,
cosmos,453,20.0,724.48,269.3080292517433,150.0,0.43045,-0.03,0.139,61894.43,149.11543,3.322337,-18.759584,23.179934,8.485376e-06,salt2,cosmos,lsst,
cosmos,472,20.0,792.4,269.0078639633328,150.0,0.41095,0.21,0.264,61894.15,151.48868,2.0893493,-18.435865,23.384672,7.027097e-06,salt2,cosmos,lsst,
cosmos,478,20.0,1901.76,269.2247257992683,150.0,0.70795,-0.075,0.047,61900.605,149.19197,3.478255,-18.994698,24.244877,3.1819538e-06,salt2,cosmos,lsst,
cosmos,498,20.0,384.88,275.884122104257,150.0,0.32925,0.88,-0.067,61893.18,149.74748,0.5537722,-19.677752,21.5797,3.7048005e-05,salt2,cosmos,lsst,
cosmos,586,20.0,656.5600000000001,261.8727645777898,150.0,0.46545,1.7,0.045,61894.99,151.44308,2.1899452,-19.47514,22.665922,1.3623107e-05,salt2,cosmos,lsst,
cosmos,631,20.0,2445.12,239.59586515273415,150.0,0.70795,0.605,0.18,61900.605,150.68694,3.3316307,-18.842445,24.39713,2.7656254e-06,salt2,cosmos,lsst,
cosmos,689,20.0,724.48,231.41620114854814,150.0,0.50695,1.005,0.007,61895.73,150.96397,2.3639333,-19.549276,22.813238,1.1894586e-05,salt2,cosmos,lsst,
cosmos,690,20.0,1811.2,249.17752860510504,150.0,0.77095,0.49,-0.081,61902.55,149.17094,2.2821484,-19.619642,23.846144,4.5939582e-06,salt2,cosmos,lsst,
cosmos,708,20.0,2128.16,258.71719010514175,150.0,0.69105,-0.23,0.092,61900.117,151.31195,1.705311,-18.883528,24.29208,3.0465822e-06,salt2,cosmos,lsst,
cosmos,724,20.0,1901.76,225.00113776229253,150.0,0.74265,0.64,0.003,61901.652,151.32838,2.4273722,-19.438597,23.927858,4.2609013e-06,salt2,cosmos,lsst,
cosmos,747,20.0,2128.16,231.91826262872456,150.0,0.77155,0.325,-0.006,61902.57,150.75,1.576399,-19.269201,24.198652,3.320348e-06,salt2,cosmos,lsst,
cosmos,766,20.0,1086.72,236.41685107560374,150.0,0.56985,-1.77,0.006,61897.03,151.75873,2.2776208,-19.238455,23.42934,6.7438664e-06,salt2,cosmos,lsst,
cosmos,770,20.0,384.88,265.29922288417,150.0,0.27335,0.605,0.092,61892.707,149.5535,3.4768064,-18.94638,21.845942,2.8991344e-05,salt2,cosmos,lsst,
cosmos,790,20.0,1901.76,259.59155697433147,150.0,0.76805,0.725,-0.035,61902.457,150.11568,1.2930466,-19.575397,23.880373,4.451392e-06,salt2,cosmos,lsst,
cosmos,837,20.0,588.64,259.6666184404164,150.0,0.45475,0.855,-0.018,61894.81,149.41313,3.439347,-19.490112,22.59087,1.4598114e-05,salt2,cosmos,lsst,
cosmos,862,20.0,2445.12,269.37116217463455,150.0,0.71995,-2.27,-0.011,61900.96,149.15762,0.76336604,-19.143623,24.14049,3.503068e-06,salt2,cosmos,lsst,
cosmos,868,20.0,124.52000000000001,256.9852844938937,150.0,0.14545,0.025,-0.091,61892.117,149.00598,2.897348,-19.544188,19.719908,0.00020543847,salt2,cosmos,lsst,
cosmos,906,20.0,475.44,279.0270224973651,150.0,0.37265,0.245,-0.049,61893.652,151.68906,1.3097634,-19.412004,22.15881,2.1733073e-05,salt2,cosmos,lsst,
cosmos,935,20.0,656.5600000000001,259.7538027651352,150.0,0.38085,-0.095,0.15,61893.754,149.44576,1.6057434,-18.710062,22.916151,1.0818938e-05,salt2,cosmos,lsst,
cosmos,992,20.0,2897.92,240.19190082227075,150.0,0.69845,-2.41,0.087,61900.33,150.8368,1.7217829,-18.774868,24.42893,2.6857938e-06,salt2,cosmos,lsst,
cosmos,1049,20.0,656.5600000000001,247.73395329647346,150.0,0.41075,-1.22,-0.006,61894.145,150.59073,3.4336855,-19.140976,22.678316,1.3468481e-05,salt2,cosmos,lsst,
cosmos,1106,20.0,1064.08,216.51089146529367,150.0,0.64145,0.295,-0.054,61898.76,150.274,3.2929845,-19.508722,23.47015,6.495089e-06,salt2,cosmos,lsst,
cosmos,1131,20.0,2128.16,216.08792672278662,150.0,0.77835,-0.05,-0.072,61902.793,150.43651,3.577298,-19.569181,23.922,4.2839533e-06,salt2,cosmos,lsst,
cosmos,1190,20.0,1403.68,276.47773086016275,150.0,0.60695,-1.77,0.007,61897.895,150.52786,0.5756847,-19.127375,23.70594,5.227191e-06,salt2,cosmos,lsst,
cosmos,1218,20.0,1901.76,275.48122002428266,150.0,0.73495,1.43,0.054,61901.418,149.40776,3.314634,-19.221117,24.117682,3.5774378e-06,salt2,cosmos,lsst,
cosmos,1230,20.0,294.32,258.9402193725073,150.0,0.23315,1.225,0.101,61892.453,150.16898,1.2226299,-19.205153,21.194948,5.280379e-05,salt2,cosmos,lsst,
cosmos,1274,20.0,1267.8400000000001,227.21548830760796,150.0,0.52785,0.34,0.256,61896.14,149.63913,0.5962719,-18.647888,23.81982,4.7066997e-06,salt2,cosmos,lsst,
cosmos,1494,20.0,1064.08,257.9615388096174,150.0,0.56485,0.365,0.105,61896.918,151.61209,1.5304253,-19.078382,23.566332,5.9444524e-06,salt2,cosmos,lsst,
cosmos,1524,20.0,1267.8400000000001,258.57786814064804,150.0,0.57795,0.54,0.168,61897.215,149.42374,1.845088,-18.75816,23.946623,4.187892e-06,salt2,cosmos,lsst,
cosmos,1528,20.0,1811.2,231.57201728717087,150.0,0.77465,1.055,-0.07,61902.67,148.42053,1.9922327,-19.528103,23.950409,4.173314e-06,salt2,cosmos,lsst,
cosmos,1556,20.0,1041.44,257.76884936041006,150.0,0.58175,-0.13,-0.007,61897.3,150.57841,1.7183167,-19.364677,23.357288,7.2065777e-06,salt2,cosmos,lsst,
cosmos,1591,20.0,1358.4,251.98252463322552,150.0,0.71075,0.145,-0.11,61900.688,148.9913,2.796573,-19.82186,23.428171,6.7511214e-06,salt2,cosmos,lsst,
cosmos,1592,20.0,2897.92,226.96420533500998,150.0,0.74675,-2.34,-0.026,61901.78,149.71196,2.4270082,-18.954483,24.426584,2.6916016e-06,salt2,cosmos,lsst,
cosmos,1598,20.0,1765.92,229.3204100545092,150.0,0.65935,-0.545,0.069,61899.24,149.73401,1.5136536,-18.926565,24.124924,3.5536525e-06,salt2,cosmos,lsst,
cosmos,1603,20.0,1901.76,214.6635233862859,150.0,0.69295,0.645,0.111,61900.168,149.73105,1.7778605,-18.989164,24.193708,3.3355027e-06,salt2,cosmos,lsst,
cosmos,1615,20.0,1426.32,216.34243057727866,150.0,0.59175,-0.17,0.182,61897.53,149.54668,1.4937979,-18.75858,24.008108,3.9573247e-06,salt2,cosmos,lsst,
cosmos,1686,20.0,2445.12,256.29869675366024,150.0,0.74935,-0.56,0.052,61901.863,149.32887,3.5914807,-18.931993,24.458303,2.6141074e-06,salt2,cosmos,lsst,
cosmos,1698,20.0,792.4,275.7884738222706,150.0,0.53285,-0.165,-0.048,61896.24,149.67128,0.63877434,-19.41547,23.076826,9.3307e-06,salt2,cosmos,lsst,
cosmos,1723,20.0,566.0,256.7750250369611,150.0,0.42035,-0.06,-0.068,61894.28,150.42732,2.6302555,-19.639637,22.238894,2.0187706e-05,salt2,cosmos,lsst,
cosmos,1724,20.0,158.48000000000002,229.1154396951389,150.0,0.16795,-0.86,-0.104,61892.176,149.78581,3.268808,-19.552992,20.05331,0.00015111956,salt2,cosmos,lsst,
cosmos,1741,20.0,1154.64,264.43473919438014,150.0,0.59615,-0.985,0.02,61897.637,150.96907,1.1008313,-19.167215,23.618923,5.663375e-06,salt2,cosmos,lsst,
cosmos,1752,20.0,1109.3600000000001,263.15568732674404,150.0,0.72575,1.185,-0.139,61901.133,149.61131,3.09595,-19.893719,23.411669,6.8545282e-06,salt2,cosmos,lsst,
cosmos,1836,20.0,2897.92,209.93083461619997,150.0,0.79675,-1.235,-0.043,61903.402,149.60182,3.0422456,-19.292343,24.260983,3.1351003e-06,salt2,cosmos,lsst,
cosmos,1847,20.0,724.48,227.5467810437187,150.0,0.55675,0.795,-0.094,61896.742,148.83159,2.7173972,-19.827362,22.779554,1.2269397e-05,salt2,cosmos,lsst,
cosmos,1916,20.0,882.96,220.84416145077395,150.0,0.59705,0.43,-0.101,61897.656,148.65256,2.2099302,-19.782143,23.00796,9.941705e-06,salt2,cosmos,lsst,
cosmos,1921,20.0,1064.08,267.835735495628,150.0,0.67485,1.26,-0.046,61899.66,151.02109,3.3361275,-19.638397,23.474476,6.469262e-06,salt2,cosmos,lsst,
cosmos,1931,20.0,1901.76,224.4170121607642,150.0,0.65215,-1.95,0.023,61899.043,150.3519,3.5329032,-18.78555,24.23696,3.2052458e-06,salt2,cosmos,lsst,
cosmos,1983,20.0,996.1600000000001,224.7869356299808,150.0,0.54755,-0.75,0.008,61896.543,149.85011,3.025892,-18.9084,23.654953,5.478525e-06,salt2,cosmos,lsst,
cosmos,1998,20.0,1041.44,248.42636823145392,150.0,0.56715,-0.23,0.017,61896.97,151.60277,2.8405771,-19.281118,23.374239,7.0949523e-06,salt2,cosmos,lsst,
cosmos,2073,20.0,2128.16,261.3933733659752,150.0,0.72315,0.54,0.085,61901.06,149.36087,3.5039039,-19.250357,24.045513,3.8233084e-06,salt2,cosmos,lsst,
cosmos,2080,20.0,1109.3600000000001,272.48604650071957,150.0,0.64005,-1.07,-0.095,61898.727,151.10632,1.2799054,-19.457314,23.515797,6.227673e-06,salt2,cosmos,lsst,
cosmos,2090,20.0,1426.32,251.52888758592223,150.0,0.61695,-1.67,0.074,61898.14,150.74118,3.142102,-18.653708,24.22259,3.2479497e-06,salt2,cosmos,lsst,
cosmos,2123,20.0,2128.16,219.89213029915604,150.0,0.71225,-0.625,0.016,61900.73,151.03262,3.5436645,-19.17494,24.080677,3.7014665e-06,salt2,cosmos,lsst,
cosmos,2143,20.0,882.96,262.20777416790577,150.0,0.49245,-1.87,0.002,61895.457,149.8299,1.4999317,-19.23078,23.056347,9.508367e-06,salt2,cosmos,lsst,
cosmos,2167,20.0,882.96,212.77590831053368,150.0,0.51015,-0.7,0.028,61895.79,149.97261,1.6106563,-19.137096,23.241785,8.015498e-06,salt2,cosmos,lsst,
cosmos,2235,20.0,656.5600000000001,255.95716720241225,150.0,0.40245,0.415,0.105,61894.03,149.47034,3.643461,-18.916151,22.85088,1.1489276e-05,salt2,cosmos,lsst,
cosmos,2303,20.0,1267.8400000000001,234.08811973772913,150.0,0.61975,1.105,0.115,61898.207,150.51665,3.225751,-19.106607,23.781605,4.875315e-06,salt2,cosmos,lsst,
cosmos,2362,20.0,566.0,235.84551933266482,150.0,0.38815,0.58,0.053,61893.844,151.70082,3.0056906,-19.301386,22.373226,1.783834e-05,salt2,cosmos,lsst,
cosmos,2376,20.0,1901.76,261.34823907004795,150.0,0.72065,0.925,0.057,61900.98,149.38065,2.7380414,-19.254227,24.032463,3.8695393e-06,salt2,cosmos,lsst,
cosmos,2395,20.0,1109.3600000000001,258.60298349314087,150.0,0.47795,-0.285,0.308,61895.2,151.58798,2.5743484,-18.22439,23.985249,4.0415252e-06,salt2,cosmos,lsst,
cosmos,2397,20.0,747.12,231.05484816036488,150.0,0.48495,-0.335,0.023,61895.324,150.79707,3.1718986,-19.19275,23.054564,9.523991e-06,salt2,cosmos,lsst,
cosmos,2443,20.0,407.52,228.09662460423135,150.0,0.27975,-1.085,0.063,61892.754,150.1638,2.5900471,-18.861599,21.988201,2.5431058e-05,salt2,cosmos,lsst,
cosmos,2445,20.0,2897.92,239.74135878399113,150.0,0.78835,-0.62,0.074,61903.12,151.07979,3.6171818,-19.051102,24.474028,2.576519e-06,salt2,cosmos,lsst,
cosmos,2487,20.0,701.84,238.86050966067182,150.0,0.42455,-1.17,0.004,61894.344,150.06598,2.7447717,-19.048061,22.855995,1.1435284e-05,salt2,cosmos,lsst,
cosmos,2496,20.0,1426.32,227.4350891914099,150.0,0.68995,-1.6,-0.116,61900.086,149.33601,3.1417656,-19.376913,23.79448,4.817847e-06,salt2,cosmos,lsst,
cosmos,2569,20.0,1901.76,235.37672147982516,150.0,0.76035,0.42,-0.043,61902.21,150.44998,2.7425573,-19.308733,24.120266,3.568934e-06,salt2,cosmos,lsst,
cosmos,2570,20.0,2445.12,240.04784574756363,150.0,0.73275,-1.595,0.055,61901.348,149.15771,3.256093,-19.07841,24.252436,3.159881e-06,salt2,cosmos,lsst,
cosmos,2599,20.0,2445.12,255.50551913025458,150.0,0.71665,0.845,0.19,61900.863,149.92506,1.3292322,-18.856363,24.415573,2.7190388e-06,salt2,cosmos,lsst,
cosmos,2601,20.0,882.96,256.97862172424095,150.0,0.62095,1.04,-0.092,61898.24,150.29095,3.436827,-19.632328,23.260975,7.875076e-06,salt2,cosmos,lsst,
cosmos,2603,20.0,2128.16,268.7328846141422,150.0,0.75145,-0.605,-0.062,61901.93,150.35754,0.7778062,-19.201252,24.196476,3.3270142e-06,salt2,cosmos,lsst,
cosmos,2709,20.0,2128.16,227.08111239095288,150.0,0.69605,-0.79,0.044,61900.258,149.89008,1.4447492,-19.058823,24.135862,3.5180292e-06,salt2,cosmos,lsst,
cosmos,2721,20.0,1086.72,224.87409455561166,150.0,0.61165,-0.185,0.009,61898.008,149.22417,1.179529,-19.061573,23.792027,4.8287407e-06,salt2,cosmos,lsst,
cosmos,2731,20.0,882.96,220.41054768679626,150.0,0.49365,0.39,0.12,61895.48,149.42336,0.7004204,-18.91053,23.382914,7.0384904e-06,salt2,cosmos,lsst,
cosmos,2732,20.0,384.88,256.05222465855127,150.0,0.37025,0.38,-0.188,61893.625,148.97183,2.7493238,-19.88538,21.669008,3.4122564e-05,salt2,cosmos,lsst,
cosmos,2789,20.0,1426.32,255.37268853020245,150.0,0.66265,1.075,0.107,61899.324,149.81596,0.86134654,-19.217697,23.846975,4.590442e-06,salt2,cosmos,lsst,
cosmos,2845,20.0,747.12,233.9925552765539,150.0,0.46145,-1.78,-0.011,61894.92,150.77397,1.4430727,-18.985159,23.133595,8.855377e-06,salt2,cosmos,lsst,
edfs,fieldcalib,,,,1020.0,,,,,,,,,,,,roman,
edfs,4,20.0,4890.24,2006.8863257705982,150.0,0.95225,-0.665,-0.021,61906.332,299.8606,-47.379684,-19.26033,24.768589,1.9643046e-06,salt2,edfs,roman,
edfs,7,20.0,1064.08,219.48654318347764,150.0,0.63335,-0.38,-0.071,61897.477,299.36087,-47.718266,-19.269808,23.675568,5.3754857e-06,salt2,edfs,roman,
edfs,9,20.0,3735.6000000000004,240.27056713555626,150.0,0.84765,-1.88,-0.01,61903.004,301.02722,-46.893635,-19.320023,24.398247,2.7627764e-06,salt2,edfs,roman,
edfs,11,20.0,1901.76,238.94551954872176,150.0,0.74785,0.625,-0.012,61900.203,301.89807,-48.097656,-19.290348,24.09463,3.654207e-06,salt2,edfs,roman,
edfs,14,20.0,13040.64,248.74952602855598,150.0,1.15275,0.48,0.1,61913.66,299.36014,-47.59946,-19.109673,25.430576,1.0676131e-06,salt2,edfs,roman,
edfs,20,20.0,5795.84,239.3205496460984,150.0,0.96735,-0.76,-0.024,61906.84,301.10474,-46.936672,-19.319975,24.751003,1.9963807e-06,salt2,edfs,roman,
edfs,21,20.0,11591.68,223.6826117218215,150.0,0.94515,0.17,0.399,61906.094,301.07806,-47.600254,-17.939478,26.069439,5.927469e-07,salt2,edfs,roman,
edfs,22,20.0,8693.76,217.0775291371817,150.0,1.15335,0.625,-0.059,61913.684,300.94803,-47.961002,-19.564579,24.977064,1.6211333e-06,salt2,edfs,roman,
edfs,24,20.0,15938.560000000001,237.7242437851554,150.0,1.15025,1.395,0.25,61913.566,299.27103,-47.346416,-18.52666,26.007776,6.273857e-07,salt2,edfs,roman,
edfs,25,20.0,316.96000000000004,224.01556952212604,150.0,0.25535,0.425,0.051,61892.49,299.95267,-46.851273,-19.070084,21.553677,3.7946713e-05,salt2,edfs,roman,
edfs,26,20.0,3871.44,232.98952259500825,150.0,0.88525,-1.035,-0.01,61904.156,300.49408,-47.86304,-19.105116,24.728928,2.0373873e-06,salt2,edfs,roman,
edfs,28,20.0,18836.48,231.2045964259345,150.0,1.23285,-1.695,0.009,61916.89,299.02243,-48.01208,-19.013546,25.706577,8.279685e-07,salt2,edfs,roman,
edfs,30,20.0,50713.6,252.184877872569,150.0,1.44125,0.63,0.199,61925.92,301.86395,-47.730453,-18.771448,26.36653,4.5085054e-07,salt2,edfs,roman,
edfs,35,20.0,2128.16,246.729020277507,150.0,0.67435,0.27,0.186,61898.39,299.36264,-47.85472,-18.786943,24.32397,2.9583969e-06,salt2,edfs,roman,
edfs,41,20.0,11591.68,227.40831479777594,150.0,1.23665,0.015,-0.073,61917.047,299.3911,-47.026043,-19.571308,25.157053,1.3734834e-06,salt2,edfs,roman,
edfs,44,20.0,2897.92,235.8257698508833,150.0,0.84175,-1.545,-0.13,61902.83,300.7303,-47.815674,-19.542711,24.156939,3.4503998e-06,salt2,edfs,roman,
edfs,46,20.0,10142.720000000001,224.32473691496463,150.0,1.00685,-0.355,0.176,61908.207,301.14194,-47.181713,-18.789555,25.388464,1.1098379e-06,salt2,edfs,roman,
edfs,53,20.0,17387.52,230.97649566480558,150.0,1.15955,0.635,0.246,61913.93,300.0066,-47.802753,-18.483644,26.072353,5.911574e-07,salt2,edfs,roman,
edfs,55,20.0,10142.720000000001,224.99011329284411,150.0,1.10515,-0.18,0.061,61911.82,300.94308,-47.452606,-18.979206,25.448135,1.0504873e-06,salt2,edfs,roman,
edfs,61,20.0,1064.08,213.84373992516407,150.0,0.58785,-0.125,-0.002,61896.547,301.26358,-47.523567,-19.325546,23.423786,6.778454e-06,salt2,edfs,roman,
edfs,62,20.0,566.0,226.85952827398165,150.0,0.35015,-0.2,0.081,61893.168,300.39163,-46.978527,-18.903063,22.509762,1.573042e-05,salt2,edfs,roman,
edfs,64,20.0,33326.08,222.96868745321464,150.0,1.43695,0.105,0.026,61925.727,300.32278,-47.608997,-19.108572,26.021421,6.1954967e-07,salt2,edfs,roman,
edfs,73,20.0,75345.92,221.65580141878914,150.0,1.48765,0.345,0.253,61928.04,299.8094,-47.152203,-18.67316,26.549488,3.8093353e-07,salt2,edfs,roman,
edfs,106,20.0,3667.68,224.10690364366025,150.0,0.79865,-1.115,0.097,61901.582,298.82153,-47.03521,-18.772182,24.787483,1.93042e-06,salt2,edfs,roman,
edfs,107,20.0,8693.76,236.69612206882644,150.0,1.16965,0.585,-0.05,61914.33,300.61847,-47.24676,-19.462383,25.116838,1.4253102e-06,salt2,edfs,roman,
edfs,109,20.0,14489.6,224.68500756278522,150.0,1.09735,0.805,0.24,61911.523,299.77826,-47.669716,-18.8692,25.539179,9.659914e-07,salt2,edfs,roman,
edfs,116,20.0,588.64,211.1217555115639,150.0,0.49465,0.72,-0.11,61894.926,299.6563,-47.738842,-19.673538,22.625158,1.4144292e-05,salt2,edfs,roman,
edfs,118,20.0,1064.08,222.57824564808197,150.0,0.59545,0.055,0.046,61896.695,299.19516,-47.2088,-18.994349,23.788706,4.8435377e-06,salt2,edfs,roman,
edfs,119,20.0,7244.8,250.16175274397244,150.0,1.07455,0.575,-0.007,61910.664,301.5213,-48.169662,-19.297955,25.054214,1.5099369e-06,salt2,edfs,roman,
edfs,124,20.0,4346.88,240.24199443654103,150.0,0.82525,0.18,0.206,61902.344,300.47327,-46.964214,-18.698212,24.948689,1.6640627e-06,salt2,edfs,roman,
edfs,131,20.0,7244.8,243.92321122678624,150.0,1.00765,-0.61,0.045,61908.24,301.41696,-48.389664,-19.172224,25.007917,1.5757146e-06,salt2,edfs,roman,
edfs,139,20.0,11591.68,248.94078246154209,150.0,1.25085,1.125,-0.026,61917.637,299.01486,-47.61757,-19.652065,25.106863,1.4384666e-06,salt2,edfs,roman,
edfs,140,20.0,5795.84,228.09723966768684,150.0,1.02515,0.35,-0.032,61908.863,300.24988,-47.41059,-19.56205,24.664158,2.1626254e-06,salt2,edfs,roman,
edfs,142,20.0,656.5600000000001,219.29058295078198,150.0,0.45835,0.415,-0.021,61894.4,299.68906,-47.687893,-19.443037,22.658304,1.371902e-05,salt2,edfs,roman,
edfs,148,20.0,5795.84,215.95436675858204,150.0,1.08595,0.015,-0.114,61911.094,299.86838,-47.98592,-19.714245,24.666174,2.1586136e-06,salt2,edfs,roman,
edfs,152,20.0,724.48,223.28603576256327,150.0,0.46835,-0.205,0.046,61894.535,299.26907,-47.480766,-19.170094,22.987028,1.0135236e-05,salt2,edfs,roman,
edfs,154,20.0,2897.92,251.99524692567556,150.0,0.89595,1.035,0.022,61904.496,301.9015,-48.22921,-19.331564,24.534552,2.4368242e-06,salt2,edfs,roman,
edfs,157,20.0,2128.16,236.1626233623108,150.0,0.62255,0.14,0.298,61897.25,300.2708,-47.69233,-18.47552,24.424559,2.6966302e-06,salt2,edfs,roman,
edfs,158,20.0,1064.08,230.78534146198945,150.0,0.66755,0.79,-0.085,61898.234,298.88925,-48.00528,-19.92121,23.162924,8.61937e-06,salt2,edfs,roman,
edfs,159,20.0,23183.36,228.20419542947593,150.0,1.23535,-0.39,0.119,61916.992,300.14474,-48.2152,-18.742977,25.982569,6.4212185e-07,salt2,edfs,roman,
edfs,161,20.0,5795.84,244.0072166960124,150.0,0.85635,1.265,0.332,61903.266,301.53854,-46.964714,-18.522543,25.222954,1.2925977e-06,salt2,edfs,roman,
edfs,165,20.0,8693.76,230.21940488763045,150.0,1.03155,-1.99,-0.016,61909.094,301.6488,-47.915245,-19.240427,25.002436,1.5836906e-06,salt2,edfs,roman,
edfs,168,20.0,2445.12,232.53924967554838,150.0,0.73365,-1.015,0.076,61899.836,300.184,-47.5348,-18.973404,24.360697,2.8600004e-06,salt2,edfs,roman,
edfs,170,20.0,520.72,228.6742127121077,150.0,0.32865,-2.22,-0.02,61892.98,301.474,-47.699333,-19.113201,22.139656,2.2119862e-05,salt2,edfs,roman,
edfs,173,20.0,10142.720000000001,218.34281023787773,150.0,1.04765,0.405,0.201,61909.67,300.884,-47.858532,-18.769264,25.515043,9.87705e-07,salt2,edfs,roman,
edfs,178,20.0,4346.88,237.1476634109335,150.0,0.84065,-2.28,0.013,61902.797,299.21252,-47.295223,-18.684975,25.01119,1.570973e-06,salt2,edfs,roman,
edfs,179,20.0,33326.08,247.5466248938479,150.0,1.48545,-0.82,-0.091,61927.938,301.7392,-47.486904,-19.468422,25.750273,7.9530804e-07,salt2,edfs,roman,
edfs,181,20.0,996.1600000000001,244.92656073515673,150.0,0.54605,-0.725,0.013,61895.773,299.39658,-47.77724,-19.175169,23.381014,7.050809e-06,salt2,edfs,roman,
edfs,187,20.0,1426.32,224.1521460745045,150.0,0.65625,-1.655,-0.08,61897.977,300.4048,-47.683174,-19.171316,23.867733,4.503515e-06,salt2,edfs,roman,
edfs,190,20.0,2897.92,232.46975399959638,150.0,0.78105,-1.845,0.024,61901.094,299.42035,-46.868877,-18.777437,24.722952,2.0486339e-06,salt2,edfs,roman,
edfs,193,20.0,15938.560000000001,241.62520135346,150.0,1.25265,-1.065,-0.089,61917.71,299.37537,-48.327366,-19.493233,25.269545,1.2383022e-06,salt2,edfs,roman,
edfs,194,20.0,30428.16,218.84911099944077,150.0,1.28195,-1.685,0.113,61918.938,298.96915,-47.96855,-18.609596,26.215073,5.183413e-07,salt2,edfs,roman,
edfs,199,20.0,5795.84,253.1274670922648,150.0,1.05295,0.79,-0.077,61909.867,301.84595,-47.5964,-19.487255,24.810558,1.8898228e-06,salt2,edfs,roman,
edfs,204,20.0,5795.84,219.07614453758686,150.0,0.95045,0.505,0.084,61906.27,301.59467,-47.16931,-19.110262,24.9136,1.7187181e-06,salt2,edfs,roman,
edfs,207,20.0,27530.24,211.62415006774057,150.0,1.31595,-1.89,-0.033,61920.39,301.67834,-47.05294,-19.174381,25.720345,8.1753586e-07,salt2,edfs,roman,
edfs,210,20.0,28979.2,239.551376818218,150.0,1.40435,0.45,0.064,61924.266,299.68497,-47.226276,-19.0236,26.045042,6.0621636e-07,salt2,edfs,roman,
edfs,215,20.0,1064.08,244.45570044554512,150.0,0.55695,-1.375,-0.022,61895.965,301.67096,-48.074863,-19.030737,23.577118,5.885691e-06,salt2,edfs,roman,
edfs,217,20.0,1109.3600000000001,219.22225650570638,150.0,0.50855,-0.19,0.248,61895.145,301.1773,-47.74644,-18.292742,24.077969,3.7107125e-06,salt2,edfs,roman,
edfs,219,20.0,28979.2,224.4069391802572,150.0,1.49085,-0.165,-0.087,61928.184,301.4152,-47.069397,-19.742048,25.48634,1.0141652e-06,salt2,edfs,roman,
edfs,221,20.0,2128.16,237.69549154452744,150.0,0.67395,0.805,0.192,61898.38,299.77783,-47.718983,-18.787123,24.322222,2.9631642e-06,salt2,edfs,roman,
edfs,222,20.0,33326.08,222.04671312455167,150.0,1.44855,0.3,0.018,61926.254,299.03656,-48.03917,-19.460958,25.690523,8.403023e-07,salt2,edfs,roman,
edfs,230,20.0,1064.08,238.7930937978659,150.0,0.57675,0.37,0.053,61896.332,300.85983,-47.513306,-19.095812,23.603523,5.7442808e-06,salt2,edfs,roman,
edfs,234,20.0,11591.68,225.84368121439033,150.0,1.12455,0.215,0.091,61912.566,300.6554,-48.26041,-19.124762,25.34917,1.1507382e-06,salt2,edfs,roman,
edfs,235,20.0,1426.32,231.91736033164156,150.0,0.71225,0.25,-0.066,61899.297,301.62717,-47.4647,-19.27448,23.981136,4.056861e-06,salt2,edfs,roman,
edfs,236,20.0,1448.96,242.5140158923897,150.0,0.75965,1.47,-0.024,61900.516,299.414,-47.40504,-19.539555,23.886997,4.424315e-06,salt2,edfs,roman,
edfs,244,20.0,158.48000000000002,216.2790993048635,150.0,0.15885,0.29,-0.015,61892.125,299.19763,-47.707436,-19.647099,19.82627,0.00018626761,salt2,edfs,roman,
edfs,246,20.0,11591.68,238.076678540325,150.0,1.23745,0.345,-0.073,61917.08,301.05673,-47.36275,-19.6703,25.059795,1.5021967e-06,salt2,edfs,roman,
edfs,249,20.0,520.72,224.18927255295858,150.0,0.39385,0.54,-0.043,61893.6,300.69055,-48.003223,-19.560387,22.151434,2.1881187e-05,salt2,edfs,roman,
edfs,250,20.0,17387.52,228.9624350753782,150.0,1.19715,-1.185,0.067,61915.434,301.56653,-47.326492,-18.95434,25.687107,8.4295056e-07,salt2,edfs,roman,
edfs,251,20.0,4346.88,232.31779048995764,150.0,0.89435,-0.015,0.104,61904.44,301.16498,-48.337605,-18.966864,24.89448,1.7492542e-06,salt2,edfs,roman,
edfs,252,20.0,26081.28,259.83142359405707,150.0,1.32665,-0.945,-0.003,61920.85,298.8056,-46.72651,-19.25257,25.663826,8.6121986e-07,salt2,edfs,roman,
edfs,254,20.0,72448.0,245.72014801903106,150.0,1.44695,-1.84,0.13,61926.176,299.16232,-48.348976,-18.683268,26.465261,4.116614e-07,salt2,edfs,roman,
edfs,257,20.0,1811.2,251.6021539369014,150.0,0.72765,-0.9,-0.098,61899.684,301.8304,-47.69395,-19.642101,23.670218,5.4020375e-06,salt2,edfs,roman,
edfs,261,20.0,49264.64,240.5971518070691,150.0,1.31855,-1.735,0.196,61920.5,299.7524,-47.509125,-18.532637,26.36737,4.5050166e-07,salt2,edfs,roman,
edfs,262,20.0,1041.44,234.14224224021999,150.0,0.54115,0.27,0.102,61895.688,301.0513,-46.808605,-18.825579,23.70706,5.221809e-06,salt2,edfs,roman,
edfs,266,20.0,14489.6,227.89013803200712,150.0,1.22105,-0.535,-0.048,61916.406,301.01654,-47.658527,-19.630411,25.063963,1.4964418e-06,salt2,edfs,roman,
edfs,274,20.0,2897.92,225.3829285961452,150.0,0.90575,0.955,-0.072,61904.81,301.50876,-46.99893,-19.642017,24.253145,3.157816e-06,salt2,edfs,roman,
edfs,275,20.0,5795.84,247.2239542793653,150.0,1.05825,1.765,0.074,61910.062,299.52747,-48.059124,-19.395813,24.91544,1.715808e-06,salt2,edfs,roman,
edfs,280,20.0,15938.560000000001,229.80937105560415,150.0,1.19175,-0.415,0.065,61915.215,300.80692,-47.687313,-18.983875,25.645466,8.759081e-07,salt2,edfs,roman,
edfs,286,20.0,26081.28,216.93579391620983,150.0,1.20835,-3.45,0.012,61915.887,300.39273,-47.92346,-18.841513,25.824867,7.4250255e-07,salt2,edfs,roman,
edfs,287,20.0,23183.36,227.62966598801847,150.0,1.22795,-2.795,0.006,61916.688,299.28085,-47.54371,-19.030975,25.678484,8.4967104e-07,salt2,edfs,roman,
edfs,292,20.0,2128.16,213.41466831150652,150.0,0.63495,0.905,0.299,61897.51,299.45148,-47.718105,-18.627653,24.32437,2.9573089e-06,salt2,edfs,roman,
edfs,295,20.0,3667.68,218.5909355433651,150.0,0.92925,0.125,-0.078,61905.566,299.0768,-48.0772,-19.59627,24.367311,2.8426302e-06,salt2,edfs,roman,
edfs,297,20.0,4890.24,242.00712798929854,150.0,0.97685,-0.07,-0.02,61907.168,300.6886,-47.079323,-19.310268,24.786842,1.9315576e-06,salt2,edfs,roman,
edfs,300,20.0,11591.68,222.46320389421152,150.0,1.20145,-1.005,-0.108,61915.605,301.53268,-47.286053,-19.47971,25.171337,1.3555315e-06,salt2,edfs,roman,
edfs,308,20.0,13040.64,249.82073385931875,150.0,1.27995,0.64,-0.088,61918.855,298.87485,-47.5817,-19.810177,25.010313,1.5722438e-06,salt2,edfs,roman,
edfs,316,20.0,28979.2,253.23121531026842,150.0,1.15805,-2.385,0.236,61913.87,301.79492,-47.741024,-18.362738,26.189795,5.3055044e-07,salt2,edfs,roman,
edfs,320,20.0,1448.96,255.0639872101762,150.0,0.77065,0.2,-0.134,61900.81,298.86597,-47.193283,-19.73545,23.729301,5.1159263e-06,salt2,edfs,roman,
edfs,330,20.0,40570.880000000005,225.0328653105672,150.0,1.35195,-1.795,0.074,61921.95,299.81393,-46.867428,-18.793037,26.1739,5.3837437e-07,salt2,edfs,roman,
edfs,334,20.0,40570.880000000005,236.04310461493432,150.0,1.47855,-0.55,-0.018,61927.62,299.371,-48.04131,-19.143381,26.062876,5.9634095e-07,salt2,edfs,roman,
edfs,337,20.0,18836.48,221.5352125863513,150.0,1.25275,-1.37,-0.011,61917.715,300.09573,-47.745895,-19.126347,25.636644,8.830537e-07,salt2,edfs,roman,
edfs,342,20.0,2897.92,232.32404861825256,150.0,0.83465,-0.07,0.085,61902.62,301.5758,-47.431015,-18.997877,24.679197,2.1328754e-06,salt2,edfs,roman,
edfs,343,20.0,2445.12,246.88839614896213,150.0,0.77135,-0.63,-0.03,61900.83,299.30084,-48.15726,-19.32305,24.144115,3.4913926e-06,salt2,edfs,roman,
edfs,346,20.0,5795.84,225.51592168938055,150.0,0.97605,-1.31,-0.022,61907.137,300.1528,-47.67861,-19.348188,24.74673,2.0042514e-06,salt2,edfs,roman,
edfs,349,20.0,5795.84,225.7382972925873,150.0,0.99725,0.68,0.06,61907.87,300.61948,-48.365974,-19.12585,25.026539,1.548922e-06,salt2,edfs,roman,
edfs,356,20.0,4346.88,245.68768972033683,150.0,0.90265,-1.965,-0.092,61904.707,301.76263,-46.91939,-19.186132,24.699875,2.0926427e-06,salt2,edfs,roman,
edfs,357,20.0,520.72,245.95902095408928,150.0,0.31935,-0.81,0.079,61892.906,299.39523,-47.27749,-19.176123,22.004536,2.505133e-05,salt2,edfs,roman,
edfs,362,20.0,11591.68,221.61899889429813,150.0,1.19315,-0.145,-0.025,61915.27,299.39725,-47.849884,-19.521915,25.110569,1.4335629e-06,salt2,edfs,roman,
edfs,363,20.0,10142.720000000001,211.13624766862029,150.0,1.11465,0.88,0.129,61912.18,299.51123,-47.9261,-19.135038,25.31522,1.1872903e-06,salt2,edfs,roman,
edfs,365,20.0,14489.6,242.36013322242505,150.0,1.19935,0.45,0.079,61915.52,301.54935,-47.344563,-19.190556,25.455807,1.0430912e-06,salt2,edfs,roman,
edfs,366,20.0,724.48,233.7105984649435,150.0,0.51385,0.65,0.008,61895.227,299.91452,-47.388706,-19.369864,23.027822,9.761486e-06,salt2,edfs,roman,
edfs,367,20.0,8557.92,233.6667833705823,150.0,1.19495,1.125,-0.108,61915.344,301.37177,-47.89839,-19.9166,24.719921,2.054357e-06,salt2,edfs,roman,
edfs,368,20.0,2897.92,225.10460176157798,150.0,0.90505,1.23,-0.07,61904.785,300.3419,-47.675938,-19.687258,24.20584,3.2984444e-06,salt2,edfs,roman,
edfs,374,20.0,14489.6,210.61503898316283,150.0,1.26485,0.53,-0.031,61918.22,300.44644,-47.62862,-19.319437,25.469286,1.0302201e-06,salt2,edfs,roman,
edfs,382,20.0,10142.720000000001,223.18398036538582,150.0,1.12555,1.325,0.09,61912.6,301.39633,-47.677677,-19.166584,25.309729,1.1933098e-06,salt2,edfs,roman,
edfs,388,20.0,7244.8,233.21822428760393,150.0,0.98515,-2.225,-0.018,61907.45,299.81763,-47.913013,-19.07749,25.042246,1.5266734e-06,salt2,edfs,roman,
edfs,392,20.0,33326.08,230.90271215468312,150.0,1.29835,-2.365,0.077,61919.637,301.28214,-47.85676,-18.671228,26.187464,5.31691e-07,salt2,edfs,roman,
edfs,397,20.0,15938.560000000001,235.3938708217464,150.0,1.27155,-1.295,-0.102,61918.504,299.5221,-47.804012,-19.388401,25.414463,1.0835757e-06,salt2,edfs,roman,
edfs,402,20.0,1064.08,218.69860410541176,150.0,0.55225,1.145,0.169,61895.883,299.22925,-48.20133,-18.979586,23.606108,5.730625e-06,salt2,edfs,roman,
edfs,406,20.0,656.5600000000001,255.41001298109302,150.0,0.38645,-2.37,-0.016,61893.523,301.90622,-47.183025,-18.85776,22.805655,1.1977952e-05,salt2,edfs,roman,
edfs,416,20.0,5795.84,232.1467609526616,150.0,1.00365,0.115,0.027,61908.098,300.58273,-47.710423,-19.251522,24.917978,1.7118016e-06,salt2,edfs,roman,
edfs,423,20.0,882.96,230.65938789727306,150.0,0.64865,1.22,-0.114,61897.81,299.25305,-47.33574,-19.858374,23.149935,8.723098e-06,salt2,edfs,roman,
edfs,425,20.0,5795.84,225.68632302575054,150.0,0.93465,0.475,0.094,61905.742,300.32352,-47.14031,-19.07727,24.901793,1.7375128e-06,salt2,edfs,roman,
edfs,431,20.0,15938.560000000001,228.01106610147252,150.0,1.13235,0.07,0.186,61912.863,299.5388,-47.811695,-18.833818,25.658623,8.6535823e-07,salt2,edfs,roman,
edfs,432,20.0,475.44,226.82497012513363,150.0,0.33685,-2.265,-0.109,61893.05,300.71362,-47.967533,-19.362612,21.952362,2.6284497e-05,salt2,edfs,roman,
edfs,434,20.0,8693.76,215.31236459772774,150.0,1.03125,0.6,0.164,61909.082,300.3535,-47.801697,-19.08152,25.160564,1.3690486e-06,salt2,edfs,roman,
edfs,440,20.0,1041.44,230.62200586414912,150.0,0.56345,1.05,0.102,61896.086,299.2475,-47.181248,-19.17685,23.46137,6.547818e-06,salt2,edfs,roman,
edfs,441,20.0,14489.6,227.1055003422993,150.0,1.11105,-1.77,0.07,61912.043,298.79004,-47.936047,-18.67339,25.768206,7.822798e-07,salt2,edfs,roman,
edfs,447,20.0,8557.92,247.9852387355292,150.0,1.07125,-1.535,-0.082,61910.543,301.38773,-47.920456,-19.363562,24.980375,1.6161994e-06,salt2,edfs,roman,
edfs,453,20.0,53611.520000000004,217.6125871232714,150.0,1.44625,-1.64,0.081,61926.15,301.52112,-48.30517,-18.819777,26.32746,4.6737014e-07,salt2,edfs,roman,
edfs,455,20.0,8693.76,223.5789997716231,150.0,1.11185,1.53,0.076,61912.074,301.27148,-47.667454,-19.402512,25.041014,1.5284091e-06,salt2,edfs,roman,
edfs,458,20.0,2445.12,230.79753746606104,150.0,0.71085,0.33,0.213,61899.266,300.2207,-46.99558,-18.518074,24.73233,2.031013e-06,salt2,edfs,roman,
edfs,460,20.0,7244.8,213.3341742562831,150.0,1.05145,-2.215,-0.113,61909.812,299.94824,-46.908585,-19.486078,24.80792,1.8944219e-06,salt2,edfs,roman,
edfs,467,20.0,2897.92,232.86746094991955,150.0,0.76325,-1.255,0.111,61900.613,298.89856,-47.70861,-18.794464,24.644648,2.201839e-06,salt2,edfs,roman,
edfs,471,20.0,8693.76,257.0809675691796,150.0,0.99935,-0.615,0.143,61907.945,301.86267,-46.960056,-18.581034,25.57698,9.3293676e-07,salt2,edfs,roman,
edfs,474,20.0,8693.76,232.79630277035074,150.0,0.98925,-2.12,0.088,61907.594,301.37378,-47.975246,-18.701736,25.429108,1.069058e-06,salt2,edfs,roman,
edfs,475,20.0,747.12,236.20554008768676,150.0,0.56255,0.925,-0.061,61896.07,300.87488,-46.804302,-19.541021,23.093014,9.192618e-06,salt2,edfs,roman,
edfs,476,20.0,452.8,245.59088533350342,150.0,0.34775,-0.225,-0.086,61893.145,298.81824,-47.653652,-19.729681,21.665741,3.4225406e-05,salt2,edfs,roman,
edfs,477,20.0,566.0,236.5578649380017,150.0,0.33065,0.87,0.253,61892.996,300.4257,-48.257523,-18.463247,22.804892,1.19863835e-05,salt2,edfs,roman,
edfs,482,20.0,40570.880000000005,239.16745667043077,150.0,1.24685,-2.55,0.197,61917.47,301.58514,-47.155888,-18.208393,26.54196,3.8358445e-07,salt2,edfs,roman,
edfs,483,20.0,724.48,217.43783805255592,150.0,0.52355,0.74,-0.057,61895.387,301.37512,-47.51592,-19.55359,22.892797,1.1054153e-05,salt2,edfs,roman,
edfs,485,20.0,30428.16,224.13419050490282,150.0,1.49855,-0.005,-0.055,61928.54,301.43643,-48.198517,-19.56939,25.672758,8.5416434e-07,salt2,edfs,roman,
edfs,486,20.0,10142.720000000001,229.77636495452634,150.0,1.18655,1.235,0.005,61915.004,300.78656,-47.373062,-19.331264,25.286367,1.219263e-06,salt2,edfs,roman,
edfs,495,20.0,23183.36,221.1998384305211,150.0,1.25825,0.685,0.165,61917.94,299.96927,-47.35634,-18.746098,26.02862,6.154554e-07,salt2,edfs,roman,
edfs,499,20.0,56509.44,227.2884185632736,150.0,1.49905,-2.19,0.02,61928.56,301.185,-47.35427,-18.827177,26.415863,4.308236e-07,salt2,edfs,roman,
edfs,500,20.0,5795.84,211.5133776474504,150.0,1.00495,0.425,0.06,61908.145,301.0171,-47.303417,-18.981743,25.191221,1.3309336e-06,salt2,edfs,roman,
edfs,501,20.0,4346.88,240.7466359024125,150.0,0.97715,-0.17,-0.091,61907.176,299.2869,-48.116314,-19.484097,24.613834,2.265222e-06,salt2,edfs,roman,
edfs,502,20.0,50713.6,246.70362975948865,150.0,1.49205,-1.68,-0.027,61928.24,301.79425,-48.328186,-19.089329,26.141209,5.54832e-07,salt2,edfs,roman,
edfs,505,20.0,2897.92,245.11530773193257,150.0,0.79635,0.375,0.052,61901.516,300.4089,-47.011715,-19.227634,24.324356,2.9573475e-06,salt2,edfs,roman,
edfs,507,20.0,17387.52,219.28490072793184,150.0,1.33815,-0.115,-0.072,61921.35,299.98886,-47.383854,-19.611908,25.32758,1.1738499e-06,salt2,edfs,roman,
edfs,508,20.0,15938.560000000001,230.78447742908912,150.0,1.36275,0.695,-0.104,61922.426,299.7375,-48.347702,-19.88309,25.105135,1.4407572e-06,salt2,edfs,roman,
edfs,511,20.0,15938.560000000001,243.01986861063685,150.0,1.19195,-1.415,0.004,61915.223,299.24313,-46.864075,-19.054277,25.575514,9.341989e-07,salt2,edfs,roman,
edfs,517,20.0,2897.92,248.11838125363,150.0,0.88125,0.865,-0.051,61904.03,301.3636,-47.85781,-19.47347,24.348488,2.8923423e-06,salt2,edfs,roman,
edfs,520,20.0,10142.720000000001,215.05512876586195,150.0,1.04415,-2.165,0.016,61909.547,301.76303,-47.944828,-18.957937,25.317415,1.1848914e-06,salt2,edfs,roman,
edfs,521,20.0,30428.16,249.83468446993498,150.0,1.30835,-1.82,0.065,61920.066,299.08267,-48.29132,-18.94725,25.931976,6.727511e-07,salt2,edfs,roman,
edfs,523,20.0,3871.44,241.2871432329949,150.0,0.94105,1.15,0.016,61905.957,300.13165,-47.032116,-19.431046,24.566254,2.366702e-06,salt2,edfs,roman,
edfs,526,20.0,1426.32,226.73774750451736,150.0,0.72565,0.4,-0.031,61899.633,301.29297,-47.148525,-19.322487,23.982536,4.0516375e-06,salt2,edfs,roman,
edfs,528,20.0,1901.76,244.5436986783525,150.0,0.57215,0.305,0.362,61896.246,299.11273,-47.738518,-18.257254,24.421095,2.7052465e-06,salt2,edfs,roman,
edfs,533,20.0,40570.880000000005,247.2832246097271,150.0,1.49795,-0.55,-0.012,61928.51,301.6231,-47.495453,-19.290176,25.950901,6.6112585e-07,salt2,edfs,roman,
edfs,536,20.0,792.4,240.9809369338502,150.0,0.49575,-0.56,0.024,61894.94,299.50653,-47.482273,-19.249731,23.054733,9.522504e-06,salt2,edfs,roman,
edfs,542,20.0,46366.72,243.71480008366106,150.0,1.44595,-0.95,0.04,61926.133,301.751,-47.17767,-19.294651,25.85203,7.241567e-07,salt2,edfs,roman,
edfs,545,20.0,10142.720000000001,232.2763419587651,150.0,1.07445,-1.515,2.7755576e-16,61910.664,300.2155,-47.232216,-19.07556,25.27636,1.2305544e-06,salt2,edfs,roman,
edfs,547,20.0,40570.880000000005,233.09265938897235,150.0,1.47375,-0.15,0.036,61927.402,301.35034,-47.995655,-19.131193,26.066376,5.9442095e-07,salt2,edfs,roman,
edfs,556,20.0,3871.44,212.42786963241178,150.0,0.92245,-0.335,-0.033,61905.344,301.51932,-47.875385,-19.522423,24.421535,2.70415e-06,salt2,edfs,roman,
edfs,563,20.0,5795.84,214.600564491408,150.0,0.94235,-1.56,-0.018,61906.0,301.77493,-47.678307,-19.061457,24.939531,1.6781556e-06,salt2,edfs,roman,
edfs,568,20.0,5795.84,222.92387445015774,150.0,0.88715,-1.38,0.153,61904.215,300.93097,-47.408836,-18.492422,25.347343,1.1526757e-06,salt2,edfs,roman,
edfs,569,20.0,21734.4,209.74121617532037,150.0,1.24445,-1.865,-0.003,61917.37,300.99457,-47.39225,-19.0493,25.695896,8.3615424e-07,salt2,edfs,roman,
edfs,572,20.0,4890.24,246.39483697423262,150.0,0.87145,-0.08,0.177,61903.73,298.83505,-48.220467,-18.701963,25.090157,1.4607722e-06,salt2,edfs,roman,
edfs,573,20.0,21734.4,245.73390509650707,150.0,1.22875,-0.095,0.143,61916.72,300.53287,-47.0442,-18.778828,25.932377,6.725031e-07,salt2,edfs,roman,
edfs,575,20.0,17387.52,219.34064843784398,150.0,1.22315,0.925,0.142,61916.49,300.78833,-47.48262,-18.871035,25.82794,7.404045e-07,salt2,edfs,roman,
edfs,576,20.0,10142.720000000001,239.26973582413174,150.0,1.06675,0.245,0.152,61910.38,299.21738,-48.334538,-18.783934,25.548735,9.575272e-07,salt2,edfs,roman,
edfs,583,20.0,7244.8,236.03519034145722,150.0,1.06035,0.86,0.044,61910.14,300.36252,-47.3982,-19.216043,25.100515,1.4469003e-06,salt2,edfs,roman,
edfs,587,20.0,3667.68,223.66132534191811,150.0,0.92975,0.485,-0.033,61905.586,300.5332,-48.051067,-19.474993,24.490025,2.5388363e-06,salt2,edfs,roman,
edfs,591,20.0,1109.3600000000001,215.7144121724624,150.0,0.52115,-0.7,0.188,61895.348,300.4205,-47.749607,-18.688557,23.74586,5.0384942e-06,salt2,edfs,roman,
edfs,595,20.0,27530.24,223.75196777764958,150.0,1.27175,0.465,0.236,61918.51,301.00583,-47.212692,-18.60568,26.197605,5.26748e-07,salt2,edfs,roman,
edfs,596,20.0,5795.84,216.43438407427018,150.0,1.01085,1.265,0.03,61908.35,301.1006,-47.549316,-19.180101,25.008522,1.5748386e-06,salt2,edfs,roman,
edfs,600,20.0,566.0,217.7194322402498,150.0,0.33655,-2.04,0.045,61893.047,301.37784,-47.196552,-18.82443,22.488295,1.6044518e-05,salt2,edfs,roman,
edfs,606,20.0,8693.76,225.92450506764288,150.0,0.83715,1.07,0.541,61902.695,300.49036,-47.66773,-17.64415,26.040895,6.0853614e-07,salt2,edfs,roman,
edfs,611,20.0,1154.64,214.8588549932034,150.0,0.59065,-0.435,0.067,61896.6,300.58646,-47.93286,-18.994516,23.767286,4.940036e-06,salt2,edfs,roman,
edfs,612,20.0,23183.36,218.40789990907354,150.0,1.28775,-1.35,0.012,61919.184,300.9842,-47.595917,-18.92175,25.915003,6.833509e-07,salt2,edfs,roman,
edfs,613,20.0,5795.84,233.3703928778252,150.0,0.99255,0.185,-0.02,61907.71,299.52344,-47.13131,-19.381182,24.758572,1.982514e-06,salt2,edfs,roman,
edfs,622,20.0,28979.2,235.65147749082226,150.0,1.39835,0.385,0.069,61923.996,299.49216,-48.325253,-19.013083,26.044111,6.0673625e-07,salt2,edfs,roman,
edfs,624,20.0,27530.24,212.66108245066678,150.0,1.35555,-1.13,-0.032,61922.11,299.2314,-48.352837,-19.292986,25.681067,8.476527e-07,salt2,edfs,roman,
edfs,627,20.0,5795.84,243.6219449051404,150.0,0.98035,-1.8,-0.08,61907.285,300.2202,-46.956223,-19.283411,24.823263,1.8678378e-06,salt2,edfs,roman,
edfs,634,20.0,33326.08,237.01301105166962,150.0,1.43335,-0.87,-0.04,61925.566,299.8839,-48.18999,-19.244541,25.878746,7.065556e-07,salt2,edfs,roman,
edfs,637,20.0,27530.24,226.01759095894812,150.0,1.38655,0.08,0.023,61923.473,300.3457,-47.4881,-19.229183,25.80535,7.5597063e-07,salt2,edfs,roman,
edfs,638,20.0,7244.8,227.89441557033157,150.0,1.08175,-0.49,-0.088,61910.934,299.0874,-47.512867,-19.52413,24.845917,1.8292715e-06,salt2,edfs,roman,
edfs,639,20.0,49264.64,242.305891801506,150.0,1.45335,-0.23,0.094,61926.47,301.2911,-47.487484,-18.832357,26.327967,4.6715195e-07,salt2,edfs,roman,
edfs,644,20.0,4346.88,246.3482469729877,150.0,0.76575,-1.685,0.25,61900.676,298.95032,-46.981018,-18.302532,25.145267,1.3884734e-06,salt2,edfs,roman,
edfs,654,20.0,2897.92,237.82505644444987,150.0,0.76585,-1.51,-0.002,61900.68,299.07318,-48.26879,-19.093954,24.354195,2.877181e-06,salt2,edfs,roman,
edfs,656,20.0,4346.88,248.06408631352912,150.0,0.98735,0.515,-0.077,61907.527,301.23975,-47.30791,-19.538479,24.587223,2.3214288e-06,salt2,edfs,roman,
edfs,658,20.0,566.0,216.97803986963,150.0,0.43205,-0.41,-0.075,61894.05,300.70303,-47.354816,-19.445192,22.503866,1.5816056e-05,salt2,edfs,roman,
edfs,664,20.0,5795.84,219.75781290569464,150.0,0.71885,-0.56,0.46,61899.46,301.21765,-47.7002,-17.79928,25.48078,1.0193723e-06,salt2,edfs,roman,
edfs,669,20.0,13040.64,217.20723489635986,150.0,1.30605,1.325,-0.084,61919.965,301.64178,-47.45482,-19.731974,25.142542,1.3919631e-06,salt2,edfs,roman,
edfs,671,20.0,13040.64,246.6312375349051,150.0,1.17345,-0.075,0.031,61914.484,299.1878,-47.74943,-19.356459,25.231447,1.2825244e-06,salt2,edfs,roman,
edfs,673,20.0,13040.64,210.96631518809002,150.0,1.31975,0.26,-0.156,61920.555,299.1278,-47.8414,-19.576153,25.326288,1.1752471e-06,salt2,edfs,roman,
edfs,675,20.0,27530.24,232.20727690559318,150.0,1.34605,-1.22,-0.002,61921.69,300.64673,-47.637913,-19.026808,25.92843,6.749517e-07,salt2,edfs,roman,
edfs,678,20.0,27530.24,222.4828437928734,150.0,1.26715,-2.69,0.015,61918.316,301.20148,-47.15634,-18.742601,26.050983,6.02908e-07,salt2,edfs,roman,
edfs,679,20.0,39121.92,248.06920465885682,150.0,1.36585,1.405,0.243,61922.56,298.78104,-47.760292,-18.976543,26.017757,6.216443e-07,salt2,edfs,roman,
edfs,681,20.0,39121.92,242.02390392862662,150.0,1.43775,0.19,0.054,61925.766,300.91638,-48.12649,-19.169168,25.962313,6.5421364e-07,salt2,edfs,roman,
edfs,682,20.0,17387.52,239.58256017792797,150.0,1.28405,0.965,0.074,61919.03,298.8697,-48.224308,-19.25456,25.57449,9.350807e-07,salt2,edfs,roman,
edfs,683,20.0,792.4,221.38140982338174,150.0,0.43685,-1.675,0.083,61894.113,299.64276,-48.00229,-18.841816,23.135666,8.838496e-06,salt2,edfs,roman,
edfs,684,20.0,11591.68,218.78352067508325,150.0,1.20855,0.025,-0.052,61915.895,299.6354,-47.55555,-19.45181,25.215014,1.3020857e-06,salt2,edfs,roman,
edfs,688,20.0,1448.96,240.3251876696832,150.0,0.68225,0.78,0.098,61898.574,301.6857,-47.795692,-19.178545,23.963161,4.124585e-06,salt2,edfs,roman,
edfs,689,20.0,10142.720000000001,229.3189488496808,150.0,1.06825,0.405,0.14,61910.434,300.83606,-47.0855,-18.930979,25.405449,1.0926098e-06,salt2,edfs,roman,
edfs,690,20.0,2128.16,233.9581301068201,150.0,0.79785,-0.235,-0.119,61901.56,299.20502,-46.958633,-19.702242,23.854755,4.557665e-06,salt2,edfs,roman,
edfs,692,20.0,50713.6,237.7482708349072,150.0,1.45365,0.865,0.184,61926.484,298.99475,-48.23783,-18.716711,26.444164,4.1973857e-07,salt2,edfs,roman,
edfs,694,20.0,30428.16,249.07540756996653,150.0,1.29035,-1.67,0.11,61919.297,301.5594,-47.733868,-18.841488,26.000662,6.315101e-07,salt2,edfs,roman,
edfs,695,20.0,724.48,234.54504612336927,150.0,0.44095,0.255,0.123,61894.164,299.86365,-47.642876,-19.05771,22.94382,1.0546697e-05,salt2,edfs,roman,
edfs,697,20.0,1426.32,227.985481374594,150.0,0.64155,-0.38,0.042,61897.652,301.11377,-47.505543,-19.00643,23.972853,4.0879304e-06,salt2,edfs,roman,
edfs,698,20.0,1358.4,242.056796288943,150.0,0.69675,0.855,-0.029,61898.918,298.98184,-47.1925,-19.340336,23.857012,4.5482043e-06,salt2,edfs,roman,
edfs,699,20.0,724.48,224.62049734972538,150.0,0.53675,0.63,-0.057,61895.61,299.5721,-47.77426,-19.658583,22.852743,1.1469582e-05,salt2,edfs,roman,
edfs,705,20.0,1448.96,218.69029779962958,150.0,0.64055,-0.09,0.132,61897.633,299.1238,-47.450855,-18.868937,24.106234,3.6153585e-06,salt2,edfs,roman,
edfs,710,20.0,1426.32,243.68070959306138,150.0,0.69075,0.495,0.037,61898.777,301.40775,-47.605774,-19.064754,24.109703,3.603823e-06,salt2,edfs,roman,
edfs,712,20.0,3667.68,231.1293041817327,150.0,0.79115,-0.515,0.155,61901.37,299.96304,-47.81206,-18.707905,24.826656,1.8620112e-06,salt2,edfs,roman,
edfs,716,20.0,1109.3600000000001,227.85513214491584,150.0,0.66985,0.885,-0.031,61898.285,299.03693,-47.23829,-19.420116,23.673103,5.387702e-06,salt2,edfs,roman,
edfs,718,20.0,2128.16,247.91086465236378,150.0,0.80815,1.095,-0.035,61901.85,301.59296,-47.179466,-19.533491,24.057648,3.780817e-06,salt2,edfs,roman,
edfs,721,20.0,21734.4,239.73712698944496,150.0,1.29325,-1.84,-0.083,61919.418,299.80457,-47.8366,-19.41629,25.43187,1.066344e-06,salt2,edfs,roman,
edfs,723,20.0,4346.88,224.04357087107007,150.0,0.99775,0.49,-0.067,61907.89,299.6232,-47.16791,-19.688145,24.465584,2.596635e-06,salt2,edfs,roman,
edfs,735,20.0,407.52,217.8606498089758,150.0,0.34345,1.345,0.003,61893.11,299.09918,-46.97463,-19.456223,21.907745,2.7387141e-05,salt2,edfs,roman,
edfs,736,20.0,2897.92,240.9321527825464,150.0,0.91985,0.25,-0.061,61905.26,299.97855,-48.27396,-19.713102,24.223316,3.2457747e-06,salt2,edfs,roman,
edfs,738,20.0,26081.28,225.98426515216352,150.0,1.43675,0.785,-0.054,61925.715,300.25458,-47.530846,-19.574726,25.554893,9.5211e-07,salt2,edfs,roman,
edfs,740,20.0,14489.6,218.32369400223266,150.0,1.22595,0.875,0.035,61916.605,300.58163,-47.166553,-19.357841,25.347256,1.1527701e-06,salt2,edfs,roman,
lowz,fieldcalib,,,,1020.0,,,,,,,,,,,,lowz,
lowz,1,20.0,101.88,952.5779802129239,150.0,0.13135,0.805,-0.116,61901.695,352.06653,-63.3741,-19.617426,19.406046,0.00027430014,salt2,,lowz,0.029228888
lowz,8,20.0,45.28,746.3586330720564,150.0,0.07245,-0.015,-0.126,61893.7,3.3498182,-40.50457,-19.794916,17.852083,0.0011476557,salt2,,lowz,0.015327323
lowz,56,20.0,158.48000000000002,488.9925655192433,150.0,0.11945,-2.45,0.229,61899.363,355.6828,-51.74724,-18.121563,20.679182,8.491263e-05,salt2,,lowz,0.018103577
lowz,57,20.0,124.52000000000001,915.0599486427925,150.0,0.14205,0.185,-0.039,61904.184,22.614857,-27.796064,-19.43243,19.775707,0.00019514709,salt2,,lowz,0.021449858
lowz,68,20.0,31.130000000000003,667.7793060664449,150.0,0.05265,0.365,-0.032,61892.66,31.261703,-46.97352,-19.473955,17.449787,0.0016623791,salt2,,lowz,0.021981599
lowz,69,20.0,158.48000000000002,726.1898615141774,150.0,0.14445,-1.49,0.05,61904.77,45.27159,-26.874214,-18.7836,20.464165,0.00010350917,salt2,,lowz,0.021943502
lowz,70,20.0,135.84,1058.9233870936391,150.0,0.12555,-0.93,0.085,61900.51,7.841638,-12.933268,-18.839405,20.077988,0.00014772346,salt2,,lowz,0.03163097
lowz,75,20.0,113.2,715.7906346356942,150.0,0.11615,1.015,0.15,61898.793,347.0235,-3.8938117,-18.858576,19.876705,0.00017781266,salt2,,lowz,0.043597665
lowz,88,20.0,90.56,1031.9942498153823,150.0,0.08085,0.075,0.406,61894.35,5.970201,-35.913013,-18.171799,19.7259,0.00020430743,salt2,,lowz,0.015531878
lowz,93,20.0,124.52000000000001,744.4675398833888,150.0,0.14035,0.89,0.005,61903.76,343.3197,-22.58635,-19.279987,19.899698,0.0001740865,salt2,,lowz,0.031647846
lowz,96,20.0,124.52000000000001,1539.249329073607,150.0,0.14255,0.74,-0.073,61904.3,46.29323,-67.41417,-19.697887,19.518557,0.00024729889,salt2,,lowz,0.041057184
lowz,111,20.0,82.07000000000001,968.6840262337578,150.0,0.10185,-0.885,-0.056,61896.625,315.52063,-64.65572,-19.265865,19.163822,0.0003428594,salt2,,lowz,0.044523
lowz,117,20.0,36.79,1509.0747473514816,150.0,0.05025,-1.835,0.011,61892.58,66.72845,-45.464375,-19.010826,17.807901,0.001195319,salt2,,lowz,0.014268889
lowz,125,20.0,82.07000000000001,682.6871769948895,150.0,0.10775,0.61,-0.033,61897.45,48.966995,-63.979233,-19.555038,19.005358,0.00039673634,salt2,,lowz,0.034542523
lowz,192,20.0,90.56,1253.2846972968523,150.0,0.11465,0.28,-0.005,61898.54,9.100898,-25.527458,-19.249746,19.455198,0.00026215918,salt2,,lowz,0.0182964
lowz,195,20.0,113.2,1166.9713457700905,150.0,0.12355,-1.11,-0.028,61900.13,321.17975,-41.990063,-19.28881,19.590935,0.00023135079,salt2,,lowz,0.04532748
lowz,215,20.0,113.2,947.91040837031,150.0,0.12665,-0.99,-0.045,61900.73,7.6574326,-49.371883,-19.341238,19.596622,0.00023014206,salt2,,lowz,0.015920727
lowz,229,20.0,101.88,929.5754399665038,150.0,0.13225,0.81,-0.088,61901.89,327.4259,-36.059563,-19.624153,19.415384,0.00027195117,salt2,,lowz,0.024920156
lowz,266,20.0,79.24000000000001,421.69323093437276,150.0,0.08555,-0.82,0.118,61894.777,334.06445,-28.46641,-18.718426,19.308899,0.00029997487,salt2,,lowz,0.019408263
lowz,290,20.0,90.56,3480.2041069060474,150.0,0.10955,0.2,0.001,61897.723,138.59933,-3.2761085,-19.48476,19.114166,0.0003589038,salt2,,lowz,0.040476047
lowz,314,20.0,124.52000000000001,3857.366615757873,150.0,0.11865,-1.515,0.074,61899.22,310.69162,-13.299311,-18.845243,19.939789,0.00016777586,salt2,,lowz,0.04968841
lowz,342,20.0,70.75,1400.9728046413532,150.0,0.10055,0.73,-0.097,61896.453,336.54456,-62.857285,-19.804129,18.595797,0.00057853,salt2,,lowz,0.03064136
lowz,344,20.0,124.52000000000001,1153.6127635101434,150.0,0.13245,0.02,-0.009,61901.938,309.825,-24.93843,-19.335371,19.707722,0.0002077572,salt2,,lowz,0.047174502
lowz,355,20.0,113.2,3036.5128613897537,150.0,0.13545,0.655,-0.038,61902.61,173.06657,-9.953591,-19.584719,19.511122,0.00024899794,salt2,,lowz,0.047046177
lowz,375,20.0,90.56,3033.769900324551,150.0,0.09345,-0.65,0.208,61895.598,10.305098,-42.55928,-18.308697,19.921959,0.00017055376,salt2,,lowz,0.014096218
lowz,421,20.0,45.28,771.7244254415757,150.0,0.06025,0.655,0.191,61892.99,11.720723,-67.493286,-18.802845,18.425331,0.0006768813,salt2,,lowz,0.024316242
lowz,434,20.0,113.2,780.1620269926784,150.0,0.12835,0.535,-0.027,61901.08,325.65076,-54.07677,-19.453835,19.515331,0.00024803454,salt2,,lowz,0.022468075
lowz,447,20.0,70.75,1617.4943819197829,150.0,0.08775,-0.155,0.004,61894.99,48.96725,-29.911337,-19.385817,18.69987,0.0005256506,salt2,,lowz,0.024609787
lowz,462,20.0,147.16,321.0236204110037,150.0,0.14945,0.06,0.044,61906.098,43.243435,-29.61964,-18.98106,20.347326,0.00011526948,salt2,,lowz,0.02317174
lowz,478,20.0,192.44,812.4426720409601,150.0,0.14325,0.665,0.327,61904.48,33.47257,-55.444054,-18.406034,20.821995,7.4446914e-05,salt2,,lowz,0.038031995
lowz,485,20.0,87.73,872.5987491851477,150.0,0.10355,0.15,-0.003,61896.855,2.5004394,-35.04623,-19.402386,19.06568,0.00037529483,salt2,,lowz,0.0132603785
lowz,488,20.0,158.48000000000002,1022.417312573463,150.0,0.14755,-0.37,0.09,61905.58,30.05401,-9.221283,-18.859966,20.438084,0.000106025655,salt2,,lowz,0.027292265
lowz,508,20.0,113.2,839.6985791255377,150.0,0.14165,0.245,-0.122,61904.074,42.690002,-34.671566,-19.65888,19.542591,0.00024188469,salt2,,lowz,0.030646114
lowz,526,20.0,67.92,1301.6468642324853,150.0,0.07365,-1.445,0.131,61893.785,344.3425,-31.146217,-18.65361,19.030855,0.00038752754,salt2,,lowz,0.028050454
lowz,541,20.0,158.48000000000002,1178.5760904606184,150.0,0.13675,-0.94,0.138,61902.902,31.478958,-61.641685,-18.557545,20.560814,9.4693336e-05,salt2,,lowz,0.040721893
lowz,546,20.0,82.07000000000001,500.6252196070129,150.0,0.09155,0.63,0.148,61895.383,58.646324,-61.097202,-18.860004,19.323284,0.00029602696,salt2,,lowz,0.03361424
lowz,554,20.0,113.2,1209.6525750887408,150.0,0.13045,1.84,0.042,61901.504,34.893097,-19.997946,-19.500818,19.506483,0.00025006404,salt2,,lowz,0.03772369
lowz,563,20.0,90.56,603.7272845098773,150.0,0.11505,0.195,-0.02,61898.594,38.16943,-2.7903032,-19.498207,19.214865,0.0003271138,salt2,,lowz,0.031296346
lowz,564,20.0,181.12,2634.1376252964988,150.0,0.13595,-0.23,0.313,61902.71,146.60349,-11.346188,-18.288862,20.815664,7.488233e-05,salt2,,lowz,0.047959365
lowz,565,20.0,113.2,3254.6503470351067,150.0,0.12555,1.09,0.086,61900.51,342.4698,-31.044676,-19.240175,19.677217,0.00021367698,salt2,,lowz,0.020232925
lowz,572,20.0,135.84,1393.415246957417,150.0,0.13285,0.305,0.142,61902.04,50.071835,-53.69921,-18.710417,20.339775,0.00011607401,salt2,,lowz,0.0365944
lowz,587,20.0,73.58,1279.3995530046507,150.0,0.09145,0.385,0.065,61895.37,40.94081,-6.8423004,-18.94271,19.238058,0.00032019988,salt2,,lowz,0.035979163
lowz,620,20.0,56.6,1174.755018780265,150.0,0.07575,0.725,0.085,61893.94,76.20228,-34.801353,-19.061718,18.686928,0.0005319533,salt2,,lowz,0.019286426
lowz,644,20.0,147.16,2541.8361156304136,150.0,0.12875,-1.37,0.121,61901.152,187.89937,-7.0437403,-18.729279,20.247196,0.00012640566,salt2,,lowz,0.027120331
lowz,654,20.0,135.84,637.7558250989201,150.0,0.13545,0.4,0.052,61902.605,206.48972,-2.7446887,-19.023521,20.072319,0.00014849688,salt2,,lowz,0.04628257
lowz,657,20.0,62.260000000000005,2719.009161409443,150.0,0.08995,1.36,-0.023,61895.22,35.137016,-65.74507,-19.691368,18.451303,0.00066088105,salt2,,lowz,0.030446235
lowz,666,20.0,158.48000000000002,920.0268003026297,150.0,0.14375,0.215,0.108,61904.605,66.686005,-39.791,-19.024176,20.212095,0.0001305589,salt2,,lowz,0.04254175
lowz,670,20.0,101.88,1731.6207560869843,150.0,0.12975,0.205,-0.082,61901.375,326.71225,-47.62309,-19.536907,19.457747,0.00026154477,salt2,,lowz,0.027020592
lowz,702,20.0,48.11,3183.1865150602694,150.0,0.07475,0.675,-0.056,61893.863,148.72238,-0.5556435,-19.553467,18.164831,0.0008604228,salt2,,lowz,0.038932256
lowz,706,20.0,79.24000000000001,3620.2141927101407,150.0,0.10055,0.195,-0.031,61896.45,337.2199,-27.109146,-19.205791,19.194134,0.00033341986,salt2,,lowz,0.02234811
lowz,714,20.0,82.07000000000001,699.4715127695133,150.0,0.09195,-2.405,-0.066,61895.43,1.549508,-26.091673,-19.016748,19.17659,0.0003388511,salt2,,lowz,0.019591143
lowz,718,20.0,124.52000000000001,507.0487394563131,150.0,0.13605,0.585,-0.011,61902.746,2.4546468,-39.288742,-19.348152,19.758106,0.00019833617,salt2,,lowz,0.01650616
lowz,731,20.0,90.56,3113.2339223604754,150.0,0.11755,1.0,-0.057,61899.023,172.95422,-11.252833,-19.643625,19.119638,0.0003570993,salt2,,lowz,0.039323825
lowz,742,20.0,124.52000000000001,3564.957670324346,150.0,0.13205,0.83,0.035,61901.844,357.94507,-19.654371,-19.322515,19.713459,0.00020666207,salt2,,lowz,0.018651426
lowz,769,20.0,70.75,901.2720806580298,150.0,0.07775,-1.64,0.075,61894.098,4.4454865,-49.899178,-18.885841,18.922369,0.0004282497,salt2,,lowz,0.01672771
lowz,786,20.0,82.07000000000001,840.4276978115058,150.0,0.09915,-0.25,-0.024,61896.277,3.3560236,-21.92266,-19.303988,19.063477,0.00037605737,salt2,,lowz,0.02669022
lowz,798,20.0,101.88,1156.2969768736375,150.0,0.12925,0.19,-0.071,61901.25,40.143597,-53.30461,-19.604546,19.381037,0.00028069215,salt2,,lowz,0.04585982
lowz,818,20.0,87.73,1474.8360089209796,150.0,0.10675,-0.26,-0.071,61897.297,353.62546,-11.091805,-19.44792,19.090805,0.00036671007,salt2,,lowz,0.035905056
lowz,827,20.0,90.56,1068.5944693223153,150.0,0.11345,0.405,-0.058,61898.344,32.20165,-8.324301,-19.672552,19.007854,0.00039582493,salt2,,lowz,0.025810061
lowz,829,20.0,135.84,444.5092647355476,150.0,0.11465,0.43,0.293,61898.527,36.657063,-17.830883,-18.547718,20.157227,0.00013732637,salt2,,lowz,0.047746032
lowz,831,20.0,124.52000000000001,1507.5964422055915,150.0,0.12605,0.485,0.116,61900.617,350.29922,-67.23672,-18.976992,19.949726,0.00016624731,salt2,,lowz,0.039319906
lowz,839,20.0,135.84,558.8079463347658,150.0,0.14795,-0.59,-0.062,61905.684,18.774958,-58.39169,-19.35558,19.948887,0.00016637564,salt2,,lowz,0.024268782
lowz,841,20.0,101.88,786.2858199052603,150.0,0.12505,0.105,-0.072,61900.42,36.72368,-35.703026,-19.554438,19.353596,0.00028787644,salt2,,lowz,0.03397443
lowz,847,20.0,135.84,1480.76076314081,150.0,0.14025,1.03,0.086,61903.734,319.81915,-47.366844,-19.082565,20.095436,0.00014536841,salt2,,lowz,0.042718433
lowz,856,20.0,147.16,1067.4008080436554,150.0,0.12335,-0.17,0.266,61900.086,355.18567,-21.977797,-18.365246,20.510704,9.9166e-05,salt2,,lowz,0.027999327
lowz,860,20.0,45.28,1351.4400487534201,150.0,0.06925,1.195,0.03,61893.49,48.346645,-52.784508,-19.46005,18.084055,0.0009268776,salt2,,lowz,0.03320253
lowz,871,20.0,50.94,1245.9321361168018,150.0,0.07615,1.17,0.009,61893.973,22.179407,-11.885583,-19.339273,18.421406,0.00067933305,salt2,,lowz,0.03358815
lowz,877,20.0,82.07000000000001,379.37650817216365,150.0,0.09125,-0.435,0.12,61895.355,14.586443,-10.572489,-18.941496,19.234228,0.00032133138,salt2,,lowz,0.044047646
lowz,879,20.0,147.16,3827.587614979257,150.0,0.10535,-1.075,0.39,61897.1,194.73393,-9.086351,-18.179977,20.328085,0.00011733049,salt2,,lowz,0.043570925
lowz,918,20.0,67.92,3530.3385111736284,150.0,0.08255,-0.01,0.055,61894.496,18.828615,-23.498028,-19.02502,18.920376,0.00042903685,salt2,,lowz,0.025688797
lowz,926,20.0,135.84,1229.5114829299146,150.0,0.13725,-0.565,-0.001,61903.01,328.25275,-38.16196,-19.19518,19.931786,0.00016901713,salt2,,lowz,0.028108262
lowz,933,20.0,16.98,967.2402115162943,150.0,0.03445,1.22,-0.032,61892.188,12.999383,-47.990818,-19.658157,16.316135,0.004722703,salt2,,lowz,0.01795538
lowz,954,20.0,113.2,539.1796859164012,150.0,0.12565,0.775,0.074,61900.527,4.7936826,-61.882504,-19.137154,19.782108,0.00019399989,salt2,,lowz,0.017476266
lowz,957,20.0,82.07000000000001,545.4610380603235,150.0,0.09985,1.13,0.063,61896.367,334.0564,-59.95287,-19.327847,19.0559,0.00037869028,salt2,,lowz,0.029605052
lowz,964,20.0,158.48000000000002,860.1668195563343,150.0,0.14345,-2.56,-0.009,61904.527,325.7005,-31.6304,-18.992922,20.238407,0.000127433,salt2,,lowz,0.04101213
lowz,968,20.0,28.3,908.4397357735945,150.0,0.04395,0.44,0.134,61892.387,316.12698,-62.00873,-19.10989,17.40817,0.0017273341,salt2,,lowz,0.045414906
lowz,997,20.0,113.2,341.5823922201341,150.0,0.13075,0.87,-0.019,61901.58,328.03983,-60.58209,-19.445248,19.567455,0.0002364081,salt2,,lowz,0.04419946
lowz,1001,20.0,79.24000000000001,2307.8379123831073,150.0,0.10655,1.3,-0.054,61897.27,71.00516,-3.7866247,-19.598976,18.935392,0.00042314388,salt2,,lowz,0.0402909
lowz,1029,20.0,124.52000000000001,1108.3151725978398,150.0,0.13835,0.43,-0.011,61903.277,48.404816,-37.88228,-19.38669,19.75911,0.00019815314,salt2,,lowz,0.021609167
lowz,1055,20.0,158.48000000000002,1380.4120325805163,150.0,0.14125,0.35,0.16,61903.98,328.09818,-66.846115,-18.882301,20.312487,0.00011902826,salt2,,lowz,0.049118
lowz,1079,20.0,147.16,1392.6910733091174,150.0,0.13955,-1.785,0.013,61903.57,43.3268,-34.98655,-18.959848,20.206339,0.00013125307,salt2,,lowz,0.023725221
lowz,1083,20.0,169.8,482.89133363086177,150.0,0.11555,0.455,0.507,61898.69,29.036589,-39.24613,-17.926855,20.796337,7.622723e-05,salt2,,lowz,0.021230545
lowz,1088,20.0,158.48000000000002,452.1467464381819,150.0,0.13245,0.065,0.226,61901.938,27.918665,-28.499567,-18.831556,20.211536,0.00013062618,salt2,,lowz,0.017882904
lowz,1118,20.0,90.56,1403.0442769598535,150.0,0.11275,-0.43,-0.025,61898.223,332.8223,-13.934739,-19.31516,19.350817,0.00028861422,salt2,,lowz,0.045769483
lowz,1151,20.0,70.75,2071.9504722943398,150.0,0.07665,-1.335,0.127,61894.008,69.83223,-55.06367,-18.692745,19.08289,0.0003693935,salt2,,lowz,0.01875287
lowz,1152,20.0,147.16,1225.6740575640754,150.0,0.13875,-1.765,-0.009,61903.38,41.742245,-15.540836,-19.179087,19.973526,0.00016264255,salt2,,lowz,0.028564468
lowz,1157,20.0,87.73,631.5226518596513,150.0,0.10915,0.94,-0.016,61897.668,59.69035,-23.665556,-19.617205,18.973211,0.0004086581,salt2,,lowz,0.046680614
lowz,1195,20.0,135.84,837.4488955555964,150.0,0.14635,0.475,-0.021,61905.28,51.49768,-50.789837,-19.345512,19.933191,0.0001687984,salt2,,lowz,0.01455835
lowz,1198,20.0,90.56,698.3014442133356,150.0,0.10345,0.285,0.048,61896.832,81.483574,-43.087234,-19.144955,19.320871,0.0002966853,salt2,,lowz,0.03561251
lowz,1205,20.0,113.2,2336.5680101527214,150.0,0.13365,0.25,-0.034,61902.21,180.25294,-3.0692668,-19.555449,19.508877,0.00024951328,salt2,,lowz,0.03594099
lowz,1206,20.0,67.92,2825.5792530362087,150.0,0.08755,1.275,0.086,61894.97,60.072426,-23.845192,-19.165405,18.915033,0.000431153,salt2,,lowz,0.04095716
lowz,1213,20.0,59.43,3153.603269745822,150.0,0.06735,0.585,0.3,61893.37,195.53369,-0.39042673,-18.533754,18.947083,0.000418612,salt2,,lowz,0.028454384
lowz,1233,20.0,56.6,3814.65901262853,150.0,0.07505,-0.2,-0.004,61893.89,31.39149,-12.32429,-19.243847,18.483597,0.00064151356,salt2,,lowz,0.0246018
lowz,1242,20.0,124.52000000000001,1719.849968801571,150.0,0.12215,-2.37,-0.064,61899.86,327.7614,-62.142822,-19.10342,19.74963,0.0001998907,salt2,,lowz,0.03693819
lowz,1256,20.0,90.56,2743.6812613465404,150.0,0.10365,-1.555,-0.036,61896.87,181.98697,-0.4290302,-19.080915,19.38939,0.00027854068,salt2,,lowz,0.023031356
lowz,1261,20.0,147.16,4110.747326965251,150.0,0.11815,-1.46,0.197,61899.13,355.56125,-2.6267211,-18.683874,20.091286,0.00014592517,salt2,,lowz,0.04165033
lowz,1269,20.0,113.2,1550.6720485317612,150.0,0.13265,-0.185,-0.094,61901.98,45.663998,-41.80516,-19.601555,19.44509,0.00026461162,salt2,,lowz,0.018036805
lowz,1272,20.0,124.52000000000001,444.56618841332937,150.0,0.12985,-1.95,-0.064,61901.38,31.849745,-44.677174,-19.413996,19.58247,0.00023316145,salt2,,lowz,0.022340296
lowz,1308,20.0,113.2,773.5163753750539,150.0,0.10695,-1.625,0.101,61897.34,46.986782,-22.93254,-18.827145,19.715929,0.00020619271,salt2,,lowz,0.02725883
lowz,1318,20.0,113.2,341.1638254305967,150.0,0.14335,0.805,-0.116,61904.508,51.874,-26.77894,-19.766102,19.46358,0.00026014372,salt2,,lowz,0.018939266
lowz,1360,20.0,48.11,749.4171754043577,150.0,0.06425,-0.915,0.023,61893.195,32.48513,-45.042988,-19.27028,18.10355,0.000910385,salt2,,lowz,0.023301775
lowz,1366,20.0,65.09,1128.3831991519494,150.0,0.09575,1.16,-0.083,61895.863,350.05493,-23.131643,-19.727789,18.558998,0.00059847475,salt2,,lowz,0.02620755
lowz,1375,20.0,82.07000000000001,3508.1592237582586,150.0,0.10065,-0.145,-0.038,61896.465,165.4067,-10.372969,-19.391888,19.01034,0.00039491957,salt2,,lowz,0.041189287
lowz,1381,20.0,101.88,2558.680929247922,150.0,0.10625,0.7,0.189,61897.24,317.15994,-62.261448,-18.837114,19.690704,0.00021103928,salt2,,lowz,0.049419504
lowz,1384,20.0,169.8,829.1193087045133,150.0,0.14015,-2.065,0.076,61903.72,15.420322,-59.553246,-18.688591,20.487726,0.0001012871,salt2,,lowz,0.023541706
lowz,1439,20.0,135.84,1490.757439489912,150.0,0.12485,-1.31,0.107,61900.38,83.83356,-26.167595,-18.832844,20.071436,0.00014861752,salt2,,lowz,0.031225435
lowz,1453,20.0,135.84,1615.286994910939,150.0,0.13965,0.41,0.05,61903.58,9.283834,-39.352165,-19.173029,19.994848,0.00015947962,salt2,,lowz,0.016794726
lowz,1456,20.0,181.12,1210.885218377809,150.0,0.14045,-2.96,0.072,61903.79,65.195564,-34.11313,-18.738094,20.443275,0.00010552,salt2,,lowz,0.047200993
lowz,1475,20.0,135.84,1642.8073303689748,150.0,0.13155,-0.1,0.103,61901.758,354.72708,-19.164272,-18.978664,20.048386,0.00015180648,salt2,,lowz,0.032920122
lowz,1477,20.0,124.52000000000001,1312.3168364312621,150.0,0.14205,0.03,-0.091,61904.17,46.587284,-40.221348,-19.570219,19.637918,0.00022155304,salt2,,lowz,0.019503498
lowz,1487,20.0,124.52000000000001,967.901209323571,150.0,0.09105,-1.405,0.392,61895.33,20.622124,-15.301539,-17.94844,20.222229,0.00012934608,salt2,,lowz,0.0222945
lowz,1506,20.0,147.16,784.2340508009127,150.0,0.14645,-0.42,-0.006,61905.293,11.291405,-39.4569,-19.18354,20.09678,0.00014518849,salt2,,lowz,0.015547613
lowz,1508,20.0,59.43,1142.5603546080754,150.0,0.08355,0.48,2.7755576e-16,61894.586,67.805756,-44.923016,-19.487122,18.485895,0.0006401575,salt2,,lowz,0.028505318
lowz,1540,20.0,33.96,2350.1939550605866,150.0,0.06075,0.7,-0.119,61893.01,175.23187,-10.08544,-19.801958,17.444925,0.0016698403,salt2,,lowz,0.034010544
lowz,1544,20.0,28.3,2634.9984535077297,150.0,0.05715,0.6,-0.179,61892.848,307.81393,-49.3866,-19.907349,17.201391,0.002089722,salt2,,lowz,0.039611526
lowz,1558,20.0,48.11,2435.754129781077,150.0,0.07035,0.73,-0.012,61893.562,83.04874,-21.565363,-19.452612,18.127369,0.0008906298,salt2,,lowz,0.048539925
lowz,1560,20.0,90.56,2351.9587422672284,150.0,0.11255,-0.135,-0.065,61898.19,333.96906,-29.148806,-19.373764,19.288076,0.00030578344,salt2,,lowz,0.02127656
lowz,1574,20.0,147.16,3371.9356722231255,150.0,0.14785,0.445,0.033,61905.656,138.20197,-7.691036,-19.191452,20.111414,0.00014324483,salt2,,lowz,0.048814587
lowz,1576,20.0,147.16,3255.9136513288263,150.0,0.13525,0.745,0.206,61902.55,354.6654,-19.406652,-18.776976,20.315382,0.00011871121,salt2,,lowz,0.041607935
lowz,1580,20.0,113.2,3151.525845840721,150.0,0.11995,-0.125,0.086,61899.45,128.23798,-0.37168944,-19.024546,19.785969,0.00019331137,salt2,,lowz,0.046445254
lowz,1584,20.0,158.48000000000002,3088.2898753378317,150.0,0.14905,1.05,0.143,61905.98,0.5594685,-3.1526377,-18.839142,20.48289,0.0001017394,salt2,,lowz,0.043915953
lowz,1589,20.0,135.84,921.7528946771538,150.0,0.13155,-1.01,0.068,61901.74,31.147243,-12.1848955,-19.097643,19.929407,0.00016938773,salt2,,lowz,0.028201671
lowz,1593,20.0,147.16,1146.6005703543801,150.0,0.13605,0.11,0.148,61902.74,72.26885,-28.328697,-18.644623,20.461636,0.00010375053,salt2,,lowz,0.035118796
lowz,1602,20.0,36.79,1058.3496801928165,150.0,0.05305,-0.685,0.077,61892.676,29.568102,-26.996185,-19.127583,17.813211,0.0011894885,salt2,,lowz,0.01910813
lowz,1613,20.0,113.2,828.9670022959824,150.0,0.12265,-0.47,-0.028,61899.945,47.81425,-50.716084,-19.295525,19.567093,0.00023648738,salt2,,lowz,0.029880578
lowz,1622,20.0,147.16,473.4449125713069,150.0,0.14855,-0.95,-0.057,61905.855,46.7119,-39.011826,-19.523489,19.790573,0.00019249317,salt2,,lowz,0.027647888
lowz,1631,20.0,87.73,520.330561195819,150.0,0.11295,1.305,-0.034,61898.25,46.13519,-52.813404,-19.410908,19.259201,0.00031402512,salt2,,lowz,0.020862835
lowz,1635,20.0,113.2,955.7759053755699,150.0,0.11625,0.005,0.063,61898.797,355.3467,-45.8378,-19.215832,19.52146,0.0002466386,salt2,,lowz,0.01577345
lowz,1655,20.0,73.58,1061.5461437273937,150.0,0.10555,0.65,-0.108,61897.137,323.66632,-18.550255,-19.838886,18.67358,0.0005385337,salt2,,lowz,0.045428485
lowz,1656,20.0,124.52000000000001,2373.1170106972577,150.0,0.11545,-2.78,0.044,61898.67,72.900665,-31.145119,-18.60586,20.11531,0.00014273163,salt2,,lowz,0.022402905
lowz,1662,20.0,203.76,899.6818722251182,150.0,0.14915,0.58,0.34,61906.03,38.412964,-25.938862,-18.47619,20.84743,7.272315e-05,salt2,,lowz,0.031180518
lowz,1686,20.0,135.84,1403.5696509509235,150.0,0.11775,-1.505,0.132,61899.06,336.73633,-36.20756,-18.782793,19.984442,0.00016101552,salt2,,lowz,0.01893275
lowz,1704,20.0,135.84,703.5471929015375,150.0,0.13165,-1.3,-0.02,61901.777,331.4533,-14.796818,-19.197926,19.830912,0.0001854726,salt2,,lowz,0.0405353
lowz,1709,20.0,158.48000000000002,1742.1459483826536,150.0,0.14805,-0.015,0.088,61905.71,44.885426,-40.675674,-19.164558,20.14151,0.00013932867,salt2,,lowz,0.021154622
lowz,1714,20.0,147.16,1365.1709219113625,150.0,0.13125,-0.04,0.175,61901.69,328.3772,-52.78437,-18.840298,20.181381,0.00013430492,salt2,,lowz,0.021308973
lowz,1764,20.0,67.92,1603.9607434617228,150.0,0.08925,-0.735,-0.07,61895.145,23.9874,-9.80615,-19.413204,18.71148,0.0005200593,salt2,,lowz,0.032608233
lowz,1772,20.0,53.77,1629.5734358596414,150.0,0.07335,0.275,0.021,61893.76,327.7989,-54.889,-19.263357,18.411797,0.0006853713,salt2,,lowz,0.025866192
lowz,1773,20.0,135.84,1134.1221659537348,150.0,0.14805,1.245,0.031,61905.71,22.91167,-36.95554,-19.486769,19.8193,0.00018746685,salt2,,lowz,0.01890194
lowz,1798,20.0,59.43,954.3173943108757,150.0,0.08635,0.885,-0.026,61894.85,64.17895,-54.460667,-19.572142,18.47657,0.00064567936,salt2,,lowz,0.017393345
lowz,1840,20.0,73.58,271.44789304810456,150.0,0.09465,-0.045,-0.016,61895.734,68.71988,-53.666836,-19.315481,18.944622,0.00041956178,salt2,,lowz,0.007917512
lowz,1848,20.0,158.48000000000002,1313.254987716579,150.0,0.14185,-1.09,0.09,61904.117,353.96558,-42.23694,-18.863508,20.341297,0.00011591128,salt2,,lowz,0.019351238
lowz,1851,20.0,113.2,986.1153813792555,150.0,0.12455,-0.475,-0.022,61900.312,358.43765,-8.019065,-19.357975,19.540665,0.00024231416,salt2,,lowz,0.045766145
lowz,1864,20.0,135.84,737.6084321580718,150.0,0.14725,-0.53,-0.066,61905.5,20.100224,-18.31028,-19.50606,19.787169,0.00019309788,salt2,,lowz,0.028000183
lowz,1865,20.0,113.2,511.0961690252446,150.0,0.11155,-1.85,0.039,61898.023,6.9836555,-13.755365,-18.917747,19.723299,0.00020479773,salt2,,lowz,0.039806604
lowz,1876,20.0,147.16,1132.0671589987871,150.0,0.14705,0.29,0.033,61905.46,1.9108769,-54.47283,-19.143858,20.14615,0.00013873454,salt2,,lowz,0.020173578
lowz,1885,20.0,79.24000000000001,2958.658363356519,150.0,0.10105,0.05,-0.047,61896.516,172.24944,-3.1291268,-19.45569,18.955725,0.00041529333,salt2,,lowz,0.045515057
lowz,1902,20.0,158.48000000000002,256.9744815242794,150.0,0.13515,-1.06,0.146,61902.53,173.3637,-4.9565587,-18.60999,20.480625,0.00010195169,salt2,,lowz,0.049432363
lowz,1905,20.0,90.56,2866.8270714536775,150.0,0.10305,-1.135,0.015,61896.79,318.31445,-49.332558,-19.118275,19.338568,0.00029188916,salt2,,lowz,0.041801438
lowz,1913,20.0,135.84,648.9422069657046,150.0,0.14895,-1.62,-0.164,61905.97,347.92566,-58.59753,-19.260273,20.060165,0.00015016842,salt2,,lowz,0.020028554
lowz,1918,20.0,90.56,1570.520664482655,150.0,0.08855,0.5,0.32,61895.07,40.030582,-12.32775,-18.403204,19.70336,0.00020859372,salt2,,lowz,0.03493223
lowz,1922,20.0,50.94,1185.8022679609091,150.0,0.06375,-0.04,0.164,61893.168,66.31656,-49.862064,-18.830566,18.525543,0.00061720243,salt2,,lowz,0.015558961
lowz,1940,20.0,169.8,1764.6263064860648,150.0,0.13785,-2.19,0.098,61903.16,355.96722,-11.057581,-18.500996,20.636261,8.833658e-05,salt2,,lowz,0.037351206
lowz,1943,20.0,67.92,886.5899402794064,150.0,0.08355,-0.07,0.051,61894.59,26.074663,-6.7726827,-19.179152,18.793865,0.00048205763,salt2,,lowz,0.02896768
lowz,1990,20.0,42.45,583.5049239981263,150.0,0.06765,0.75,-0.045,61893.39,9.964025,-2.52368,-19.615427,17.875513,0.0011231547,salt2,,lowz,0.03820602
lowz,2014,20.0,39.620000000000005,496.5122044120218,150.0,0.04795,0.8,0.367,61892.504,9.812018,-15.27478,-18.384228,18.329203,0.00073954347,salt2,,lowz,0.021474557
lowz,2019,20.0,169.8,1338.649467307558,150.0,0.12905,-0.035,0.334,61901.215,62.258842,-19.228945,-18.333807,20.648136,8.737561e-05,salt2,,lowz,0.034354266
lowz,2030,20.0,28.3,997.105630709458,150.0,0.05755,0.82,0.074,61892.86,24.9797,-25.635265,-19.207113,17.917383,0.0010806655,salt2,,lowz,0.018638074
lowz,2035,20.0,90.56,971.6990834249432,150.0,0.11535,-0.04,-0.061,61898.66,357.89917,-3.99659,-19.580956,19.138193,0.00035104883,salt2,,lowz,0.045618124
lowz,2040,20.0,101.88,1771.6210320326697,150.0,0.13295,0.375,-0.156,61902.047,60.65606,-48.588963,-19.94904,19.10292,0.00036264045,salt2,,lowz,0.019289933
lowz,2047,20.0,87.73,1896.205628629229,150.0,0.11195,0.91,-0.061,61898.09,133.0676,-4.8627977,-19.673666,18.97572,0.00040771556,salt2,,lowz,0.024281349
lowz,2090,20.0,113.2,2736.0496212196017,150.0,0.12795,0.33,-0.002,61900.996,13.96595,-30.549368,-19.430685,19.531149,0.0002444472,salt2,,lowz,0.02501963
lowz,2106,20.0,70.75,1254.5834513118436,150.0,0.09865,1.085,-0.041,61896.21,71.10557,-48.090954,-19.593683,18.762083,0.0004963768,salt2,,lowz,0.022583993
lowz,2142,20.0,124.52000000000001,1304.9384659066106,150.0,0.12485,1.565,0.193,61900.37,347.1274,-56.899055,-18.895985,20.008297,0.0001575166,salt2,,lowz,0.018040042
lowz,2144,20.0,124.52000000000001,1087.0038490180589,150.0,0.11965,-1.89,0.016,61899.4,355.32312,-18.469479,-19.12216,19.682495,0.00021264079,salt2,,lowz,0.026938312
lowz,2147,20.0,90.56,1019.8423159601198,150.0,0.10915,0.105,-0.009,61897.66,351.5626,-54.291916,-19.402111,19.188305,0.00033521443,salt2,,lowz,0.015234714
lowz,2156,20.0,147.16,1042.1114215786556,150.0,0.14695,-0.06,2.7755576e-16,61905.434,347.5644,-17.495686,-19.319183,19.969213,0.00016328995,salt2,,lowz,0.039663248
lowz,2209,20.0,82.07000000000001,1023.175478779269,150.0,0.09855,0.58,0.035,61896.2,25.436596,-26.307287,-19.365814,18.987606,0.00040327595,salt2,,lowz,0.019935828
lowz,2210,20.0,56.6,2756.01019833375,150.0,0.08695,-8.526513e-14,-0.166,61894.91,142.1964,-1.922522,-19.900042,18.164585,0.0008606183,salt2,,lowz,0.0374272
lowz,2211,20.0,90.56,2666.9462495254693,150.0,0.11905,0.795,-0.016,61899.293,343.89066,-67.51269,-19.488958,19.303942,0.00030134764,salt2,,lowz,0.035994455
lowz,2212,20.0,113.2,1089.2533376820022,150.0,0.13655,0.25,-0.102,61902.867,17.159353,-33.533527,-19.565884,19.549023,0.00024045582,salt2,,lowz,0.028715529
lowz,2215,20.0,169.8,1148.554027511696,150.0,0.12185,-1.965,0.266,61899.812,325.14087,-39.557793,-18.15677,20.690521,8.403035e-05,salt2,,lowz,0.029494287
lowz,2223,20.0,113.2,727.4661955123463,150.0,0.12085,-0.08,0.008,61899.61,318.0334,-62.13278,-19.320997,19.507006,0.0002499437,salt2,,lowz,0.04691536
lowz,2238,20.0,135.84,990.3879864352009,150.0,0.14595,1.135,0.035,61905.168,16.445427,-48.281902,-19.291609,19.980614,0.00016158445,salt2,,lowz,0.019583179
lowz,2251,20.0,101.88,676.047496068307,150.0,0.11515,0.975,0.073,61898.62,13.735005,-27.682415,-19.256214,19.458885,0.00026127082,salt2,,lowz,0.01920308
lowz,2282,20.0,31.130000000000003,329.3646868013131,150.0,0.05845,1.53,-0.097,61892.902,15.802953,-22.674053,-19.780796,17.378773,0.0017747442,salt2,,lowz,0.022020407
lowz,2286,20.0,65.09,1384.4894403934868,150.0,0.08635,0.43,0.015,61894.848,319.89893,-54.45715,-19.190334,18.858376,0.00045424927,salt2,,lowz,0.049736846
lowz,2292,20.0,158.48000000000002,1979.1903088870733,150.0,0.14315,0.08,0.163,61904.46,36.26417,-4.4904666,-18.824081,20.402296,0.00010957883,salt2,,lowz,0.029391056
lowz,2301,20.0,113.2,1645.2484834956958,150.0,0.12455,0.415,0.081,61900.324,332.578,-18.549324,-19.016039,19.882603,0.00017684957,salt2,,lowz,0.031194387
lowz,2304,20.0,59.43,1278.947444351834,150.0,0.07595,0.425,0.086,61893.953,348.81116,-64.69833,-19.18593,18.568739,0.00059312873,salt2,,lowz,0.02841357
lowz,2312,20.0,33.96,1283.6316321895576,150.0,0.04945,-0.9,0.051,61892.55,63.855503,-40.774612,-19.000235,17.782408,0.0012237182,salt2,,lowz,0.023267658
lowz,2317,20.0,158.48000000000002,2032.544047246455,150.0,0.14435,0.16,0.142,61904.754,340.04718,-6.917295,-18.861012,20.385115,0.000111326575,salt2,,lowz,0.047168378
lowz,2321,20.0,101.88,871.9707275312651,150.0,0.14115,2.38,-0.141,61903.94,332.7707,-35.535755,-20.127708,19.065407,0.00037538962,salt2,,lowz,0.017033119
lowz,2375,20.0,67.92,770.7899884644305,150.0,0.07485,0.645,0.257,61893.875,344.75262,-59.173683,-18.70993,19.011421,0.00039452646,salt2,,lowz,0.027675455
lowz,2378,20.0,147.16,1129.3953389070946,150.0,0.14435,-0.61,-0.022,61904.766,52.96318,-46.91266,-19.422361,19.823765,0.00018669755,salt2,,lowz,0.015176121
lowz,2394,20.0,16.98,3000.1692804767226,150.0,0.03735,-0.315,-0.096,61892.24,198.76709,-0.81566894,-19.372551,16.781824,0.0030754928,salt2,,lowz,0.026347166
lowz,2421,20.0,90.56,2514.035403207048,150.0,0.09925,-1.93,0.031,61896.285,81.6979,-60.690964,-19.051733,19.318066,0.00029745334,salt2,,lowz,0.04199915
lowz,2426,20.0,76.41,1200.6146638980572,150.0,0.07375,-0.335,0.323,61893.793,333.49103,-64.36241,-18.180662,19.506899,0.0002499685,salt2,,lowz,0.03281559
lowz,2430,20.0,169.8,2487.7490222950887,150.0,0.14345,0.245,0.189,61904.52,207.98825,-3.8349519,-18.764437,20.466892,0.00010324948,salt2,,lowz,0.038805585
lowz,2439,20.0,101.88,2636.947324332292,150.0,0.10385,-0.59,0.157,61896.89,346.08868,-60.948486,-18.724545,19.750233,0.0001997797,salt2,,lowz,0.030443737
lowz,2462,20.0,135.84,2672.3775814335468,150.0,0.13265,0.595,0.108,61901.977,147.12215,-8.304146,-18.97418,20.072464,0.00014847699,salt2,,lowz,0.03749152
lowz,2480,20.0,90.56,2872.0360118991675,150.0,0.08915,-0.215,0.23,61895.133,27.91854,-4.643062,-18.459303,19.6628,0.0002165332,salt2,,lowz,0.03566579
lowz,2485,20.0,56.6,1714.7404651343418,150.0,0.06865,0.365,0.161,61893.45,323.54938,-36.388947,-18.947004,18.577305,0.0005884677,salt2,,lowz,0.045822717
lowz,2488,20.0,158.48000000000002,2539.0283420667934,150.0,0.14175,-0.03,0.135,61904.105,73.14346,-3.881657,-18.845816,20.357323,0.00011421297,salt2,,lowz,0.049755335
lowz,2511,20.0,147.16,2221.8739914587104,150.0,0.13055,1.075,0.248,61901.53,162.38318,-0.65895617,-18.703865,20.30524,0.00011982531,salt2,,lowz,0.046353243
lowz,2533,20.0,101.88,3211.090684531723,150.0,0.12145,-0.1,-0.033,61899.727,15.372087,-34.77938,-19.130991,19.708603,0.0002075886,salt2,,lowz,0.0222429
lowz,2545,20.0,90.56,2883.367022864597,150.0,0.10635,0.745,0.12,61897.254,159.96884,-16.706793,-18.989634,19.540369,0.00024238016,salt2,,lowz,0.04840043
lowz,2561,20.0,87.73,1884.5012939844678,150.0,0.10645,-0.75,-0.08,61897.258,77.38166,-36.912075,-19.539572,18.992613,0.00040142037,salt2,,lowz,0.03133846
lowz,2577,20.0,124.52000000000001,455.7300522881685,150.0,0.14625,0.575,-0.085,61905.24,74.66863,-26.21236,-19.733751,19.543333,0.00024171929,salt2,,lowz,0.046570897
lowz,2590,20.0,101.88,846.179865210463,150.0,0.10945,0.115,0.083,61897.703,42.833363,-30.171238,-19.026047,19.570755,0.00023569087,salt2,,lowz,0.023523793
lowz,2603,20.0,135.84,832.9951136891832,150.0,0.13725,0.59,0.099,61903.016,12.8276005,-44.68242,-19.12218,20.004786,0.00015802668,salt2,,lowz,0.014386079
lowz,2608,20.0,113.2,1002.3624229474244,150.0,0.12535,0.67,0.072,61900.47,342.1663,-20.28974,-19.131416,19.782238,0.00019397662,salt2,,lowz,0.042733278
lowz,2631,20.0,101.88,3435.3748711564717,150.0,0.10775,-0.39,0.133,61897.453,139.95062,-9.610317,-18.799236,19.76116,0.00019777939,salt2,,lowz,0.044076987
lowz,2656,20.0,135.84,2980.260988715995,150.0,0.13545,-0.27,0.075,61902.598,11.453231,-16.391588,-18.904507,20.191334,0.0001330795,salt2,,lowz,0.021810519
lowz,2664,20.0,45.28,632.484368693181,150.0,0.06365,-0.355,0.028,61893.16,352.10147,-20.365978,-19.078903,18.273645,0.0007783712,salt2,,lowz,0.03392524
lowz,2691,20.0,113.2,955.6967920584309,150.0,0.11825,0.625,0.138,61899.14,27.694607,-25.99094,-18.891674,19.885466,0.0001763838,salt2,,lowz,0.018340155
lowz,2705,20.0,16.98,394.9210128068616,150.0,0.03475,-0.165,-0.094,61892.19,22.927608,-19.011116,-19.62486,16.368732,0.00449937,salt2,,lowz,0.017530197
lowz,2726,20.0,135.84,683.0659504362256,150.0,0.14965,-0.1,-0.044,61906.168,13.737738,-38.453968,-19.394083,19.937477,0.00016813345,salt2,,lowz,0.0154409185
lowz,2744,20.0,82.07000000000001,640.5415884758108,150.0,0.10295,-0.505,-0.057,61896.773,37.57871,-46.11126,-19.255482,19.199106,0.0003318959,salt2,,lowz,0.024287356
lowz,2746,20.0,73.58,1103.7743353681578,150.0,0.08885,1.095,0.166,61895.1,336.6506,-50.356834,-19.092411,19.021936,0.00039072434,salt2,,lowz,0.018917426
lowz,2761,20.0,73.58,989.7272707305324,150.0,0.08515,0.05,0.12,61894.734,15.731266,-31.280973,-18.88694,19.129622,0.00035383148,salt2,,lowz,0.028541837
lowz,2762,20.0,169.8,833.4362523184084,150.0,0.14115,-2.175,0.063,61903.957,41.70422,-51.311165,-18.626904,20.56621,9.422377e-05,salt2,,lowz,0.031026192
lowz,2772,20.0,113.2,703.4756217653133,150.0,0.13275,-1.405,-0.146,61902.016,11.432109,-67.51009,-19.415842,19.632576,0.00022264585,salt2,,lowz,0.026149927
lowz,2773,20.0,147.16,714.1211540279279,150.0,0.11305,0.29,0.363,61898.277,23.862598,-46.071575,-18.174881,20.497292,0.000100398785,salt2,,lowz,0.021698073
lowz,2789,20.0,113.2,885.8171201655575,150.0,0.13325,0.135,-0.025,61902.117,68.36951,-63.15399,-19.4574,19.599869,0.00022945488,salt2,,lowz,0.042422425
lowz,2802,20.0,48.11,2162.272272933563,150.0,0.07025,0.545,0.027,61893.555,173.39574,-11.303433,-19.25971,18.317032,0.00074787973,salt2,,lowz,0.03849701
lowz,2804,20.0,76.41,2208.51434893131,150.0,0.06695,-0.18,0.46,61893.344,79.859,-23.967665,-17.858458,19.60884,0.00022756666,salt2,,lowz,0.033943642
lowz,2811,20.0,113.2,2950.1362676872186,150.0,0.13125,-1.835,-0.15,61901.688,208.45648,-6.309397,-19.612503,19.409178,0.00027351035,salt2,,lowz,0.030710805
lowz,2817,20.0,124.52000000000001,2657.5718792921957,150.0,0.13095,-1.525,-0.104,61901.617,339.03937,-51.41932,-19.575974,19.440325,0.0002657753,salt2,,lowz,0.017440967
lowz,2820,20.0,101.88,1860.2309483775177,150.0,0.09975,-1.165,0.182,61896.35,62.818665,-16.7085,-18.524603,19.856827,0.00018109819,salt2,,lowz,0.034432355
lowz,2823,20.0,82.07000000000001,859.401064620055,150.0,0.10915,0.715,-0.06,61897.664,51.289135,-43.836285,-19.818089,18.772327,0.0004917154,salt2,,lowz,0.017119473
lowz,2828,20.0,101.88,1934.8443330868997,150.0,0.11765,0.115,0.029,61899.043,139.00662,-17.33525,-19.24142,19.52383,0.00024610062,salt2,,lowz,0.043964643
lowz,2845,20.0,56.6,3003.621648013029,150.0,0.07425,0.385,0.064,61893.824,331.57965,-37.570374,-19.199957,18.503023,0.0006301375,salt2,,lowz,0.025036944
lowz,2873,20.0,73.58,1457.5038099544443,150.0,0.09715,0.095,-0.031,61896.023,49.204674,-48.42278,-19.449059,18.871271,0.00044888622,salt2,,lowz,0.026091281
lowz,2889,20.0,113.2,3118.7487315184935,150.0,0.13485,0.795,-0.05,61902.47,218.99855,-1.865512,-19.671783,19.413597,0.00027239937,salt2,,lowz,0.0476991
lowz,2901,20.0,135.84,2435.3153601614163,150.0,0.13825,0.34,0.046,61903.25,337.15567,-67.49368,-19.1882,19.955893,0.00016530565,salt2,,lowz,0.035103623
lowz,2902,20.0,101.88,950.6867692442695,150.0,0.12705,1.345,0.005,61900.812,335.12503,-34.639652,-19.597908,19.347353,0.00028953652,salt2,,lowz,0.018031167
lowz,2906,20.0,124.52000000000001,628.3323307347407,150.0,0.13035,-0.175,0.029,61901.492,332.41837,-16.206215,-19.1609,19.8446,0.00018314905,salt2,,lowz,0.04026315
lowz,2925,20.0,147.16,535.6994730228146,150.0,0.14435,0.745,0.103,61904.75,326.8582,-2.7903657,-19.23019,20.015938,0.00015641193,salt2,,lowz,0.04784181
lowz,2973,20.0,158.48000000000002,1122.8982431290808,150.0,0.14965,-1.78,-0.07,61906.15,347.25775,-38.77394,-19.23482,20.096739,0.00014519409,salt2,,lowz,0.022211466
lowz,2990,20.0,124.52000000000001,787.181028746581,150.0,0.14345,0.27,-0.074,61904.527,19.927664,-37.32705,-19.50065,19.730679,0.00020341038,salt2,,lowz,0.021661494
lowz,3000,20.0,135.84,622.2533140652054,150.0,0.13155,-1.92,-0.031,61901.758,28.080196,-54.78594,-19.0345,19.99255,0.00015981765,salt2,,lowz,0.0438552
lowz,3010,20.0,147.16,2378.292314517225,150.0,0.14445,-0.495,0.032,61904.777,145.76646,-11.02482,-19.11796,20.129805,0.00014083889,salt2,,lowz,0.049445625
lowz,3015,20.0,147.16,2403.7443837741757,150.0,0.13175,-2.05,0.04,61901.78,20.04746,-59.47866,-18.864483,20.166143,0.00013620334,salt2,,lowz,0.033470165
lowz,3034,20.0,158.48000000000002,1093.8587083504983,150.0,0.13615,-1.035,0.117,61902.76,23.200888,-20.325678,-18.580193,20.527798,9.761706e-05,salt2,,lowz,0.021448445
lowz,3039,20.0,90.56,1306.090167865118,150.0,0.09915,-0.26,0.143,61896.28,69.17048,-1.5689813,-18.909378,19.458086,0.00026146302,salt2,,lowz,0.042189777
lowz,3090,20.0,101.88,2298.3606763035436,150.0,0.11565,-0.04,0.014,61898.695,335.97174,-17.297571,-19.368032,19.357178,0.00028692835,salt2,,lowz,0.045089807
lowz,3113,20.0,113.2,894.0764249386787,150.0,0.13625,0.43,-0.062,61902.797,349.92822,-45.337505,-19.620142,19.48958,0.00025398761,salt2,,lowz,0.012234433
lowz,3135,20.0,113.2,344.4989966129098,150.0,0.11745,-1.005,0.011,61899.016,358.0596,-43.715145,-19.141834,19.619442,0.00022535521,salt2,,lowz,0.014285543
lowz,3140,20.0,124.52000000000001,376.68155447853593,150.0,0.14465,-0.115,-0.09,61904.82,7.8027916,-46.59285,-19.449213,19.801826,0.00019050836,salt2,,lowz,0.015446554
lowz,3160,20.0,39.620000000000005,1645.5282639676238,150.0,0.05205,1.51,0.314,61892.64,81.85511,-21.665585,-18.697365,18.200565,0.00083256536,salt2,,lowz,0.046868693
lowz,3164,20.0,147.16,2056.7038856128056,150.0,0.13875,-1.98,-0.065,61903.383,353.25296,-18.938951,-19.097424,20.055191,0.0001508581,salt2,,lowz,0.040588893
lowz,3200,20.0,90.56,515.0435441348441,150.0,0.11175,0.945,0.049,61898.062,5.869013,-25.907074,-19.29915,19.34607,0.00028987927,salt2,,lowz,0.017966693
lowz,3279,20.0,147.16,3289.0875675761504,150.0,0.11865,-0.745,0.274,61899.215,154.3955,-5.1161437,-18.433197,20.351835,0.000114791736,salt2,,lowz,0.048596036
lowz,3299,20.0,135.84,356.0027973590519,150.0,0.13575,-1.61,-0.068,61902.668,158.81256,-9.956839,-19.35784,19.743216,0.00020107518,salt2,,lowz,0.046921086
lowz,3301,20.0,87.73,2184.3983001296606,150.0,0.11005,0.43,-0.052,61897.793,64.146805,-37.896652,-19.460888,19.148638,0.00034768798,salt2,,lowz,0.025003826
lowz,3317,20.0,113.2,1825.1444143884432,150.0,0.13775,0.375,-0.12,61903.145,340.58072,-22.347353,-19.699366,19.43618,0.00026679208,salt2,,lowz,0.031864
lowz,3326,20.0,113.2,806.758182171428,150.0,0.12545,-0.505,-0.025,61900.5,8.697885,-31.064985,-19.314016,19.60151,0.00022910845,salt2,,lowz,0.022261538
lowz,3339,20.0,124.52000000000001,516.9095696353054,150.0,0.14445,0.89,-0.025,61904.79,21.62167,-39.799473,-19.447498,19.800266,0.00019078233,salt2,,lowz,0.021146426
lowz,3344,20.0,101.88,728.8730143496996,150.0,0.10255,-0.2,0.146,61896.72,359.8094,-25.672735,-18.900202,19.54536,0.00024126828,salt2,,lowz,0.022170246
lowz,3393,20.0,113.2,894.6711418652988,150.0,0.11265,-0.63,0.141,61898.207,32.5132,-38.776737,-18.771544,19.892368,0.00017526603,salt2,,lowz,0.022066655
lowz,3407,20.0,73.58,969.2190670000082,150.0,0.08975,-1.46,-0.028,61895.195,1.555277,-18.392256,-19.239714,18.897831,0.00043803823,salt2,,lowz,0.03101112
lowz,3410,20.0,50.94,698.6579742314352,150.0,0.05895,-0.92,0.198,61892.926,21.578634,-30.260822,-18.545692,18.633135,0.00055897294,salt2,,lowz,0.02390912
lowz,3413,20.0,45.28,853.9159103644138,150.0,0.06945,-1.495,-0.157,61893.504,357.3104,-12.547993,-19.682457,17.868212,0.0011307322,salt2,,lowz,0.030842701
lowz,3418,20.0,48.11,1184.8781174630542,150.0,0.06795,-0.53,-0.014,61893.41,321.75516,-43.08918,-19.204044,18.296955,0.0007618383,salt2,,lowz,0.03753738
lowz,3420,20.0,101.88,1767.2867104323227,150.0,0.10815,-2.37,-0.078,61897.52,36.350952,-14.370203,-19.276749,19.292261,0.0003046074,salt2,,lowz,0.024135005
lowz,3431,20.0,48.11,3094.8923372974077,150.0,0.07325,0.435,-0.057,61893.758,171.52551,-12.94996,-19.553204,18.11884,0.0008976543,salt2,,lowz,0.042971287
lowz,3446,20.0,135.84,1928.4764195056785,150.0,0.11515,0.865,0.309,61898.617,90.28518,-29.056683,-18.595058,20.12004,0.0001421112,salt2,,lowz,0.04412962
lowz,3451,20.0,113.2,701.2409144302571,150.0,0.12025,0.775,0.093,61899.516,72.86916,-46.09101,-19.178556,19.6378,0.0002215768,salt2,,lowz,0.022249809
lowz,3456,20.0,113.2,1143.3302688567705,150.0,0.12915,-1.535,-0.103,61901.23,44.063225,-12.576998,-19.386408,19.597355,0.00022998669,salt2,,lowz,0.039305925
lowz,3462,20.0,135.84,3713.5626200286615,150.0,0.13335,0.28,0.072,61902.133,205.68367,-4.070293,-19.127522,19.931513,0.00016905947,salt2,,lowz,0.038746744
lowz,3489,20.0,67.92,3324.408665685089,150.0,0.09135,0.425,-0.052,61895.363,356.43768,-26.944664,-19.540194,18.638056,0.00055644516,salt2,,lowz,0.021821668
lowz,3535,20.0,50.94,3096.9452777722177,150.0,0.07535,-0.06,-0.079,61893.91,131.93694,-2.5260904,-19.589195,18.147358,0.00087438244,salt2,,lowz,0.029705139
lowz,3551,20.0,101.88,2506.232100985687,150.0,0.09625,-0.595,0.182,61895.92,29.625908,-8.294404,-18.643122,19.655699,0.00021795437,salt2,,lowz,0.028988639
lowz,3552,20.0,16.98,3205.2507314489903,150.0,0.03275,-0.085,-0.032,61892.164,163.8739,-3.9112668,-19.509811,16.3519,0.004569672,salt2,,lowz,0.043121997
lowz,3567,20.0,158.48000000000002,627.688632585757,150.0,0.10065,-0.595,0.555,61896.473,182.00719,-8.356388,-17.432543,20.969685,6.497872e-05,salt2,,lowz,0.03719848
lowz,3570,20.0,53.77,553.7179054429405,150.0,0.07595,0.975,0.034,61893.953,169.50906,-17.61759,-19.248352,18.506319,0.00062822783,salt2,,lowz,0.049554344
lowz,3571,20.0,73.58,2715.344068655752,150.0,0.10375,0.3,-0.123,61896.88,20.812529,-45.17832,-19.657999,18.814545,0.00047296286,salt2,,lowz,0.013971666
lowz,3615,20.0,59.43,870.9969081431123,150.0,0.08375,0.155,-0.059,61894.6,352.26462,-26.66998,-19.42469,18.553812,0.00060133944,salt2,,lowz,0.023007527
lowz,3620,20.0,147.16,1632.7026898937404,150.0,0.14725,-0.47,0.013,61905.516,60.60414,-18.027058,-19.1675,20.125729,0.0001413687,salt2,,lowz,0.032405958
lowz,3626,20.0,135.84,1260.7287221528616,150.0,0.12875,-2.735,-0.065,61901.15,77.986534,-63.06754,-19.09334,19.883133,0.00017676299,salt2,,lowz,0.036574602
lowz,3628,20.0,124.52000000000001,583.120995457192,150.0,0.13715,1.61,0.101,61902.99,77.86785,-46.47835,-19.175997,19.949251,0.00016631994,salt2,,lowz,0.020830803
lowz,3637,20.0,8.49,1671.7800911749728,150.0,0.04205,-1.27,0.029,61892.34,4.7001653,-19.072136,-19.222237,17.196894,0.002098395,salt2,,lowz,0.031281326
lowz,3638,20.0,22.64,1549.2724744096458,150.0,0.03825,-1.14,0.015,61892.258,69.83541,-47.727306,-18.946157,17.26134,0.0019774665,salt2,,lowz,0.013315596
lowz,3642,20.0,101.88,2274.2267615385013,150.0,0.11195,0.585,0.061,61898.094,171.75735,-8.621452,-19.270834,19.378551,0.0002813352,salt2,,lowz,0.04617
lowz,3672,20.0,158.48000000000002,2114.755069434258,150.0,0.14875,-0.375,0.044,61905.92,82.5991,-34.411854,-19.048237,20.269014,0.0001238907,salt2,,lowz,0.02512919
lowz,3688,20.0,101.88,1891.5613013016773,150.0,0.10515,-0.305,0.11,61897.074,323.68057,-57.85093,-18.96078,19.54287,0.0002418225,salt2,,lowz,0.04806243
lowz,3701,20.0,124.52000000000001,763.4016776961228,150.0,0.12455,0.405,0.087,61900.32,347.05695,-38.51266,-19.123037,19.775604,0.00019516566,salt2,,lowz,0.019083561
lowz,3703,20.0,73.58,264.7823942092162,150.0,0.09285,-0.435,-0.008,61895.523,350.23175,-38.48085,-19.342262,18.873535,0.00044795085,salt2,,lowz,0.023098413
lowz,3710,20.0,192.44,1122.7270214753485,150.0,0.14575,0.33,0.332,61905.113,36.55505,-26.315985,-18.396631,20.872343,7.10735e-05,salt2,,lowz,0.018308155
lowz,3725,20.0,169.8,707.1122359423798,150.0,0.14535,-1.7,0.062,61905.0,14.407823,-18.018559,-18.869358,20.393108,0.000110509885,salt2,,lowz,0.022596784
lowz,3728,20.0,147.16,1077.2144442940405,150.0,0.14355,0.345,0.053,61904.55,41.49216,-49.791893,-19.279747,19.95323,0.00016571161,salt2,,lowz,0.032275148
lowz,3735,20.0,113.2,794.7375042317758,150.0,0.12185,0.46,0.093,61899.81,10.805556,-36.202404,-19.297186,19.550108,0.00024021594,salt2,,lowz,0.018700007
lowz,3749,20.0,124.52000000000001,3060.3669808083864,150.0,0.13775,-0.03,-0.048,61903.133,153.45134,-4.5386157,-19.267687,19.867859,0.00017926749,salt2,,lowz,0.043728046
lowz,3761,20.0,147.16,2638.303676912727,150.0,0.09785,0.785,0.579,61896.11,43.549324,-16.412308,-17.486769,20.850163,7.254039e-05,salt2,,lowz,0.03090259
lowz,3771,20.0,147.16,399.27323712590794,150.0,0.14485,1.415,0.162,61904.89,48.565174,-23.419168,-18.912554,20.341757,0.00011586234,salt2,,lowz,0.02483842
lowz,3773,20.0,113.2,837.9883602055625,150.0,0.13685,0.73,-0.034,61902.938,76.543526,-37.802773,-19.504337,19.615746,0.00022612406,salt2,,lowz,0.027932338
lowz,3789,20.0,87.73,2056.733264341645,150.0,0.10305,-0.77,-0.041,61896.78,337.64728,-24.33516,-19.353558,19.103285,0.0003625193,salt2,,lowz,0.026912801
lowz,3824,20.0,82.07000000000001,590.5832063536084,150.0,0.09205,-1.545,-0.004,61895.434,343.2649,-40.58811,-19.27708,18.918762,0.0004296745,salt2,,lowz,0.018944655
lowz,3838,20.0,101.88,1348.094727389634,150.0,0.12265,-0.23,-0.062,61899.953,37.747322,-19.90236,-19.41142,19.451197,0.00026312744,salt2,,lowz,0.024402086
lowz,3851,20.0,203.76,1539.6937676007285,150.0,0.12895,-1.9,0.355,61901.188,339.42343,-65.32552,-18.03411,20.946012,6.641097e-05,salt2,,lowz,0.040133484
lowz,3872,20.0,56.6,1234.4141017646434,150.0,0.07215,1.03,0.175,61893.68,324.14404,-20.99813,-18.952421,18.68512,0.0005328405,salt2,,lowz,0.042377714
lowz,3874,20.0,87.73,2356.0112831431643,150.0,0.10235,-0.4,-0.004,61896.69,81.84017,-41.28888,-19.255135,19.185904,0.00033595675,salt2,,lowz,0.03184475
lowz,3909,20.0,147.16,1923.9073872426384,150.0,0.14705,-0.485,-0.021,61905.445,348.64197,-25.10537,-19.117247,20.172762,0.00013537549,salt2,,lowz,0.026720082
lowz,3991,20.0,101.88,905.647560808259,150.0,0.11395,1.315,0.108,61898.41,21.215647,-39.66075,-19.198782,19.491879,0.0002534508,salt2,,lowz,0.016861528
lowz,3996,20.0,147.16,912.2392396561436,150.0,0.14695,0.05,0.035,61905.438,58.2564,-31.045782,-19.098429,20.189966,0.00013324713,salt2,,lowz,0.013805101
lowz,4003,20.0,79.24000000000001,837.6734667175315,150.0,0.09015,0.27,0.095,61895.24,33.714252,-52.417152,-19.001083,19.146702,0.00034830856,salt2,,lowz,0.030059764
lowz,4007,20.0,101.88,793.2803447793804,150.0,0.12755,0.635,-0.031,61900.906,73.447136,-47.026264,-19.36444,19.59004,0.00023154129,salt2,,lowz,0.03452894
lowz,4015,20.0,113.2,1425.7806819720013,150.0,0.10145,0.69,0.348,61896.57,7.031502,-28.505,-18.305838,20.114729,0.00014280809,salt2,,lowz,0.023277951
lowz,4021,20.0,70.75,1516.4615156990717,150.0,0.08845,-0.17,0.028,61895.055,72.623245,-24.992666,-19.11217,18.991795,0.00040172314,salt2,,lowz,0.038499005
lowz,4025,20.0,135.84,682.8263759693925,150.0,0.13695,1.745,0.172,61902.95,73.4049,-45.990227,-19.16741,19.954395,0.00016553377,salt2,,lowz,0.02671092
lowz,4059,20.0,124.52000000000001,1504.54270898806,150.0,0.14145,0.63,-0.017,61904.023,20.077494,-10.453552,-19.505857,19.692274,0.00021073422,salt2,,lowz,0.04679509
lowz,4075,20.0,82.07000000000001,947.7392637791163,150.0,0.08635,-0.505,0.141,61894.855,19.299286,-43.190865,-18.658922,19.38979,0.00027843838,salt2,,lowz,0.011459582
lowz,4080,20.0,158.48000000000002,1283.6776686496755,150.0,0.14945,0.52,0.101,61906.1,73.48126,-24.739197,-19.153215,20.175173,0.0001350753,salt2,,lowz,0.046186253
lowz,4090,20.0,82.07000000000001,640.2350175834745,150.0,0.09815,-1.38,-0.057,61896.15,59.93733,-40.128014,-19.198992,19.14502,0.00034884867,salt2,,lowz,0.013231037
lowz,4103,20.0,147.16,1709.476613098739,150.0,0.14905,0.26,0.046,61906.0,334.09647,-33.14762,-19.143282,20.17875,0.00013463099,salt2,,lowz,0.019843657
lowz,4112,20.0,147.16,2865.8372080987288,150.0,0.14795,-1.125,-0.074,61905.688,204.68132,-6.595454,-19.375505,19.928963,0.00016945717,salt2,,lowz,0.036834598
lowz,4139,20.0,147.16,2741.3313833773486,150.0,0.14265,0.105,0.06,61904.33,346.60788,-53.070736,-18.988398,20.229706,0.00012845843,salt2,,lowz,0.011370231
lowz,4143,20.0,48.11,311.4510312009378,150.0,0.06155,-1.795,0.05,61893.055,354.1504,-52.794483,-18.902477,18.374031,0.00070963026,salt2,,lowz,0.018125517
lowz,4146,20.0,82.07000000000001,3032.9709371953227,150.0,0.10455,0.17,-0.071,61896.984,189.78735,-0.4882039,-19.62173,18.868635,0.00044997697,salt2,,lowz,0.027124291
lowz,4152,20.0,147.16,3157.10447798236,150.0,0.13805,-0.11,0.074,61903.21,323.74277,-19.54683,-18.934843,20.205833,0.00013131411,salt2,,lowz,0.048373174
lowz,4154,20.0,135.84,1623.562634922456,150.0,0.14535,0.645,0.044,61904.996,33.189217,-32.5197,-19.363096,19.89937,0.0001741391,salt2,,lowz,0.022986524
lowz,4162,20.0,101.88,975.9889413642366,150.0,0.10415,-0.035,0.139,61896.938,351.6875,-38.96447,-18.913595,19.567877,0.00023631654,salt2,,lowz,0.022441199
lowz,4180,20.0,124.52000000000001,759.4853189405358,150.0,0.12375,-0.975,0.015,61900.152,359.16696,-15.46089,-18.928629,19.954906,0.00016545584,salt2,,lowz,0.03446118
lowz,4181,20.0,56.6,960.5011221576603,150.0,0.07755,0.12,-0.011,61894.074,29.409227,-0.67278,-19.370554,18.431767,0.0006728806,salt2,,lowz,0.031973414
lowz,4237,20.0,169.8,339.19545352176556,150.0,0.14445,-1.815,0.049,61904.773,23.71271,-1.669473,-19.067204,20.180561,0.00013440654,salt2,,lowz,0.037746716
lowz,4239,20.0,124.52000000000001,1839.2178047964128,150.0,0.13335,0.51,0.055,61902.145,330.03323,-61.852306,-19.168636,19.890396,0.0001755844,salt2,,lowz,0.042232536
lowz,4254,20.0,101.88,625.9044547216336,150.0,0.09565,-1.135,0.229,61895.85,10.373943,-62.677525,-18.29984,19.984531,0.00016100224,salt2,,lowz,0.02174331
lowz,4258,20.0,113.2,475.911445232752,150.0,0.12285,1.02,0.108,61899.99,344.44208,-62.59445,-19.222637,19.643797,0.00022035668,salt2,,lowz,0.029267667
lowz,4266,20.0,28.3,1127.4485649576925,150.0,0.05105,1.01,-0.037,61892.6,22.187614,-29.8996,-19.493273,17.36099,0.0018040498,salt2,,lowz,0.020544179
lowz,4277,20.0,65.09,1111.9937394806554,150.0,0.09075,0.9,-0.059,61895.297,339.89465,-18.395624,-19.625793,18.537271,0.00061057124,salt2,,lowz,0.03406892
lowz,4299,20.0,147.16,740.9317636141061,150.0,0.13865,0.02,0.131,61903.344,323.55228,-37.122177,-18.731926,20.418985,0.00010790719,salt2,,lowz,0.045824975
lowz,4319,20.0,90.56,1739.7985482968224,150.0,0.10125,0.035,0.093,61896.55,69.724594,-56.118717,-18.996386,19.41961,0.00027089514,salt2,,lowz,0.013806803
lowz,4327,20.0,101.88,832.4684624136064,150.0,0.12675,-0.265,-0.132,61900.754,14.469944,-64.340515,-19.705778,19.233934,0.00032141845,salt2,,lowz,0.023399744
lowz,4330,20.0,135.84,1002.6784067588292,150.0,0.12915,-0.04,0.146,61901.242,320.68475,-44.885227,-18.96802,20.015743,0.0001564398,salt2,,lowz,0.04017427
lowz,4336,20.0,113.2,1697.5614966084897,150.0,0.14585,0.975,-0.122,61905.13,65.433815,-48.33531,-19.866304,19.404295,0.00027474304,salt2,,lowz,0.018079214
lowz,4369,20.0,147.16,2589.6542905653937,150.0,0.13675,0.885,0.144,61902.9,186.61308,-5.7855344,-19.03666,20.0817,0.00014721949,salt2,,lowz,0.03519141
lowz,4378,20.0,50.94,3135.6408693311478,150.0,0.07815,0.53,-0.064,61894.125,44.986713,-28.354002,-19.557419,18.262527,0.000786382,salt2,,lowz,0.019896084
lowz,4399,20.0,113.2,2092.3401990913317,150.0,0.13375,0.08,-0.115,61902.227,132.54866,-9.330285,-19.532093,19.533993,0.00024380776,salt2,,lowz,0.044502027
lowz,4401,20.0,101.88,1713.344625909109,150.0,0.12655,0.765,-0.02,61900.7,67.707115,-49.400204,-19.415518,19.520489,0.00024685904,salt2,,lowz,0.020554477
lowz,4412,20.0,113.2,477.98166548557725,150.0,0.12715,-0.425,-0.058,61900.82,78.66905,-59.52764,-19.39034,19.556768,0.0002387469,salt2,,lowz,0.028515352
lowz,4415,20.0,101.88,1160.8836479960862,150.0,0.12315,0.735,0.008,61900.05,26.815107,-33.926647,-19.28036,19.591787,0.00023116902,salt2,,lowz,0.035180382
lowz,4424,20.0,70.75,3005.782632386877,150.0,0.08195,1.05,0.205,61894.445,165.71213,-6.4883776,-18.625095,19.303574,0.00030144976,salt2,,lowz,0.04548034
lowz,4435,20.0,181.12,3830.2948576160907,150.0,0.14205,-1.605,0.152,61904.168,358.06522,-8.682018,-18.695087,20.51305,9.895201e-05,salt2,,lowz,0.04013049
lowz,4438,20.0,101.88,1814.9121905008894,150.0,0.12235,0.215,-0.028,61899.89,71.26735,-25.45709,-19.448519,19.408361,0.00027371576,salt2,,lowz,0.033557944
lowz,4448,20.0,147.16,1550.335820099401,150.0,0.14675,-0.215,-0.013,61905.375,2.4588816,-33.173996,-19.266403,20.018766,0.00015600496,salt2,,lowz,0.01630657
lowz,4456,20.0,101.88,1091.552714628347,150.0,0.12975,0.725,-0.096,61901.367,46.894302,-25.709496,-19.556572,19.438082,0.000266325,salt2,,lowz,0.02060455
lowz,4458,20.0,90.56,2548.175694137286,150.0,0.10865,0.39,0.017,61897.582,163.27164,-19.126558,-19.24401,19.335726,0.00029265406,salt2,,lowz,0.045342296
lowz,4484,20.0,50.94,2113.4885984776497,150.0,0.07205,0.205,0.027,61893.676,58.331696,-50.46821,-19.418617,18.215761,0.0008209949,salt2,,lowz,0.018706901
lowz,4485,20.0,113.2,1962.9127627772336,150.0,0.11185,-1.425,0.109,61898.082,131.7096,-2.281319,-18.914057,19.733246,0.00020293,salt2,,lowz,0.036428284
lowz,4501,20.0,65.09,1749.518728849637,150.0,0.08315,0.525,0.037,61894.55,65.1969,-28.017178,-19.232168,18.72984,0.0005113393,salt2,,lowz,0.036924787
lowz,4525,20.0,147.16,1186.3953688697895,150.0,0.13965,0.135,0.081,61903.586,35.10627,-67.36178,-18.909687,20.25819,0.00012513199,salt2,,lowz,0.034749787
lowz,4535,20.0,135.84,1748.4062867035386,150.0,0.10975,-0.25,0.311,61897.754,350.68518,-6.076004,-18.140652,20.46252,0.00010366609,salt2,,lowz,0.047061916
lowz,4543,20.0,33.96,736.6921504077923,150.0,0.04915,-2.105,0.008,61892.54,2.6843805,-26.481836,-18.84839,17.920574,0.0010774941,salt2,,lowz,0.023524519
lowz,4548,20.0,113.2,2920.904360572021,150.0,0.11655,-1.07,0.073,61898.848,131.31285,-6.742872,-18.934084,19.809225,0.00018921457,salt2,,lowz,0.028728276
lowz,4551,20.0,101.88,2184.67529441912,150.0,0.11405,1.23,0.164,61898.44,38.608788,-41.527863,-18.948969,19.743736,0.00020097874,salt2,,lowz,0.03129908
lowz,4558,20.0,101.88,949.0118383880454,150.0,0.11335,-1.805,-0.095,61898.312,72.02668,-24.009172,-19.415588,19.262762,0.0003129967,salt2,,lowz,0.046282683
lowz,4559,20.0,135.84,1285.6248389497619,150.0,0.10725,0.27,0.418,61897.383,22.628448,-13.448857,-17.972794,20.57679,9.331016e-05,salt2,,lowz,0.02054512
lowz,4561,20.0,147.16,3210.954766160659,150.0,0.14045,-1.395,-0.023,61903.77,161.43489,-9.692605,-19.233942,19.947428,0.00016659957,salt2,,lowz,0.041092355
lowz,4575,20.0,65.09,2139.061005887333,150.0,0.07305,0.025,0.185,61893.742,63.7809,-59.36878,-18.60741,19.058395,0.0003778213,salt2,,lowz,0.022488618
lowz,4578,20.0,124.52000000000001,554.8588093306387,150.0,0.13585,0.64,0.018,61902.7,34.65549,-57.201084,-19.468906,19.633883,0.00022237778,salt2,,lowz,0.04552729
lowz,4584,20.0,147.16,1038.515044122903,150.0,0.14885,-1.67,-0.118,61905.94,351.56415,-34.374146,-19.378923,19.939922,0.00016775509,salt2,,lowz,0.024276156
lowz,4596,20.0,124.52000000000001,3147.617199729625,150.0,0.14045,0.145,-0.078,61903.793,203.90317,-4.9865575,-19.709383,19.471985,0.0002581372,salt2,,lowz,0.03348396
lowz,4615,20.0,25.47,2873.7693970148184,150.0,0.04715,0.425,-0.139,61892.477,71.11428,-39.058964,-19.800894,16.874762,0.0028231917,salt2,,lowz,0.024867363
lowz,4650,20.0,158.48000000000002,449.3476279438271,150.0,0.10135,0.09,0.565,61896.56,84.89189,-39.536663,-17.711914,20.706367,8.28128e-05,salt2,,lowz,0.038021713
lowz,4657,20.0,113.2,1177.1794302848054,150.0,0.12885,0.44,0.024,61901.17,31.32066,-33.332565,-19.20343,19.774868,0.0001952979,salt2,,lowz,0.016236728
lowz,4659,20.0,79.24000000000001,1034.6826380924626,150.0,0.08115,0.54,0.254,61894.37,347.67758,-52.94602,-18.553871,19.352316,0.000288216,salt2,,lowz,0.015167578
lowz,4671,20.0,90.56,797.4851751531771,150.0,0.12875,1.405,-0.084,61901.15,15.331412,-35.527775,-19.658985,19.31749,0.00029761097,salt2,,lowz,0.021966912
lowz,4691,20.0,147.16,1374.7706903810324,150.0,0.13095,0.51,0.187,61901.617,324.49094,-11.599137,-18.728931,20.287367,0.00012181428,salt2,,lowz,0.049272392
lowz,4707,20.0,90.56,1235.7385582750017,150.0,0.11785,0.93,-0.085,61899.082,2.612453,-42.982002,-19.664179,19.105042,0.00036193288,salt2,,lowz,0.014231217
lowz,4712,20.0,169.8,1284.5961789510877,150.0,0.14385,-0.365,0.155,61904.617,42.45571,-10.185698,-18.862352,20.375565,0.0001123101,salt2,,lowz,0.03074713
lowz,4718,20.0,87.73,663.4777369231418,150.0,0.11045,1.305,-0.011,61897.855,62.926037,-11.677623,-19.460785,19.157185,0.00034496168,salt2,,lowz,0.048471767
lowz,4727,20.0,87.73,1707.3702278368844,150.0,0.09795,-1.935,-0.065,61896.12,354.75153,-45.117863,-19.280367,19.058926,0.00037763675,salt2,,lowz,0.02101909
lowz,4729,20.0,169.8,888.0407962064935,150.0,0.12545,-1.33,0.276,61900.496,30.411697,-32.679783,-18.118591,20.796932,7.61854e-05,salt2,,lowz,0.025596926
lowz,4732,20.0,135.84,1017.6529005150894,150.0,0.10295,0.64,0.456,61896.77,73.75824,-48.11801,-17.916523,20.538065,9.66982e-05,salt2,,lowz,0.016969282
lowz,4733,20.0,101.88,534.4909406253735,150.0,0.13045,0.31,-0.112,61901.516,60.727673,-37.265022,-19.750483,19.256819,0.0003147146,salt2,,lowz,0.00888544
lowz,4752,20.0,113.2,378.54806478256114,150.0,0.13785,0.86,-0.096,61903.16,51.32192,-36.75129,-19.741703,19.395554,0.00027696398,salt2,,lowz,0.021438487
lowz,4757,20.0,135.84,1042.1055097468243,150.0,0.14505,0.705,-0.005,61904.926,12.619711,-21.211712,-19.376934,19.880642,0.00017716901,salt2,,lowz,0.02094812
lowz,4762,20.0,87.73,1655.055908249024,150.0,0.10025,0.655,0.085,61896.41,84.88988,-33.750507,-19.163723,19.229282,0.00032279873,salt2,,lowz,0.040148377
lowz,4763,20.0,147.16,1814.9323854597521,150.0,0.13675,0.415,0.12,61902.914,352.03748,-39.670433,-18.967196,20.151163,0.00013809546,salt2,,lowz,0.021645926
lowz,4772,20.0,181.12,3125.6695556542413,150.0,0.13795,-2.14,0.164,61903.176,200.07304,-4.0532947,-18.39806,20.740908,8.021984e-05,salt2,,lowz,0.049723443
lowz,4774,20.0,70.75,2671.2400713763154,150.0,0.09085,0.36,-0.016,61895.312,331.03354,-53.98368,-19.331871,18.83373,0.00046467842,salt2,,lowz,0.024419816
lowz,4779,20.0,87.73,1167.9874906421257,150.0,0.10965,0.83,-0.024,61897.734,348.4465,-13.750278,-19.50171,19.099339,0.0003638389,salt2,,lowz,0.035651144
lowz,4784,20.0,67.92,670.5668417833533,150.0,0.08225,-1.33,-0.011,61894.47,341.85535,-33.315903,-19.226297,18.710749,0.00052040914,salt2,,lowz,0.018380765
lowz,4828,20.0,135.84,1234.1854392174428,150.0,0.11475,-0.915,0.244,61898.55,25.221066,-11.075633,-18.295225,20.411755,0.00010862825,salt2,,lowz,0.025990168
lowz,4841,20.0,22.64,1223.7310140117709,150.0,0.03865,-0.72,-0.004,61892.266,29.611343,-55.91724,-19.111156,17.11956,0.0022533091,salt2,,lowz,0.03654105
lowz,4843,20.0,101.88,826.0658697270917,150.0,0.11445,0.35,0.058,61898.504,73.14279,-48.19206,-19.098545,19.602327,0.0002289359,salt2,,lowz,0.020342914
lowz,4847,20.0,90.56,1832.8435533620811,150.0,0.10855,-0.005,0.049,61897.566,1.0215496,-8.26435,-19.331861,19.245733,0.00031794445,salt2,,lowz,0.038583398
lowz,4861,20.0,90.56,446.8441555621066,150.0,0.09905,-1.95,0.014,61896.27,357.93823,-18.381495,-18.95261,19.412518,0.00027267006,salt2,,lowz,0.024775572
lowz,4862,20.0,90.56,459.4034127872718,150.0,0.10225,-0.36,0.041,61896.684,348.17206,-24.789923,-19.168331,19.270441,0.00031079102,salt2,,lowz,0.026692111
lowz,4871,20.0,147.16,323.80093086143137,150.0,0.12265,-0.5,0.202,61899.945,351.22424,-29.10398,-18.652184,20.210434,0.00013075878,salt2,,lowz,0.042998724
lowz,4875,20.0,59.43,796.0853701722219,150.0,0.08575,0.675,-0.03,61894.793,1.6350439,-5.0175924,-19.63026,18.402428,0.00069131074,salt2,,lowz,0.03700891
lowz,4880,20.0,101.88,1929.2562302916533,150.0,0.06745,-0.05,0.686,61893.375,78.34008,-34.834736,-17.191833,20.292376,0.00012125354,salt2,,lowz,0.029382054
lowz,4892,20.0,113.2,479.8754034620058,150.0,0.13475,0.695,-0.017,61902.44,91.658394,-30.483414,-19.307707,19.775923,0.00019510809,salt2,,lowz,0.043150377
lowz,4896,20.0,79.24000000000001,986.1190291777452,150.0,0.08135,-1.38,0.145,61894.395,53.787514,-23.072657,-18.705206,19.206621,0.00032960708,salt2,,lowz,0.026681256
lowz,4906,20.0,101.88,425.70432532772065,150.0,0.12585,0.22,-0.035,61900.58,46.06946,-29.764101,-19.437145,19.485846,0.00025486262,salt2,,lowz,0.020058215
lowz,4935,20.0,124.52000000000001,3030.5591772319344,150.0,0.14655,1.175,-0.018,61905.332,184.71837,-8.220969,-19.507305,19.774633,0.00019534006,salt2,,lowz,0.037908755
lowz,4963,20.0,73.58,2724.9586679149284,150.0,0.09305,0.01,-0.002,61895.543,65.03605,-27.889927,-19.314003,18.906757,0.00043445214,salt2,,lowz,0.04363306
lowz,4980,20.0,90.56,814.9105647580327,150.0,0.11105,0.15,-0.046,61897.957,61.813396,-54.646313,-19.36504,19.265545,0.00031219563,salt2,,lowz,0.017925119
lowz,4998,20.0,135.84,813.3486295147882,150.0,0.13415,0.715,0.116,61902.316,27.507488,-40.413345,-18.815342,20.257776,0.00012517977,salt2,,lowz,0.02264257
lowz,5032,20.0,56.6,1083.3147046102054,150.0,0.07675,-0.86,-0.033,61894.02,342.03796,-28.73482,-19.428122,18.350492,0.0007251834,salt2,,lowz,0.021326039
lowz,5054,20.0,90.56,1457.2475104918774,150.0,0.11995,-0.305,-0.116,61899.45,49.899338,-42.75886,-19.686554,19.123959,0.00035568126,salt2,,lowz,0.020296652
lowz,5087,20.0,135.84,749.5000677881276,150.0,0.12795,-1.03,0.035,61900.99,68.934166,-64.11259,-19.057365,19.904469,0.00017332334,salt2,,lowz,0.036083583
lowz,5089,20.0,39.620000000000005,1297.4729455238557,150.0,0.06015,1.085,0.046,61892.984,3.2142527,-35.26554,-19.204155,18.02026,0.0009829707,salt2,,lowz,0.017718412
lowz,5129,20.0,90.56,727.360186455533,150.0,0.11665,0.895,-0.064,61898.88,31.643688,-36.538002,-19.599579,19.145733,0.00034861933,salt2,,lowz,0.019359214
lowz,5145,20.0,79.24000000000001,3128.6861212971035,150.0,0.08765,-1.2,0.061,61894.977,184.33765,-7.140607,-19.000647,19.082418,0.00036955366,salt2,,lowz,0.043803345
lowz,5173,20.0,113.2,2809.092533426733,150.0,0.11865,-0.52,0.022,61899.227,4.6731377,-57.64426,-19.358395,19.426638,0.00026914707,salt2,,lowz,0.017333243
lowz,5180,20.0,101.88,782.098706782735,150.0,0.12065,0.83,0.039,61899.59,329.48016,-44.358425,-19.250137,19.57399,0.00023498975,salt2,,lowz,0.01735875
lowz,5184,20.0,28.3,3150.6553754889424,150.0,0.05575,-0.565,0.024,61892.785,152.99731,-5.192628,-19.127668,17.92507,0.0010730413,salt2,,lowz,0.04583939
lowz,5194,20.0,113.2,3125.4657943713432,150.0,0.13045,0.325,-0.065,61901.52,310.30804,-41.137066,-19.55687,19.450434,0.00026331228,salt2,,lowz,0.04389775
lowz,5200,20.0,25.47,1685.9741678004623,150.0,0.03805,1.36,0.257,61892.254,23.411083,-18.407877,-18.661913,17.533886,0.0015384754,salt2,,lowz,0.019835027
lowz,5205,20.0,124.52000000000001,589.3368636871814,150.0,0.12325,-0.58,0.041,61900.07,38.513676,-28.034306,-19.143478,19.730572,0.00020343064,salt2,,lowz,0.019890888
lowz,5211,20.0,101.88,805.9404199292765,150.0,0.11045,-0.215,0.058,61897.855,12.2492485,-44.17315,-19.091335,19.526636,0.00024546558,salt2,,lowz,0.015501401
lowz,5239,20.0,101.88,1230.2630558272806,150.0,0.09775,-0.875,0.188,61896.098,80.564384,-49.932842,-18.599651,19.734915,0.00020261825,salt2,,lowz,0.03392064
lowz,5251,20.0,101.88,1986.6752952900029,150.0,0.10375,-1.06,0.132,61896.887,341.52472,-22.132809,-18.773363,19.69918,0.00020939793,salt2,,lowz,0.037745297
lowz,5262,20.0,90.56,1260.7457996363207,150.0,0.10405,0.07,0.046,61896.926,3.5989077,-66.578186,-19.143143,19.3361,0.00029255336,salt2,,lowz,0.023879852
lowz,5279,20.0,124.52000000000001,1063.3378325115862,150.0,0.14845,0.465,-0.082,61905.824,30.58583,-32.272694,-19.690086,19.62238,0.00022474663,salt2,,lowz,0.020744903
lowz,5296,20.0,90.56,878.1967476736115,150.0,0.09255,-0.305,0.157,61895.496,46.37823,-60.034595,-18.724411,19.483923,0.00025531472,salt2,,lowz,0.024578575
lowz,5317,20.0,82.07000000000001,370.237437179655,150.0,0.09675,-0.645,-0.021,61895.984,53.09627,-53.8766,-19.077047,19.233747,0.00032147407,salt2,,lowz,0.018990574
lowz,5322,20.0,90.56,557.630005130784,150.0,0.09795,-1.075,0.081,61896.12,67.254166,-41.61923,-18.798754,19.540539,0.00024234233,salt2,,lowz,0.03349963
lowz,5333,20.0,169.8,1110.501648976696,150.0,0.10455,-1.275,0.503,61896.99,71.626564,-1.8578708,-17.579008,20.911358,6.856481e-05,salt2,,lowz,0.041166652
lowz,5349,20.0,124.52000000000001,1238.9960369739595,150.0,0.13195,0.71,0.049,61901.84,26.660082,-11.688266,-19.124533,19.90966,0.0001724966,salt2,,lowz,0.02052763
lowz,5355,20.0,36.79,1516.1200559116205,150.0,0.05725,-1.705,-0.094,61892.848,346.074,-61.69484,-19.415731,17.696959,0.0013239196,salt2,,lowz,0.027102776
lowz,5375,20.0,70.75,1087.2546504314832,150.0,0.09215,1.54,0.105,61895.45,358.25223,-23.669054,-19.161518,19.036829,0.0003854016,salt2,,lowz,0.024116399
lowz,5377,20.0,59.43,793.393713805139,150.0,0.07815,1.11,0.111,61894.125,329.86,-24.270372,-19.091543,18.728403,0.00051201595,salt2,,lowz,0.048820745
lowz,5393,20.0,70.75,492.09602725175915,150.0,0.09375,0.67,-0.041,61895.625,343.24158,-21.791561,-19.525097,18.712955,0.0005193532,salt2,,lowz,0.028304445
lowz,5401,20.0,70.75,844.6129016635243,150.0,0.07365,0.48,0.29,61893.78,353.83588,-48.670837,-18.569508,19.114958,0.00035864234,salt2,,lowz,0.0154349115
lowz,5409,20.0,67.92,619.5240154017465,150.0,0.09665,0.585,-0.102,61895.97,21.917774,-54.040123,-19.716288,18.592115,0.0005804953,salt2,,lowz,0.024521755
lowz,5428,20.0,181.12,2714.3242083256687,150.0,0.14445,0.25,0.224,61904.777,171.29636,-9.901247,-18.578619,20.669146,8.570111e-05,salt2,,lowz,0.049344763
lowz,5433,20.0,101.88,3890.360219527144,150.0,0.12945,0.26,-0.074,61901.297,4.2579904,-0.9799427,-19.594793,19.39442,0.00027725316,salt2,,lowz,0.048035484
lowz,5440,20.0,50.94,1334.7187047130815,150.0,0.07915,0.505,-0.113,61894.203,21.558535,-48.58966,-19.720388,18.128653,0.00088957814,salt2,,lowz,0.012046317
lowz,5457,20.0,39.620000000000005,859.1427608200433,150.0,0.05115,-1.225,0.16,61892.605,67.76842,-62.919884,-18.590456,18.26821,0.0007822773,salt2,,lowz,0.03385345
lowz,5475,20.0,59.43,1278.2515578391447,150.0,0.08825,1.695,0.001,61895.043,339.16855,-48.77745,-19.625679,18.473076,0.0006477602,salt2,,lowz,0.018259553
lowz,5508,20.0,135.84,881.1369132113964,150.0,0.14195,-0.33,-0.008,61904.15,15.090437,-34.863132,-19.380348,19.826124,0.00018629224,salt2,,lowz,0.020069577
lowz,5518,20.0,50.94,2724.2825371060276,150.0,0.06885,-0.7,0.012,61893.465,144.0136,-13.671662,-19.065254,18.465673,0.00065219187,salt2,,lowz,0.048087567
lowz,5523,20.0,90.56,2372.7117447799283,150.0,0.09585,0.38,0.232,61895.875,38.133316,-31.626848,-18.465736,19.823462,0.0001867497,salt2,,lowz,0.01980301
lowz,5544,20.0,113.2,1207.3498110543103,150.0,0.10795,-2.93,-0.017,61897.473,3.7894022,-1.4791619,-19.088089,19.476616,0.00025703848,salt2,,lowz,0.047079477
lowz,5567,20.0,56.6,1100.5055191311162,150.0,0.08155,-0.045,-0.078,61894.41,2.3738704,-40.971287,-19.48317,18.434286,0.00067132106,salt2,,lowz,0.017261526
lowz,5571,20.0,101.88,2958.5252138127566,150.0,0.11175,-0.48,0.059,61898.06,173.66296,-16.628765,-19.060522,19.584698,0.00023268357,salt2,,lowz,0.04713895
lowz,5576,20.0,158.48000000000002,2645.0499695694466,150.0,0.11755,0.895,0.425,61899.02,8.020778,-54.371693,-18.062702,20.700562,8.3256826e-05,salt2,,lowz,0.020112526
lowz,5589,20.0,181.12,810.289733979115,150.0,0.14105,0.595,0.294,61903.92,53.068962,-51.94849,-18.40072,20.79072,7.662263e-05,salt2,,lowz,0.021756044
lowz,5605,20.0,158.48000000000002,1236.0277606200207,150.0,0.12845,-2.355,0.099,61901.094,41.870598,-7.3733644,-18.628805,20.34219,0.000115816016,salt2,,lowz,0.03094818
lowz,5610,20.0,45.28,2151.8319193805582,150.0,0.06655,0.445,-0.004,61893.324,128.22733,-2.304051,-19.584644,17.869038,0.0011298726,salt2,,lowz,0.037112877
lowz,5629,20.0,147.16,2992.45615922736,150.0,0.14805,-1.235,-0.046,61905.734,353.8614,-34.95665,-19.281202,20.024866,0.00015513084,salt2,,lowz,0.017995352
lowz,5634,20.0,82.07000000000001,1876.7360569858115,150.0,0.11045,1.345,-0.049,61897.867,85.43714,-31.165915,-19.843832,18.774137,0.00049089635,salt2,,lowz,0.034642838
lowz,5656,20.0,19.810000000000002,1553.989701736995,150.0,0.03535,-0.03,0.064,61892.203,31.193703,-0.66239774,-19.163607,16.868109,0.0028405408,salt2,,lowz,0.033144392
lowz,5660,20.0,90.56,1705.0602256893021,150.0,0.07185,0.92,0.596,61893.656,12.95807,-65.659256,-17.59895,20.029095,0.00015452786,salt2,,lowz,0.023342513
lowz,5661,20.0,124.52000000000001,1196.478135042289,150.0,0.12595,-1.29,0.008,61900.582,355.17365,-23.412516,-18.969442,19.955414,0.00016537869,salt2,,lowz,0.025826165
lowz,5678,20.0,90.56,1464.2799153870926,150.0,0.14925,0.25,-0.015,61906.04,57.678017,-56.776928,-19.442703,19.882507,0.0001768649,salt2,,lowz,0.019040592
lowz,5679,20.0,90.56,640.6653151415933,150.0,0.12035,1.48,-0.051,61899.523,21.580183,-65.58577,-19.886614,18.931688,0.00042458982,salt2,,lowz,0.025100863
lowz,5681,20.0,101.88,476.5881780428656,150.0,0.11775,1.085,0.061,61899.07,351.73853,-68.5753,-19.189514,19.577723,0.00023418323,salt2,,lowz,0.044483118
lowz,5682,20.0,158.48000000000002,1071.4315767157227,150.0,0.14725,-0.735,0.027,61905.516,29.60219,-36.505608,-19.052406,20.240822,0.00012714985,salt2,,lowz,0.01583393
lowz,5695,20.0,124.52000000000001,3425.3764648402544,150.0,0.10855,-1.135,0.182,61897.574,206.81909,-0.88503695,-18.596008,19.981586,0.00016143975,salt2,,lowz,0.036478963
lowz,5701,20.0,124.52000000000001,2886.4443513538577,150.0,0.13045,-0.575,-0.027,61901.508,338.30966,-42.32728,-19.289898,19.717405,0.00020591261,salt2,,lowz,0.022053488
lowz,5706,20.0,50.94,993.4130444957905,150.0,0.07455,0.495,0.007,61893.855,2.7394843,-14.641649,-19.397865,18.314318,0.0007497522,salt2,,lowz,0.032000806
lowz,5708,20.0,73.58,965.7005582316008,150.0,0.08445,-0.34,0.111,61894.668,34.236683,-2.0523233,-18.985426,19.012182,0.00039425044,salt2,,lowz,0.039063737
lowz,5735,20.0,135.84,1734.9588741550451,150.0,0.12285,-2.62,-0.013,61899.996,48.618065,-68.97783,-18.88593,19.980505,0.00016160047,salt2,,lowz,0.046257023
lowz,5739,20.0,147.16,1149.997854178736,150.0,0.14005,0.58,0.111,61903.695,76.26181,-30.411491,-19.074648,20.099985,0.00014476078,salt2,,lowz,0.015387283
lowz,5806,20.0,65.09,2170.718749626843,150.0,0.09085,0.78,-0.043,61895.305,330.06467,-30.90111,-19.52525,18.640354,0.0005552687,salt2,,lowz,0.023686884
lowz,5820,20.0,147.16,1394.3409056747903,150.0,0.14415,-0.62,0.003,61904.71,34.062176,-36.637287,-19.511707,19.731138,0.00020332429,salt2,,lowz,0.019932155
lowz,5857,20.0,73.58,3296.2723624092446,150.0,0.10475,1.03,-0.074,61897.023,189.92207,-0.31469762,-19.586304,18.908499,0.0004337559,salt2,,lowz,0.025304334
lowz,5881,20.0,25.47,1340.603310608309,150.0,0.04485,0.05,-0.051,61892.41,140.17677,-7.9204826,-19.438309,17.125174,0.0022416897,salt2,,lowz,0.04041193
lowz,5890,20.0,16.98,1756.721178040676,150.0,0.03345,1.25,0.13,61892.17,71.38258,-3.0432994,-18.887203,17.021542,0.0024662,salt2,,lowz,0.040430926
lowz,5896,20.0,70.75,1881.5874705599267,150.0,0.09265,-1.165,-0.094,61895.508,0.65781957,-44.113792,-19.329916,18.880909,0.0004449194,salt2,,lowz,0.01436249
lowz,5906,20.0,135.84,880.2622412101896,150.0,0.13325,0.405,0.093,61902.11,317.56448,-48.03933,-19.093073,19.964193,0.00016404656,salt2,,lowz,0.0412793
lowz,5932,20.0,135.84,2655.139547893585,150.0,0.11985,-1.15,0.146,61899.43,175.15883,-15.249669,-18.680597,20.127966,0.00014107779,salt2,,lowz,0.048732933
lowz,5933,20.0,113.2,742.9326196087818,150.0,0.11685,0.075,0.087,61898.9,196.232,-3.8437297,-18.980228,19.769085,0.00019634093,salt2,,lowz,0.038000986
lowz,5936,20.0,42.45,2433.832887433032,150.0,0.04655,-1.515,0.288,61892.457,77.984535,-63.674625,-18.326666,18.320248,0.00074566796,salt2,,lowz,0.035878822
lowz,5942,20.0,147.16,1407.6104266611842,150.0,0.14735,-0.715,-0.051,61905.543,347.79108,-42.130997,-19.146194,20.148642,0.00013841652,salt2,,lowz,0.01929707
lowz,5973,20.0,113.2,921.0798297108788,150.0,0.13925,-0.18,-0.107,61903.492,325.42148,-17.012218,-19.543549,19.617556,0.00022574716,salt2,,lowz,0.04770711
lowz,5987,20.0,65.09,1399.5584424327471,150.0,0.07095,0.505,0.273,61893.598,16.070004,-51.754868,-18.453876,19.145447,0.00034871162,salt2,,lowz,0.015373162
lowz,5990,20.0,135.84,326.1724593709969,150.0,0.14465,-0.26,-0.038,61904.824,9.523253,-48.661556,-19.280676,19.970364,0.00016311694,salt2,,lowz,0.016733669
lowz,5995,20.0,31.130000000000003,1074.5104560683958,150.0,0.05535,0.9,-0.074,61892.766,346.646,-15.19967,-19.660507,17.37598,0.0017793138,salt2,,lowz,0.040041283
lowz,6018,20.0,124.52000000000001,1297.6279925359347,150.0,0.14565,-0.69,-0.16,61905.08,35.22617,-7.0954394,-19.79087,19.476479,0.00025707122,salt2,,lowz,0.032385614
lowz,6024,20.0,113.2,944.2732597644685,150.0,0.11775,-2.155,-0.073,61899.06,16.545292,-34.785267,-19.233908,19.533329,0.00024395678,salt2,,lowz,0.023527542
lowz,6051,20.0,147.16,790.462300851369,150.0,0.13735,-2.5,-0.03,61903.05,45.403942,-49.64866,-19.129488,19.999195,0.00015884246,salt2,,lowz,0.026676893
lowz,6056,20.0,73.58,981.5445351045462,150.0,0.09145,0.325,0.062,61895.38,40.619698,-15.628389,-19.197527,18.983244,0.00040489965,salt2,,lowz,0.029768633
lowz,6060,20.0,113.2,1036.1229371091238,150.0,0.14515,0.52,-0.137,61904.965,13.790795,-44.44089,-19.564095,19.695112,0.00021018407,salt2,,lowz,0.014733578
lowz,6071,20.0,135.84,1441.982459334387,150.0,0.14505,1.52,0.029,61904.934,79.07466,-26.395193,-19.488167,19.76941,0.00019628227,salt2,,lowz,0.02221468
lowz,6072,20.0,31.130000000000003,1720.5340191109483,150.0,0.04905,0.585,0.097,61892.54,5.716317,-19.632896,-18.93665,17.827738,0.0011736797,salt2,,lowz,0.023757251
lowz,6077,20.0,101.88,912.9654564169712,150.0,0.12865,-0.215,-0.105,61901.13,8.744703,-50.744335,-19.600262,19.374388,0.00028241618,salt2,,lowz,0.016640522
lowz,6088,20.0,73.58,2798.7443083626117,150.0,0.08995,0.36,0.086,61895.22,172.91586,-13.015551,-19.109861,19.03281,0.00038683074,salt2,,lowz,0.04386376
lowz,6099,20.0,113.2,3056.9559938719335,150.0,0.13045,-0.515,-0.123,61901.52,40.402668,-13.047488,-19.620173,19.38713,0.00027912087,salt2,,lowz,0.032245878
lowz,6113,20.0,82.07000000000001,3162.3998269200492,150.0,0.08915,0.24,0.15,61895.133,173.29494,-2.1020155,-19.007792,19.114313,0.0003588553,salt2,,lowz,0.032701425
lowz,6128,20.0,124.52000000000001,2088.9586755686855,150.0,0.14165,1.365,0.009,61904.07,89.67639,-23.232395,-19.579857,19.621614,0.00022490503,salt2,,lowz,0.041917436
lowz,6207,20.0,158.48000000000002,2041.1417556903787,150.0,0.14255,0.435,0.174,61904.31,4.346884,-11.686278,-18.772995,20.443449,0.00010550313,salt2,,lowz,0.04208253
lowz,6212,20.0,53.77,1849.820956933311,150.0,0.06455,-0.115,0.178,61893.21,80.914925,-54.3553,-19.064325,18.320076,0.0007457864,salt2,,lowz,0.044812106
lowz,6223,20.0,65.09,2337.210965959488,150.0,0.09505,1.29,-0.077,61895.777,184.18608,-4.1161394,-19.565445,18.704395,0.0005234641,salt2,,lowz,0.0471576
lowz,6231,20.0,124.52000000000001,3517.9649423175765,150.0,0.14365,0.935,-0.009,61904.574,4.987415,-29.252712,-19.25861,19.976015,0.00016227005,salt2,,lowz,0.023809275
lowz,6238,20.0,113.2,1517.8083116699677,150.0,0.12095,-0.945,-0.024,61899.63,79.83642,-54.29213,-19.183706,19.646233,0.00021986273,salt2,,lowz,0.036757775
lowz,6243,20.0,124.52000000000001,655.2171948516136,150.0,0.13635,0.6,-0.021,61902.816,65.833305,-37.00517,-19.36117,19.750282,0.00019977083,salt2,,lowz,0.036179423
lowz,6251,20.0,147.16,1422.8713093900328,150.0,0.11875,-1.08,0.241,61899.24,349.48178,-52.09258,-18.408035,20.378965,0.00011195885,salt2,,lowz,0.019415235
lowz,6253,20.0,135.84,1162.7741398881083,150.0,0.13665,-1.025,-0.026,61902.875,16.732222,-15.759644,-19.24955,19.867085,0.0001793954,salt2,,lowz,0.022720857
lowz,6260,20.0,135.84,935.2288703836307,150.0,0.14605,1.425,0.041,61905.184,45.41695,-35.24053,-19.34152,19.932323,0.00016893324,salt2,,lowz,0.030910699
lowz,6271,20.0,82.07000000000001,2803.896913659926,150.0,0.10165,-0.09,-0.036,61896.594,185.86203,-17.86262,-19.353857,19.071274,0.00037336617,salt2,,lowz,0.049342398
lowz,6274,20.0,147.16,2966.9354520756315,150.0,0.14575,-0.225,-0.004,61905.125,349.03464,-37.718918,-19.239841,20.029135,0.00015452228,salt2,,lowz,0.021698646
lowz,6312,20.0,147.16,1008.8279552938579,150.0,0.14365,-1.765,-0.078,61904.582,29.80709,-27.663963,-19.353695,19.88093,0.00017712207,salt2,,lowz,0.0217765
lowz,6314,20.0,82.07000000000001,1060.8491079190599,150.0,0.10565,0.89,-0.024,61897.145,65.34553,-55.53706,-19.63961,18.875055,0.0004473248,salt2,,lowz,0.011555749
lowz,6325,20.0,62.260000000000005,1082.7491051437607,150.0,0.07725,-1.015,0.015,61894.055,59.79037,-17.044218,-19.082577,18.71088,0.0005203463,salt2,,lowz,0.035378806
lowz,6333,20.0,135.84,2939.555969095914,150.0,0.14695,0.455,-0.021,61905.438,186.38002,-9.311757,-19.468693,19.819704,0.00018739716,salt2,,lowz,0.043760106
lowz,6334,20.0,101.88,3048.1267619003675,150.0,0.12015,0.005,0.014,61899.496,16.310032,-44.129654,-19.388086,19.426323,0.00026922495,salt2,,lowz,0.01564321
lowz,6349,20.0,124.52000000000001,985.2618857911871,150.0,0.14345,1.72,-0.002,61904.523,38.179237,-15.162905,-19.550327,19.681002,0.00021293371,salt2,,lowz,0.026434172
lowz,6350,20.0,135.84,1586.4394828182894,150.0,0.13065,-0.73,0.065,61901.555,341.52353,-61.308533,-18.866638,20.144268,0.00013897533,salt2,,lowz,0.027414536
lowz,6361,20.0,90.56,861.3676890187796,150.0,0.09415,-0.84,0.128,61895.67,341.64392,-32.39115,-18.735428,19.512447,0.00024869406,salt2,,lowz,0.018210007
lowz,6376,20.0,192.44,1059.4946227936425,150.0,0.13845,1.095,0.381,61903.31,17.464302,-13.569171,-18.242897,20.904608,6.899248e-05,salt2,,lowz,0.023805713
lowz,6388,20.0,31.130000000000003,347.5727429745667,150.0,0.04005,0.715,0.361,61892.293,11.742973,-10.997351,-18.196556,18.113623,0.0009019772,salt2,,lowz,0.029675776
lowz,6394,20.0,147.16,1290.0718328443456,150.0,0.12205,-2.47,0.107,61899.848,342.12744,-52.55974,-18.675562,20.175571,0.00013502559,salt2,,lowz,0.013961225
lowz,6400,20.0,113.2,2717.872258793423,150.0,0.12585,-0.9,-0.063,61900.562,178.33414,-14.825206,-19.43473,19.488262,0.0002542963,salt2,,lowz,0.047941484
lowz,6407,20.0,70.75,3641.675609219224,150.0,0.08205,-0.94,0.068,61894.45,10.121553,-10.507567,-19.026567,18.9049,0.00043519604,salt2,,lowz,0.034126494
lowz,6409,20.0,158.48000000000002,841.9309691500162,150.0,0.13605,-1.215,0.146,61902.74,7.6341743,-38.475403,-18.846174,20.260084,0.00012491395,salt2,,lowz,0.0204778
lowz,6412,20.0,124.52000000000001,847.8956650158675,150.0,0.12765,-1.055,-0.009,61900.934,44.816463,-42.67059,-19.06055,19.895771,0.00017471732,salt2,,lowz,0.022877367
lowz,6424,20.0,113.2,1416.3324247269816,150.0,0.12205,-1.35,-0.021,61899.844,329.32635,-42.655235,-19.165169,19.685965,0.00021196243,salt2,,lowz,0.019403622
lowz,6463,20.0,101.88,2072.470533904986,150.0,0.10925,0.585,0.119,61897.68,52.628242,-3.6880145,-19.062126,19.53042,0.00024461118,salt2,,lowz,0.048631422
lowz,6466,20.0,48.11,2186.2919411359453,150.0,0.06795,1.04,0.083,61893.406,323.1371,-31.906054,-19.337421,18.163578,0.0008614171,salt2,,lowz,0.049544223
lowz,6485,20.0,76.41,1168.267489517028,150.0,0.08685,-0.16,0.117,61894.902,359.8305,-6.6210012,-18.97942,19.082563,0.0003695044,salt2,,lowz,0.043158453
lowz,6495,20.0,113.2,1054.5897300810013,150.0,0.11875,-2.0,-0.076,61899.24,36.314777,-18.653933,-19.150297,19.636703,0.00022180077,salt2,,lowz,0.038829423
lowz,6501,20.0,101.88,631.3731030892963,150.0,0.11905,0.055,-0.056,61899.285,21.115026,-31.402506,-19.60703,19.18587,0.00033596737,salt2,,lowz,0.029019332
lowz,6530,20.0,90.56,1100.9131305990434,150.0,0.12175,0.455,-0.071,61899.773,333.04175,-39.207314,-19.670998,19.174372,0.00033954377,salt2,,lowz,0.024595825
lowz,6536,20.0,124.52000000000001,3080.654888314654,150.0,0.08065,0.305,0.676,61894.332,134.0025,-10.482344,-17.422619,20.469408,0.00010301042,salt2,,lowz,0.03642278
lowz,6543,20.0,158.48000000000002,2066.944637034536,150.0,0.14465,-2.01,-0.012,61904.82,46.459953,-32.549404,-19.228289,20.02275,0.00015543334,salt2,,lowz,0.018769998
lowz,6547,20.0,70.75,1011.5514379995698,150.0,0.08975,-1.12,-0.092,61895.19,66.0486,-66.12752,-19.570578,18.566967,0.0005940973,salt2,,lowz,0.0481646
lowz,6562,20.0,135.84,1458.2173370410953,150.0,0.13875,-0.37,0.009,61903.363,26.556517,-17.173231,-19.165827,19.986786,0.00016066837,salt2,,lowz,0.020994436
lowz,6592,20.0,147.16,505.4780143236902,150.0,0.13365,-1.345,0.06,61902.203,23.097242,-29.936953,-18.86086,20.203465,0.00013160081,salt2,,lowz,0.024782535
lowz,6619,20.0,87.73,1104.9535950563863,150.0,0.09705,-0.86,0.018,61896.01,70.53695,-42.493217,-19.10834,19.20961,0.0003287008,salt2,,lowz,0.016052328
lowz,6623,20.0,135.84,579.09459599202,150.0,0.11485,-1.625,0.162,61898.574,64.08434,-26.949001,-18.533281,20.175732,0.00013500573,salt2,,lowz,0.049509056
lowz,6626,20.0,135.84,1363.1080325074672,150.0,0.13065,-1.095,0.066,61901.555,13.2840395,-68.633316,-18.894842,20.116062,0.00014263295,salt2,,lowz,0.031453654
lowz,6631,20.0,147.16,1466.1111314392997,150.0,0.13875,-0.435,0.08,61903.375,14.933471,-12.931906,-18.890852,20.26176,0.00012472122,salt2,,lowz,0.024619527
lowz,6632,20.0,82.07000000000001,1706.1650529934075,150.0,0.09915,1.175,0.116,61896.273,313.57953,-64.84322,-19.119259,19.248205,0.0003172217,salt2,,lowz,0.049893312
lowz,6635,20.0,181.12,1626.638443373989,150.0,0.12805,-1.555,0.269,61901.008,51.63141,-33.99532,-18.214481,20.749187,7.961042e-05,salt2,,lowz,0.014615809
lowz,6643,20.0,192.44,546.3960997938348,150.0,0.14985,0.48,0.298,61906.215,68.48242,-40.746056,-18.341223,20.993505,6.356861e-05,salt2,,lowz,0.033889756
lowz,6645,20.0,90.56,2014.3603905062366,150.0,0.11355,0.07,-0.083,61898.348,146.99675,-2.0050874,-19.615614,19.066847,0.00037489217,salt2,,lowz,0.048544403
lowz,6667,20.0,113.2,2943.6711969185167,150.0,0.12525,0.09,0.029,61900.453,349.928,-53.625465,-19.109812,19.801971,0.0001904831,salt2,,lowz,0.013177912
lowz,6669,20.0,90.56,846.3385360884251,150.0,0.12085,-0.275,-0.136,61899.62,14.660632,-31.627766,-19.66341,19.164593,0.00034261603,salt2,,lowz,0.019503454
lowz,6674,20.0,147.16,2751.9065028803293,150.0,0.12505,0.31,0.257,61900.41,132.85828,-1.8069972,-18.457764,20.450272,0.00010484221,salt2,,lowz,0.029993942
lowz,6685,20.0,101.88,3193.572446439586,150.0,0.11305,0.37,0.094,61898.273,329.32852,-43.600414,-18.856886,19.815287,0.00018816136,salt2,,lowz,0.018413892
lowz,6691,20.0,53.77,1126.368684895938,150.0,0.07335,0.085,0.02,61893.766,6.3158283,-17.447834,-19.279417,18.395737,0.0006955845,salt2,,lowz,0.029543156
lowz,6711,20.0,90.56,3057.478492991368,150.0,0.11105,0.305,0.005,61897.95,139.04916,-9.231065,-19.27928,19.351305,0.00028848462,salt2,,lowz,0.040466916
lowz,6719,20.0,147.16,1748.8265021437026,150.0,0.13845,0.445,0.115,61903.312,72.40623,-51.050858,-19.145172,20.002333,0.00015838399,salt2,,lowz,0.011695261
lowz,6720,20.0,90.56,2644.960922509253,150.0,0.09165,-1.635,0.076,61895.4,200.79927,-5.9239945,-18.770708,19.415098,0.00027202297,salt2,,lowz,0.04624495
lowz,6728,20.0,192.44,2620.8387810104446,150.0,0.14915,0.765,0.301,61906.02,5.987887,-66.4087,-18.46561,20.858011,7.2017894e-05,salt2,,lowz,0.028593227
lowz,6736,20.0,70.75,1197.1460340340311,150.0,0.09655,0.095,-0.106,61895.953,5.3071866,-22.616173,-19.601011,18.705,0.0005231723,salt2,,lowz,0.02166055
lowz,6745,20.0,169.8,1146.199292128161,150.0,0.14785,-2.185,0.006,61905.668,324.20636,-48.58924,-19.005213,20.297653,0.00012066556,salt2,,lowz,0.029149093
lowz,6762,20.0,101.88,851.1394570056007,150.0,0.12515,-0.135,-0.053,61900.426,354.41965,-31.479536,-19.57987,19.330038,0.00029419083,salt2,,lowz,0.017925171
lowz,6785,20.0,79.24000000000001,1520.6091738036741,150.0,0.09195,-0.86,0.013,61895.434,73.45455,-57.69105,-19.221245,18.972094,0.00040907908,salt2,,lowz,0.017220048
lowz,6826,20.0,53.77,432.03481429808215,150.0,0.06985,-0.01,0.096,61893.527,55.01694,-57.241486,-19.015587,18.548155,0.00060448126,salt2,,lowz,0.02628351
lowz,6845,20.0,45.28,1305.5435307055031,150.0,0.06725,-0.72,-0.104,61893.367,21.808437,-15.528778,-19.567404,17.910055,0.0010879844,salt2,,lowz,0.02108004
lowz,6864,20.0,73.58,1419.9667712429723,150.0,0.09815,0.775,-0.026,61896.152,78.01627,-35.03252,-19.591187,18.752825,0.0005006275,salt2,,lowz,0.034601245
lowz,6865,20.0,36.79,419.14434912636,150.0,0.04845,-1.56,0.07,61892.52,69.50525,-29.112015,-18.877277,17.859455,0.0011398903,salt2,,lowz,0.03900956
lowz,6918,20.0,135.84,1168.0028571582698,150.0,0.12125,0.29,0.192,61899.7,19.09799,-45.549103,-18.55698,20.278757,0.00012278398,salt2,,lowz,0.021766175
lowz,6941,20.0,158.48000000000002,625.7915333649426,150.0,0.13015,-0.845,0.219,61901.445,358.72174,-35.343674,-18.38947,20.612423,9.0297544e-05,salt2,,lowz,0.016427519
lowz,6946,20.0,135.84,692.0165560235891,150.0,0.14565,1.26,0.046,61905.09,351.78952,-56.231476,-19.250797,20.016552,0.00015632337,salt2,,lowz,0.026536498
lowz,6950,20.0,135.84,1505.9494892044945,150.0,0.14595,-1.06,-0.103,61905.168,70.05158,-32.109394,-19.520864,19.751356,0.00019957317,salt2,,lowz,0.034985885
lowz,6967,20.0,101.88,1085.8211316423115,150.0,0.11435,-1.12,-0.033,61898.484,24.429298,-29.948166,-19.0757,19.623133,0.00022459083,salt2,,lowz,0.020995311
lowz,6969,20.0,135.84,1330.2687343013472,150.0,0.14155,-0.595,-0.007,61904.062,325.7711,-32.041016,-19.267332,19.932472,0.00016891031,salt2,,lowz,0.049785405
lowz,6986,20.0,113.2,1646.1415970602934,150.0,0.13455,1.275,0.029,61902.41,42.265167,-31.052393,-19.297668,19.782465,0.0001939362,salt2,,lowz,0.028445154
lowz,7021,20.0,135.84,1687.4953390865555,150.0,0.09525,-0.24,0.503,61895.805,331.46442,-16.188711,-17.83235,20.442345,0.00010561046,salt2,,lowz,0.043592732
lowz,7029,20.0,73.58,1989.680801515593,150.0,0.09605,0.95,0.028,61895.895,57.800232,-29.948778,-19.33386,18.960154,0.00041360277,salt2,,lowz,0.012413564
lowz,7053,20.0,90.56,646.6758186715978,150.0,0.11535,0.72,-0.071,61898.65,41.438656,-44.424835,-19.54642,19.17273,0.00034005783,salt2,,lowz,0.024318058
lowz,7063,20.0,135.84,1453.8635193016328,150.0,0.14235,-0.335,-0.006,61904.25,312.47443,-53.613228,-19.019436,20.193687,0.00013279123,salt2,,lowz,0.04251132
lowz,7066,20.0,101.88,1489.7229922434499,150.0,0.12495,0.69,-0.069,61900.39,21.968643,-26.774384,-19.411402,19.494757,0.00025277966,salt2,,lowz,0.022273747
lowz,7136,20.0,124.52000000000001,1009.1906584057883,150.0,0.07455,-0.02,0.739,61893.848,62.502808,-33.33365,-16.75534,20.956844,6.575175e-05,salt2,,lowz,0.015356284
lowz,7145,20.0,53.77,939.1414396743537,150.0,0.06705,0.785,0.183,61893.355,22.858597,-37.19353,-18.877836,18.592854,0.00058010046,salt2,,lowz,0.02317812
lowz,7176,20.0,124.52000000000001,268.86198856662566,150.0,0.13955,-0.105,-0.075,61903.566,25.906422,-38.33413,-19.635288,19.530897,0.00024450375,salt2,,lowz,0.017783377
lowz,7183,20.0,124.52000000000001,1057.032920993718,150.0,0.11235,-2.055,0.128,61898.152,335.10715,-47.715626,-18.562801,20.094894,0.00014544105,salt2,,lowz,0.014924268
lowz,7194,20.0,16.98,579.0326577493679,150.0,0.03445,-1.7,0.018,61892.188,333.8259,-64.1089,-18.923458,17.050835,0.002400552,salt2,,lowz,0.04211558
lowz,7200,20.0,124.52000000000001,2649.390017725574,150.0,0.13335,0.335,0.059,61902.14,197.62337,-0.24569005,-19.210056,19.848976,0.00018241224,salt2,,lowz,0.027928151
lowz,7204,20.0,147.16,2859.825209237887,150.0,0.14425,-0.495,-0.01,61904.74,3.4220214,-61.34143,-19.432104,19.812382,0.00018866522,salt2,,lowz,0.018753769
lowz,7208,20.0,82.07000000000001,1519.3238989363067,150.0,0.09045,0.57,0.184,61895.27,356.18448,-3.529985,-18.771585,19.383852,0.00027996523,salt2,,lowz,0.042819686
lowz,7221,20.0,31.130000000000003,1549.411993777494,150.0,0.04285,-2.51,0.033,61892.36,47.940193,-40.62778,-18.95031,17.510994,0.0015712571,salt2,,lowz,0.021128139
lowz,7304,20.0,113.2,686.9754121207341,150.0,0.10735,0.595,0.216,61897.39,52.64012,-19.820885,-18.806168,19.745583,0.00020063743,salt2,,lowz,0.040581565
lowz,7310,20.0,5.66,1426.1082312040755,150.0,0.01555,-0.58,0.052,61892.016,354.1219,-25.04742,-19.030972,15.185711,0.013377049,salt2,,lowz,0.027296828
lowz,7337,20.0,67.92,1084.3895276867415,150.0,0.07675,-1.55,0.063,61894.01,28.851805,-54.129612,-18.744976,19.033638,0.00038653568,salt2,,lowz,0.03574894
lowz,7344,20.0,82.07000000000001,1083.383920747821,150.0,0.10605,-0.435,-0.103,61897.203,10.834653,-17.950161,-19.54264,18.9808,0.00040581194,salt2,,lowz,0.02789731
lowz,7396,20.0,147.16,3672.1229984799943,150.0,0.14515,0.015,0.013,61904.957,193.8573,-8.429005,-19.411074,19.848135,0.00018255376,salt2,,lowz,0.046511836
lowz,7398,20.0,135.84,2651.374070882455,150.0,0.13395,-1.925,-0.02,61902.28,48.487057,-57.569878,-19.111341,19.958263,0.00016494509,salt2,,lowz,0.022920914
lowz,7400,20.0,90.56,1139.0043239672402,150.0,0.09905,-0.305,0.093,61896.266,61.017925,-17.42255,-19.046534,19.318596,0.00029730774,salt2,,lowz,0.03295799
lowz,7447,20.0,101.88,776.3732921375206,150.0,0.12895,0.43,-0.118,61901.195,79.011246,-36.950714,-19.727823,19.252298,0.0003160279,salt2,,lowz,0.04638595
lowz,7452,20.0,70.75,2075.05685425699,150.0,0.09515,0.605,-0.036,61895.793,321.9301,-41.613308,-19.48687,18.785398,0.00048583106,salt2,,lowz,0.03150187
lowz,7454,20.0,113.2,2090.9314764048845,150.0,0.13635,-0.26,-0.098,61902.805,71.57408,-30.051899,-19.501587,19.609865,0.00022735189,salt2,,lowz,0.03318067
lowz,7500,20.0,8.49,1908.4211823259445,150.0,0.02965,-2.13,-0.114,61892.12,334.27676,-42.02854,-19.452969,16.187881,0.005314864,salt2,,lowz,0.016265951
lowz,7503,20.0,147.16,665.4539267999361,150.0,0.12565,-0.69,0.166,61900.54,307.28174,-50.034565,-18.496946,20.422316,0.000107576765,salt2,,lowz,0.043642413
lowz,7506,20.0,56.6,2340.217367310003,150.0,0.06785,-2.755,0.001,61893.4,91.93272,-29.571661,-18.907082,18.59057,0.0005813222,salt2,,lowz,0.04179132
lowz,7520,20.0,53.77,797.006596243692,150.0,0.07275,-0.745,-0.027,61893.723,67.199646,-47.32683,-19.45502,18.2014,0.00083192496,salt2,,lowz,0.013031255
lowz,7556,20.0,124.52000000000001,959.1166295440869,150.0,0.13725,-1.055,-0.125,61903.01,18.765863,-44.556816,-19.498505,19.628462,0.00022349105,salt2,,lowz,0.016421156
lowz,7560,20.0,8.49,771.375084844279,150.0,0.02025,0.02,-0.055,61892.04,342.56955,-52.209698,-19.314867,15.482906,0.010173778,salt2,,lowz,0.011468323
lowz,7573,20.0,101.88,820.1837311221313,150.0,0.12805,0.065,-0.126,61901.01,16.86942,-38.9118,-19.83388,19.129791,0.00035377612,salt2,,lowz,0.020698475
lowz,7641,20.0,135.84,457.54449349630477,150.0,0.14385,0.035,-0.03,61904.63,6.130683,-32.166317,-19.474976,19.76294,0.0001974553,salt2,,lowz,0.013327177
lowz,7656,20.0,147.16,1207.189530271424,150.0,0.13035,-0.24,0.162,61901.484,61.372704,-52.225616,-18.899628,20.105873,0.0001439778,salt2,,lowz,0.018805219
lowz,7685,20.0,90.56,1235.2008995692706,150.0,0.12445,0.405,-0.168,61900.3,38.1973,-10.790452,-19.662218,19.234539,0.0003212398,salt2,,lowz,0.03279431
lowz,7723,20.0,22.64,748.9891100555612,150.0,0.04135,0.59,0.015,61892.324,16.5204,-0.35169053,-19.351809,17.029774,0.0024475711,salt2,,lowz,0.046379317
lowz,7731,20.0,101.88,2866.0575743260547,150.0,0.13035,0.815,-0.056,61901.5,134.26845,-0.8354035,-19.535059,19.47044,0.0002585047,salt2,,lowz,0.03773355
lowz,7745,20.0,147.16,2617.509222928818,150.0,0.13665,-0.11,0.091,61902.875,24.764278,-28.040728,-19.001913,20.11472,0.00014280944,salt2,,lowz,0.023285752
lowz,7752,20.0,147.16,1120.6083795143363,150.0,0.14745,-0.555,-0.004,61905.56,340.05734,-23.121363,-19.013222,20.283222,0.00012228002,salt2,,lowz,0.038542073
lowz,7754,20.0,124.52000000000001,1311.2740332224337,150.0,0.13615,1.135,0.037,61902.773,34.4907,-28.852478,-19.214376,19.893614,0.00017506484,salt2,,lowz,0.023095332
lowz,7756,20.0,90.56,3504.566459763718,150.0,0.10165,-0.84,-0.008,61896.594,201.71336,-2.8291347,-19.162792,19.262339,0.00031311912,salt2,,lowz,0.047624353
lowz,7762,20.0,135.84,3645.815900453958,150.0,0.11845,0.505,0.283,61899.188,13.478282,-23.698664,-18.378998,20.40209,0.00010959956,salt2,,lowz,0.021008968
lowz,7773,20.0,135.84,798.6174297395708,150.0,0.14945,0.33,-0.062,61906.1,38.72555,-13.098499,-19.523972,19.804415,0.00019005468,salt2,,lowz,0.027156688
lowz,7775,20.0,181.12,598.8551387564678,150.0,0.13605,-0.435,0.267,61902.742,36.913517,-30.303682,-18.435537,20.670721,8.55769e-05,salt2,,lowz,0.020950535
lowz,7801,20.0,181.12,886.1665182487966,150.0,0.13985,0.67,0.315,61903.633,61.967033,-54.34804,-18.265556,20.905703,6.8922964e-05,salt2,,lowz,0.014701111
lowz,7803,20.0,113.2,993.7886616975825,150.0,0.11345,0.02,0.174,61898.34,349.3836,-69.080666,-18.564882,20.115524,0.00014270374,salt2,,lowz,0.0444199
lowz,7807,20.0,87.73,985.9419325103534,150.0,0.12185,1.58,-0.107,61899.797,315.74454,-39.632084,-19.933867,18.913425,0.00043179176,salt2,,lowz,0.045442656
lowz,7814,20.0,90.56,1362.533791722787,150.0,0.09655,-1.77,-0.005,61895.953,37.80707,-66.60943,-19.102522,19.203487,0.00033055933,salt2,,lowz,0.038298998
lowz,7828,20.0,101.88,710.4541585757166,150.0,0.10735,0.645,0.136,61897.395,48.65619,-45.148975,-18.93752,19.614231,0.00022643949,salt2,,lowz,0.02554767
lowz,7876,20.0,101.88,1448.5734697324433,150.0,0.12765,-0.515,-0.098,61900.938,359.9284,-9.377012,-19.79066,19.16566,0.0003422792,salt2,,lowz,0.04159042
lowz,7911,20.0,101.88,3369.8865036732445,150.0,0.11045,0.93,0.153,61897.855,146.63486,-13.029685,-19.0516,19.56637,0.0002366447,salt2,,lowz,0.04617249
lowz,7930,20.0,124.52000000000001,2182.978675709951,150.0,0.12305,-1.335,0.027,61900.035,31.55167,-66.746315,-19.037365,19.83288,0.00018513692,salt2,,lowz,0.04140069
lowz,7961,20.0,101.88,984.298323388439,150.0,0.12005,0.045,0.018,61899.48,30.142696,-32.39242,-19.168808,19.643654,0.00022038548,salt2,,lowz,0.023486037
lowz,7969,20.0,82.07000000000001,1395.638760615892,150.0,0.11345,1.47,-0.048,61898.336,328.64755,-28.043697,-19.59848,19.081926,0.00036972133,salt2,,lowz,0.03666045
lowz,7974,20.0,135.84,1429.712486135001,150.0,0.14275,0.35,0.01,61904.35,29.626907,-24.917368,-19.138887,20.080872,0.00014733158,salt2,,lowz,0.018846007
lowz,7981,20.0,147.16,868.2093594381063,150.0,0.14325,0.505,0.095,61904.47,4.839665,-7.76685,-18.976452,20.251577,0.00012589661,salt2,,lowz,0.042785406
lowz,7990,20.0,147.16,1055.2461642864657,150.0,0.14885,0.91,0.063,61905.95,331.11826,-27.528389,-19.224932,20.093914,0.00014557234,salt2,,lowz,0.031810455
lowz,8008,20.0,124.52000000000001,827.7113207372972,150.0,0.13555,0.6,0.03,61902.637,358.39743,-16.666801,-19.251398,19.846182,0.0001828825,salt2,,lowz,0.026242286
lowz,8009,20.0,67.92,1417.6137647634218,150.0,0.09615,0.755,-0.073,61895.91,55.198193,-35.213318,-19.762726,18.533691,0.000612587,salt2,,lowz,0.018007973
lowz,8013,20.0,113.2,462.6016257988614,150.0,0.12755,-0.225,-0.001,61900.902,42.35793,-40.06033,-19.32676,19.627722,0.00022364329,salt2,,lowz,0.019561257
lowz,8039,20.0,28.3,1000.4538064210076,150.0,0.04355,0.67,0.142,61892.38,12.833628,-16.101553,-18.956022,17.541561,0.0015276365,salt2,,lowz,0.026422624
lowz,8057,20.0,79.24000000000001,657.2660620157098,150.0,0.10155,0.04,-0.069,61896.582,31.314198,-7.802065,-19.625397,18.797453,0.00048046722,salt2,,lowz,0.02621251
lowz,8070,20.0,90.56,872.461384650135,150.0,0.11255,0.24,-0.068,61898.188,1.6034021,-9.130534,-19.512451,19.14939,0.00034744755,salt2,,lowz,0.0453648
lowz,8077,20.0,113.2,2090.359124319165,150.0,0.13915,0.6,-0.132,61903.473,89.23669,-30.396368,-19.793674,19.365734,0.00028467612,salt2,,lowz,0.037907757
lowz,8081,20.0,14.15,1447.237554215457,150.0,0.02885,1.095,-0.095,61892.11,18.165092,-66.7311,-19.719313,15.860868,0.0071828584,salt2,,lowz,0.022208834
lowz,8090,20.0,62.260000000000005,967.8448968077118,150.0,0.08735,0.28,-0.053,61894.945,13.580467,-33.20553,-19.520212,18.554968,0.00060070027,salt2,,lowz,0.024053726
lowz,8103,20.0,124.52000000000001,947.5583658178532,150.0,0.13715,0.665,-0.005,61903.0,333.3624,-39.002842,-19.389744,19.735504,0.00020250859,salt2,,lowz,0.021829687
lowz,8121,20.0,158.48000000000002,604.6454937709993,150.0,0.14565,0.005,0.135,61905.094,312.12354,-47.43256,-18.848736,20.418613,0.00010794428,salt2,,lowz,0.03901835
lowz,8131,20.0,113.2,2866.76569310756,150.0,0.12245,0.31,0.088,61899.92,175.85437,-1.7625669,-19.260832,19.597963,0.00022985785,salt2,,lowz,0.023954213
lowz,8138,20.0,101.88,317.4081556562246,150.0,0.11375,0.925,0.105,61898.387,179.74803,-4.6064906,-19.072657,19.613907,0.00022650725,salt2,,lowz,0.03771384
lowz,8139,20.0,70.75,2956.5352197106163,150.0,0.09115,0.68,0.048,61895.34,324.40808,-44.269337,-19.39957,18.773626,0.00049112714,salt2,,lowz,0.026410056
lowz,8185,20.0,147.16,2004.616615911673,150.0,0.13445,1.48,0.225,61902.39,60.66275,-21.311941,-18.843998,20.234383,0.00012790627,salt2,,lowz,0.04433499
lowz,8189,20.0,70.75,1343.6336898480722,150.0,0.06575,-2.605,0.266,61893.277,5.2970586,-40.225025,-18.160688,19.265526,0.00031220136,salt2,,lowz,0.014393384
lowz,8199,20.0,135.84,828.1372397922503,150.0,0.14645,1.43,0.047,61905.29,37.05208,-30.576225,-19.365139,19.915182,0.00017162155,salt2,,lowz,0.01910997
lowz,8212,20.0,101.88,1084.225223664018,150.0,0.11575,0.76,0.085,61898.715,77.58542,-57.739395,-19.263626,19.463602,0.00026013795,salt2,,lowz,0.026525795
lowz,8236,20.0,135.84,1972.1147049914548,150.0,0.13945,1.005,0.062,61903.535,359.55484,-6.497321,-19.264402,19.900091,0.00017402369,salt2,,lowz,0.041623265
lowz,8240,20.0,113.2,1820.9731535545964,150.0,0.13895,1.105,-0.084,61903.43,305.75488,-68.72227,-19.856073,19.29994,0.00030246054,salt2,,lowz,0.049341794
lowz,8273,20.0,124.52000000000001,1302.9095496487005,150.0,0.14255,1.14,-0.019,61904.3,20.487337,-39.18913,-19.624735,19.59171,0.00023118564,salt2,,lowz,0.02560357
lowz,8276,20.0,82.07000000000001,957.8600203135265,150.0,0.08735,-2.605,0.032,61894.945,29.632566,-7.0341587,-18.81997,19.255209,0.0003151817,salt2,,lowz,0.031171342
lowz,8329,20.0,147.16,1261.4695936677078,150.0,0.14815,0.09,0.054,61905.74,343.4288,-20.387001,-19.154902,20.152767,0.0001378915,salt2,,lowz,0.03404086
lowz,8339,20.0,90.56,3370.8926758512985,150.0,0.10845,0.695,0.031,61897.56,135.61531,-8.6516485,-19.373404,19.202047,0.0003309982,salt2,,lowz,0.0442508
lowz,8341,20.0,101.88,3125.553883431719,150.0,0.11575,-1.67,-0.077,61898.723,4.9920425,-3.7329772,-19.334883,19.392345,0.00027778355,salt2,,lowz,0.028676849
lowz,8360,20.0,36.79,1260.3856165961863,150.0,0.05665,0.205,0.009,61892.82,15.903674,-49.396393,-19.192019,17.896873,0.0011012736,salt2,,lowz,0.018313842
lowz,8365,20.0,124.52000000000001,627.2952652947624,150.0,0.13125,-0.23,-0.006,61901.676,44.645256,-49.640205,-19.18688,19.8348,0.00018480967,salt2,,lowz,0.028842047
lowz,8383,20.0,124.52000000000001,2070.55774540932,150.0,0.14655,0.605,-0.055,61905.32,127.23541,-3.558795,-19.570387,19.711552,0.0002070256,salt2,,lowz,0.04287653
lowz,8392,20.0,82.07000000000001,3086.1114650088093,150.0,0.09535,-0.53,0.029,61895.816,345.1098,-35.131405,-19.235023,19.042093,0.00038353688,salt2,,lowz,0.019900408
lowz,8400,20.0,87.73,1298.7483871131662,150.0,0.08845,0.175,0.219,61895.06,28.6401,-7.768143,-18.60399,19.499973,0.0002515682,salt2,,lowz,0.025141504
lowz,8434,20.0,70.75,3792.0746818969096,150.0,0.09365,0.715,0.006,61895.613,189.63405,-1.7942117,-19.333714,18.901876,0.0004364098,salt2,,lowz,0.036223788
lowz,8459,20.0,113.2,3653.155247346443,150.0,0.11055,-0.55,0.125,61897.87,23.010109,-22.282228,-18.794233,19.825844,0.00018634059,salt2,,lowz,0.01501173
lowz,8469,20.0,101.88,1005.2559688613644,150.0,0.10605,0.34,0.142,61897.2,25.363052,-57.533363,-18.84603,19.677412,0.00021363875,salt2,,lowz,0.03006518
lowz,8491,20.0,124.52000000000001,1382.508679101121,150.0,0.13895,0.28,-0.052,61903.418,84.59215,-25.897972,-19.379364,19.77665,0.00019497775,salt2,,lowz,0.032648906
lowz,8510,20.0,101.88,1330.537807459074,150.0,0.12325,0.03,-0.072,61900.062,28.875774,-55.57978,-19.638975,19.235075,0.00032108117,salt2,,lowz,0.03864181
lowz,8530,20.0,158.48000000000002,2491.173156499821,150.0,0.14595,-0.4,0.084,61905.164,178.32462,-18.919868,-19.006172,20.266048,0.0001242296,salt2,,lowz,0.0449487
lowz,8535,20.0,90.56,3230.5566033306377,150.0,0.10585,-2.045,-0.135,61897.18,21.190834,-21.39781,-19.503101,19.015955,0.00039288227,salt2,,lowz,0.017259914
lowz,8541,20.0,90.56,3150.8453720241605,150.0,0.11825,0.755,-0.083,61899.152,157.03056,-3.0563426,-19.79185,18.98529,0.0004041371,salt2,,lowz,0.04749667
lowz,8582,20.0,59.43,2407.40076961921,150.0,0.08205,0.69,0.003,61894.457,50.374615,-53.127098,-19.263742,18.667723,0.0005414464,salt2,,lowz,0.029812012
lowz,8589,20.0,73.58,913.0614667560628,150.0,0.08725,-1.275,0.026,61894.938,13.329424,-35.630062,-19.097769,18.974777,0.00040806926,salt2,,lowz,0.019470822
lowz,8592,20.0,135.84,1192.1783393949593,150.0,0.14365,-0.19,2.7755576e-16,61904.574,67.15629,-34.26975,-19.371983,19.862642,0.00018013082,salt2,,lowz,0.02650606
lowz,8608,20.0,90.56,1608.8975870563352,150.0,0.09425,0.02,0.23,61895.69,350.8833,-32.647297,-18.541267,19.70906,0.00020750132,salt2,,lowz,0.019372212
lowz,8618,20.0,22.64,1663.007904164999,150.0,0.03105,0.105,0.34,61892.137,61.006493,-17.00408,-18.149025,17.594238,0.0014552906,salt2,,lowz,0.033137213
lowz,8620,20.0,90.56,2059.3517819417434,150.0,0.10455,0.135,0.048,61896.99,334.63174,-16.110445,-19.084833,19.405533,0.00027442997,salt2,,lowz,0.03950007
lowz,8648,20.0,192.44,954.7163453315466,150.0,0.14625,-0.12,0.276,61905.24,312.49506,-43.271698,-18.336702,20.940384,6.675617e-05,salt2,,lowz,0.045466993
lowz,8652,20.0,28.3,1831.208778144041,150.0,0.04635,0.555,0.117,61892.453,55.75655,-39.839092,-18.879217,17.758036,0.0012515,salt2,,lowz,0.020057807
lowz,8663,20.0,135.84,1063.2755956573992,150.0,0.14025,1.01,0.104,61903.73,73.8437,-5.6548514,-18.972792,20.20521,0.00013138948,salt2,,lowz,0.038042303
lowz,8665,20.0,82.07000000000001,1976.2873761028395,150.0,0.10395,0.235,-0.024,61896.91,354.08582,-29.728765,-19.359814,19.117199,0.00035790302,salt2,,lowz,0.022331487
lowz,8679,20.0,113.2,960.3254726485316,150.0,0.12425,0.13,0.044,61900.254,30.79599,-23.38226,-19.009563,19.883423,0.00017671584,salt2,,lowz,0.018820686
lowz,8684,20.0,135.84,1305.6848455311708,150.0,0.14135,-0.71,-0.016,61903.996,85.358536,-31.624577,-19.281015,19.915445,0.00017158002,salt2,,lowz,0.034326527
lowz,8688,20.0,65.09,1518.9050212411025,150.0,0.08735,-0.21,-0.057,61894.95,14.872107,-34.03197,-19.42806,18.64712,0.0005518196,salt2,,lowz,0.02182151
lowz,8689,20.0,36.79,439.9315566910684,150.0,0.05465,-1.385,-0.08,61892.74,20.411,-24.986258,-19.525501,17.482275,0.0016133728,salt2,,lowz,0.023307037
lowz,8692,20.0,135.84,657.4786168119144,150.0,0.10045,-0.485,0.453,61896.44,38.238174,-14.270853,-17.779993,20.617628,8.986557e-05,salt2,,lowz,0.028954782
lowz,8701,20.0,101.88,1214.1618573243654,150.0,0.12545,1.095,-0.01,61900.496,352.08624,-24.991564,-19.415777,19.499748,0.0002516203,salt2,,lowz,0.026030723
lowz,8703,20.0,124.52000000000001,1059.0359525168572,150.0,0.12715,-0.525,0.063,61900.82,22.434761,-1.290507,-19.031483,19.915627,0.00017155142,salt2,,lowz,0.032642156
lowz,8736,20.0,135.84,1227.2125084561237,150.0,0.11845,0.925,0.293,61899.19,48.54767,-39.652252,-18.562267,20.218822,0.00012975262,salt2,,lowz,0.025411526
lowz,8739,20.0,181.12,883.0227194974427,150.0,0.14775,0.225,0.211,61905.637,15.980488,-26.843441,-18.680021,20.62124,8.956706e-05,salt2,,lowz,0.020560754
lowz,8740,20.0,87.73,2640.9849401208517,150.0,0.11155,1.385,-0.002,61898.027,129.69525,-6.5335894,-19.55529,19.085756,0.00036841887,salt2,,lowz,0.028214138
lowz,8752,20.0,101.88,2727.988972993163,150.0,0.12425,1.025,-0.018,61900.25,351.22986,-51.976574,-19.451443,19.441545,0.00026547688,salt2,,lowz,0.015336383
lowz,8762,20.0,53.77,1619.8398705174302,150.0,0.06625,0.285,0.169,61893.305,74.17847,-30.1806,-18.939835,18.503584,0.0006298123,salt2,,lowz,0.017401366
lowz,8775,20.0,135.84,1507.5976260853379,150.0,0.13475,0.555,0.06,61902.45,356.91403,-65.62879,-19.235426,19.848206,0.00018254193,salt2,,lowz,0.030495416
lowz,8777,20.0,113.2,1308.7022202223623,150.0,0.10665,0.57,0.232,61897.293,334.23306,-19.230612,-18.752962,19.783585,0.00019373636,salt2,,lowz,0.027803302
lowz,8780,20.0,90.56,1644.8136769856253,150.0,0.13965,0.325,0.08,61903.598,36.3114,-0.35667196,-19.103138,20.064741,0.00014953697,salt2,,lowz,0.03576514
lowz,8804,20.0,147.16,508.68025618415476,150.0,0.13475,-0.655,0.085,61902.453,33.219364,-13.289946,-18.971224,20.112408,0.00014311382,salt2,,lowz,0.022529805
lowz,8818,20.0,101.88,400.60599909247094,150.0,0.12615,1.335,0.012,61900.625,39.615036,-19.174864,-19.493916,19.434662,0.0002671652,salt2,,lowz,0.03928862
lowz,8819,20.0,90.56,483.90859388422484,150.0,0.14345,-1.485,-0.077,61904.523,32.01146,-9.450535,-19.434975,19.796354,0.00019147096,salt2,,lowz,0.029265907
lowz,8824,20.0,135.84,961.9575023843051,150.0,0.14845,-8.526513e-14,-0.074,61905.83,20.557701,-41.253708,-19.48443,19.828035,0.00018596463,salt2,,lowz,0.02180573
lowz,8850,20.0,50.94,632.9769733351161,150.0,0.07005,0.725,0.097,61893.543,40.79525,-31.704685,-19.178015,18.392237,0.000697831,salt2,,lowz,0.01955637
lowz,8863,20.0,135.84,1159.353945701013,150.0,0.13415,1.175,0.13,61902.324,1.7220318,-67.01379,-18.923828,20.14929,0.00013833387,salt2,,lowz,0.0295735
lowz,8866,20.0,101.88,1325.1251904119506,150.0,0.13365,0.805,-0.116,61902.207,342.84976,-19.061886,-19.694855,19.36947,0.00028369838,salt2,,lowz,0.03501995
lowz,8869,20.0,147.16,757.3721862379896,150.0,0.14235,-1.23,2.7755576e-16,61904.254,344.9601,-43.30668,-19.182442,20.030684,0.00015430193,salt2,,lowz,0.015944196
lowz,8879,20.0,90.56,1003.5351413322155,150.0,0.09665,-0.195,0.125,61895.97,21.57696,-24.65838,-18.86116,19.447245,0.00026408714,salt2,,lowz,0.017612036
lowz,8884,20.0,158.48000000000002,844.505267497115,150.0,0.13645,-2.04,0.085,61902.844,351.56244,-36.148575,-18.895792,20.217388,0.00012992413,salt2,,lowz,0.023682991
lowz,8919,20.0,101.88,865.021307315274,150.0,0.10165,-0.155,0.231,61896.605,314.65164,-40.30784,-18.663631,19.7615,0.00019771743,salt2,,lowz,0.04010112
lowz,8922,20.0,56.6,1171.8989152327108,150.0,0.06945,-1.74,0.004,61893.5,17.28906,-59.341446,-18.975517,18.575153,0.00058963505,salt2,,lowz,0.026847128
lowz,8923,20.0,82.07000000000001,1562.572423675459,150.0,0.10095,0.195,0.031,61896.51,329.255,-11.100614,-19.383873,19.025248,0.0003895344,salt2,,lowz,0.04375149
lowz,8926,20.0,135.84,1286.0656129681033,150.0,0.14995,-0.07,-0.078,61906.23,353.67636,-54.78127,-19.66594,19.67037,0.00021502891,salt2,,lowz,0.019336488
lowz,8931,20.0,70.75,1216.5546932323614,150.0,0.07975,-1.785,0.073,61894.258,32.541138,-20.940548,-18.924414,18.941914,0.0004206095,salt2,,lowz,0.020254621
lowz,8939,20.0,90.56,988.1846187282031,150.0,0.09935,0.39,0.103,61896.305,0.7626082,-5.341628,-19.11438,19.257748,0.00031444564,salt2,,lowz,0.043272294
lowz,8951,20.0,82.07000000000001,974.0885214510474,150.0,0.07695,-1.055,0.255,61894.035,326.7522,-8.740606,-18.47795,19.306614,0.00030060706,salt2,,lowz,0.04483531
lowz,8996,20.0,90.56,1683.0380010011215,150.0,0.10865,-0.075,-0.037,61897.594,32.45366,-4.558849,-19.491423,19.088314,0.0003675523,salt2,,lowz,0.02623779
lowz,9004,20.0,181.12,2641.1047479895947,150.0,0.13275,0.05,0.331,61902.004,140.55537,-2.9486582,-18.278088,20.77033,7.807512e-05,salt2,,lowz,0.043470558
lowz,9013,20.0,124.52000000000001,2138.1316804881717,150.0,0.12715,0.065,0.07,61900.836,53.975605,-42.143093,-19.006475,19.940632,0.00016764544,salt2,,lowz,0.017979626
lowz,9024,20.0,135.84,1481.7117466047316,150.0,0.13825,1.33,0.088,61903.266,351.50577,-20.202333,-19.18448,19.959612,0.00016474038,salt2,,lowz,0.034522966
lowz,9025,20.0,147.16,776.3056181592549,150.0,0.14565,-1.115,-0.013,61905.08,325.40796,-28.63533,-19.14704,20.12031,0.0001420761,salt2,,lowz,0.048138615
lowz,9035,20.0,48.11,943.3237642540805,150.0,0.06575,0.465,0.094,61893.277,357.946,-49.953716,-19.185738,18.240475,0.00080251857,salt2,,lowz,0.024189156
lowz,9042,20.0,36.79,899.7568139940977,150.0,0.05005,0.425,0.186,61892.57,316.5758,-39.71706,-18.762957,18.046803,0.0009592325,salt2,,lowz,0.036301408
lowz,9061,20.0,87.73,626.5448588861186,150.0,0.09565,-0.41,0.077,61895.848,339.52933,-48.319332,-18.952349,19.332024,0.00029365334,salt2,,lowz,0.014230941
lowz,9072,20.0,65.09,1712.189213528956,150.0,0.08915,0.805,-0.031,61895.13,76.24284,-37.852516,-19.496782,18.625322,0.00056300964,salt2,,lowz,0.031322915
lowz,9087,20.0,82.07000000000001,2108.3588565404248,150.0,0.10595,0.32,-0.079,61897.184,306.01282,-47.04602,-19.617561,18.903688,0.00043568172,salt2,,lowz,0.04044408
lowz,9095,20.0,147.16,2073.50142330208,150.0,0.11975,-0.325,0.277,61899.42,58.487103,-29.10372,-18.522633,20.283978,0.00012219502,salt2,,lowz,0.009686506
lowz,9100,20.0,113.2,2088.8532366375807,150.0,0.14025,1.0,-0.066,61903.734,144.1122,-5.9384294,-19.698809,19.479193,0.0002564291,salt2,,lowz,0.03711568
lowz,9109,20.0,147.16,1874.2021900988277,150.0,0.14745,-0.99,-0.026,61905.56,69.471596,-30.993778,-19.17466,20.121784,0.00014188323,salt2,,lowz,0.038397897
lowz,9120,20.0,113.2,1036.6623697231373,150.0,0.10315,-1.24,0.145,61896.8,25.458738,-36.574505,-18.706675,19.752417,0.00019937841,salt2,,lowz,0.026147604
lowz,9121,20.0,82.07000000000001,664.5067387194026,150.0,0.10545,0.725,-0.016,61897.12,0.056808703,-40.764618,-19.502693,19.00757,0.0003959282,salt2,,lowz,0.014371245
lowz,9129,20.0,135.84,980.1081953886116,150.0,0.14125,-0.775,-0.021,61903.984,29.631878,-17.868696,-19.10457,20.090218,0.00014606879,salt2,,lowz,0.029142935
lowz,9148,20.0,147.16,1334.3721741590953,150.0,0.13225,-2.115,0.015,61901.895,348.693,-57.580936,-18.935947,20.10359,0.0001442808,salt2,,lowz,0.016415989
lowz,9163,20.0,8.49,1184.359606663006,150.0,0.02955,0.26,0.094,61892.117,80.3095,-60.683376,-19.046297,16.587057,0.0036797782,salt2,,lowz,0.033880677
lowz,9172,20.0,90.56,998.9327450404426,150.0,0.11025,0.145,-0.023,61897.83,31.765121,-41.303223,-19.27345,19.340302,0.0002914233,salt2,,lowz,0.020570232
lowz,9173,20.0,45.28,310.181692385695,150.0,0.07525,1.25,-0.084,61893.9,29.002481,-37.34652,-19.681852,18.051668,0.00095494237,salt2,,lowz,0.025896646
lowz,9187,20.0,82.07000000000001,734.0778772226361,150.0,0.09145,0.47,0.169,61895.38,0.69914025,-33.550777,-18.840506,19.340265,0.00029143313,salt2,,lowz,0.013663629
lowz,9192,20.0,8.49,1217.9170307480786,150.0,0.02255,0.445,0.008,61892.055,56.337803,-37.879684,-19.318605,15.716486,0.0082044685,salt2,,lowz,0.015755683
lowz,9205,20.0,135.84,1091.8490929318589,150.0,0.14845,0.645,-0.005,61905.816,6.178052,-63.30541,-19.381493,19.930973,0.00016914358,salt2,,lowz,0.019434322
lowz,9208,20.0,124.52000000000001,1434.7570256029821,150.0,0.14505,-0.475,-0.146,61904.926,49.47846,-17.710236,-19.733341,19.524235,0.00024600892,salt2,,lowz,0.040859133
lowz,9263,20.0,135.84,1372.9620914276452,150.0,0.11695,-2.445,0.071,61898.926,356.44122,-11.317716,-18.66388,20.087431,0.00014644422,salt2,,lowz,0.037202056
lowz,9267,20.0,82.07000000000001,2924.0643680690646,150.0,0.10635,-0.03,-0.074,61897.242,117.96094,-2.2152789,-19.389507,19.140495,0.0003503054,salt2,,lowz,0.049616534
lowz,9291,20.0,113.2,1790.5924102733914,150.0,0.11195,-0.795,0.063,61898.098,69.16487,-62.26287,-19.194622,19.454763,0.00026226437,salt2,,lowz,0.039364822
lowz,9293,20.0,113.2,2083.877475892849,150.0,0.12165,-0.195,-0.001,61899.766,158.13745,-7.280025,-19.097769,19.745678,0.00020061975,salt2,,lowz,0.049191054
lowz,9301,20.0,79.24000000000001,3231.867125555878,150.0,0.07975,1.07,0.317,61894.258,23.479206,-1.3692112,-18.595253,19.271074,0.00031060984,salt2,,lowz,0.031297613
lowz,9307,20.0,124.52000000000001,1299.2475066019842,150.0,0.13175,0.615,0.052,61901.785,49.85107,-43.610558,-19.147184,19.88344,0.00017671306,salt2,,lowz,0.018375318
lowz,9326,20.0,50.94,1389.8119230881146,150.0,0.06705,-2.075,-0.033,61893.35,15.08508,-1.3685597,-18.896954,18.573736,0.0005904048,salt2,,lowz,0.04894778
lowz,9339,20.0,73.58,1745.5748681065315,150.0,0.08195,-0.975,0.139,61894.445,319.0341,-50.563255,-18.717794,19.210876,0.00032831772,salt2,,lowz,0.032622922
lowz,9376,20.0,70.75,1711.8897194460192,150.0,0.09005,-0.705,-0.036,61895.227,25.623964,-11.162879,-19.3532,18.792028,0.00048287318,salt2,,lowz,0.027031599
lowz,9387,20.0,147.16,1287.2575359498742,150.0,0.12145,-0.33,0.28,61899.73,12.310249,-57.855267,-18.314796,20.524797,9.788716e-05,salt2,,lowz,0.029111875
lowz,9405,20.0,147.16,680.8775977039552,150.0,0.13525,-0.82,0.09,61902.555,22.542156,-38.03165,-18.759468,20.33289,0.000116812334,salt2,,lowz,0.020244937
lowz,9407,20.0,169.8,1027.4501544841755,150.0,0.13635,-1.19,0.194,61902.805,5.123336,-5.39808,-18.526236,20.585217,9.258875e-05,salt2,,lowz,0.042176228
lowz,9409,20.0,101.88,950.5511214990286,150.0,0.08865,-0.165,0.39,61895.08,335.39874,-21.241222,-17.964716,20.144444,0.00013895272,salt2,,lowz,0.034994
lowz,9434,20.0,169.8,793.1200130170253,150.0,0.13385,-1.725,0.143,61902.25,2.6923063,-17.932348,-18.672935,20.39491,0.0001103266,salt2,,lowz,0.033921193
lowz,9449,20.0,192.44,3416.8454329919723,150.0,0.14345,-2.015,0.156,61904.52,149.2805,-0.84898156,-18.575691,20.655638,8.677397e-05,salt2,,lowz,0.049605016
lowz,9451,20.0,135.84,2469.984398132044,150.0,0.14605,0.015,-0.053,61905.188,41.5479,-51.748585,-19.4392,19.834644,0.0001848363,salt2,,lowz,0.029012289
lowz,9457,20.0,135.84,1490.2260037354404,150.0,0.13395,-1.59,-0.074,61902.277,314.64304,-41.749683,-19.27422,19.795385,0.00019164197,salt2,,lowz,0.045950502
lowz,9486,20.0,90.56,3271.2186793773863,150.0,0.10465,0.575,0.083,61897.004,134.41742,-2.5600474,-18.981607,19.510979,0.00024903085,salt2,,lowz,0.023592627
lowz,9497,20.0,90.56,1793.7861912039298,150.0,0.11325,-0.37,-0.076,61898.297,70.38906,-45.55094,-19.556438,19.119854,0.00035702845,salt2,,lowz,0.016328312
lowz,9510,20.0,113.2,2338.2232600210755,150.0,0.12575,-1.89,-0.088,61900.555,173.00874,-6.1305356,-19.217026,19.704102,0.0002084511,salt2,,lowz,0.038575947
lowz,9518,20.0,147.16,3277.566405551668,150.0,0.13715,-1.78,0.005,61902.992,28.482145,-20.80626,-19.115738,20.00951,0.00015734063,salt2,,lowz,0.021750407
lowz,9539,20.0,90.56,910.3685482320607,150.0,0.11045,-0.08,0.004,61897.86,61.416786,-30.444038,-19.239925,19.378046,0.00028146635,salt2,,lowz,0.01865766
lowz,9553,20.0,158.48000000000002,1626.7275924342928,150.0,0.14665,-0.615,0.062,61905.35,329.7807,-66.96485,-19.071835,20.211721,0.00013060399,salt2,,lowz,0.047363482
lowz,9555,20.0,147.16,359.7714268235111,150.0,0.14165,0.58,0.135,61904.074,331.5751,-60.31826,-19.042818,20.158653,0.00013714607,salt2,,lowz,0.045813795
lowz,9567,20.0,36.79,1446.3374954326673,150.0,0.04725,-1.11,0.06,61892.48,46.624805,-32.61955,-18.970312,17.710098,0.0013079919,salt2,,lowz,0.016958047
lowz,9576,20.0,62.260000000000005,679.4900641613469,150.0,0.08015,-1.65,-0.061,61894.293,28.604671,-48.499928,-19.470163,18.407621,0.0006880128,salt2,,lowz,0.023119254
lowz,9579,20.0,192.44,1509.2151195211188,150.0,0.13565,-1.265,0.258,61902.664,306.84753,-37.951313,-18.321985,20.777332,7.757318e-05,salt2,,lowz,0.04951401
lowz,9594,20.0,101.88,1989.582399611419,150.0,0.10855,-0.735,0.025,61897.574,31.960474,-11.889486,-19.1941,19.383495,0.00028005714,salt2,,lowz,0.023971476
lowz,9626,20.0,124.52000000000001,1020.096116648966,150.0,0.13935,0.855,-0.009,61903.516,356.2914,-24.214445,-19.389048,19.77375,0.00019549887,salt2,,lowz,0.02546548
lowz,9638,20.0,124.52000000000001,3577.1204260730847,150.0,0.14555,0.725,-0.094,61905.055,171.79117,-6.227675,-19.798653,19.467072,0.0002593082,salt2,,lowz,0.049611393
lowz,9645,20.0,147.16,3206.173741478996,150.0,0.14085,-1.605,-0.022,61903.89,38.31573,-2.102821,-19.22984,19.958248,0.00016494736,salt2,,lowz,0.03537552
lowz,9658,20.0,16.98,1485.2011302599863,150.0,0.04085,0.56,-0.037,61892.312,14.398009,-55.230145,-19.621813,16.732569,0.0032182294,salt2,,lowz,0.024473172
lowz,9662,20.0,158.48000000000002,1335.1871519198587,150.0,0.12715,0.595,0.307,61900.832,28.9791,-6.699641,-18.216682,20.730425,8.099803e-05,salt2,,lowz,0.028802019
lowz,9693,20.0,147.16,782.2111794263583,150.0,0.14135,-0.015,0.05,61903.996,3.5219867,-4.66322,-19.123018,20.073444,0.0001483431,salt2,,lowz,0.036263146
lowz,9737,20.0,147.16,3369.0815507910324,150.0,0.13405,0.295,0.158,61902.29,144.9104,-5.897111,-18.696188,20.375175,0.000112350426,salt2,,lowz,0.03700378
lowz,9763,20.0,101.88,3082.065245505562,150.0,0.11265,0.635,0.047,61898.2,16.638992,-4.513359,-19.179388,19.484522,0.00025517357,salt2,,lowz,0.0403637
lowz,9764,20.0,33.96,1214.69599315727,150.0,0.05895,1.355,-0.012,61892.926,344.8956,-38.51192,-19.445353,17.733475,0.0012801324,salt2,,lowz,0.015744306
lowz,9771,20.0,113.2,926.2006366717669,150.0,0.11635,-1.615,0.013,61898.816,18.967043,-24.881775,-19.222862,19.516436,0.0002477823,salt2,,lowz,0.023823956
lowz,9774,20.0,135.84,3560.0463719540758,150.0,0.10315,-1.58,0.31,61896.797,184.04156,-3.101899,-18.20905,20.250042,0.00012607478,salt2,,lowz,0.04143815
lowz,9776,20.0,124.52000000000001,2500.702675870559,150.0,0.13395,0.2,0.025,61902.277,79.42676,-26.888887,-19.259956,19.809649,0.00018914074,salt2,,lowz,0.021888942
lowz,9807,20.0,147.16,1832.1939191337299,150.0,0.11885,-1.675,0.193,61899.25,1.3943638,-17.161613,-18.478607,20.310362,0.00011926148,salt2,,lowz,0.029983481
lowz,9811,20.0,113.2,2022.1301501396492,150.0,0.11845,0.1,0.097,61899.19,89.153946,-27.103247,-18.938475,19.842615,0.00018348436,salt2,,lowz,0.03912569
lowz,9822,20.0,147.16,1142.2518602091516,150.0,0.13975,-2.125,-0.076,61903.625,41.881535,-44.259396,-19.13461,20.03496,0.00015369538,salt2,,lowz,0.021821776
lowz,9827,20.0,192.44,2363.3570429345023,150.0,0.14105,-0.175,0.304,61903.926,139.60902,-0.08642408,-18.266598,20.924843,6.771859e-05,salt2,,lowz,0.038454313
lowz,9837,20.0,113.2,1689.1395561079962,150.0,0.13565,0.265,-0.101,61902.66,79.67939,-34.617718,-19.700657,19.398663,0.0002761722,salt2,,lowz,0.04862702
lowz,9842,20.0,124.52000000000001,1572.7478670671132,150.0,0.14985,0.775,-0.067,61906.195,9.608003,-24.86684,-19.568104,19.766623,0.00019678658,salt2,,lowz,0.017330047
lowz,9848,20.0,147.16,1117.8838485042802,150.0,0.14115,0.26,0.065,61903.945,55.011406,-31.499844,-19.125515,20.0676,0.00014914364,salt2,,lowz,0.017715557
lowz,9867,20.0,73.58,1290.4205228620744,150.0,0.09755,1.535,0.06,61896.08,4.053317,-17.626583,-19.34761,18.98222,0.0004052817,salt2,,lowz,0.04898347
lowz,9883,20.0,124.52000000000001,1027.549810105687,150.0,0.12325,-1.76,-0.042,61900.06,42.1758,-26.470984,-19.29267,19.581379,0.00023339578,salt2,,lowz,0.028054245
lowz,9905,20.0,158.48000000000002,3004.4351475934654,150.0,0.14875,-0.585,0.033,61905.92,171.01193,-0.51727855,-19.278046,20.039207,0.00015309524,salt2,,lowz,0.03739725
lowz,9908,20.0,70.75,3665.484730771907,150.0,0.09175,0.545,0.024,61895.402,340.03854,-24.12276,-19.274734,18.913586,0.0004317286,salt2,,lowz,0.029190805
lowz,9979,20.0,25.47,3616.987781929338,150.0,0.04735,1.645,-0.032,61892.48,144.96594,-0.9059388,-19.632206,17.052952,0.002395876,salt2,,lowz,0.039550543
lowz,9988,20.0,101.88,2361.4874036976616,150.0,0.10415,-2.725,-0.019,61896.934,43.557343,-57.213486,-18.983809,19.497662,0.00025210413,salt2,,lowz,0.021916458
lowz,9995,20.0,113.2,1093.5932159989593,150.0,0.13245,-1.03,-0.147,61901.945,1.9947445,-30.398125,-19.604597,19.438496,0.00026622356,salt2,,lowz,0.01578503
lowz,10011,20.0,90.56,1541.756357373001,150.0,0.11965,0.78,-0.035,61899.39,72.0071,-31.155548,-19.542002,19.262653,0.00031302805,salt2,,lowz,0.0292625
lowz,10014,20.0,87.73,1259.7196139356133,150.0,0.10635,-0.12,-0.052,61897.25,28.63693,-7.9289746,-19.38755,19.142452,0.00034967464,salt2,,lowz,0.02684163
lowz,10028,20.0,147.16,637.8000605182251,150.0,0.10515,1.625,0.582,61897.07,21.019117,-25.500608,-17.722765,20.780884,7.731984e-05,salt2,,lowz,0.01803636
lowz,10031,20.0,87.73,511.6132611477985,150.0,0.10335,-1.33,-0.101,61896.824,29.016552,-37.066402,-19.723509,18.740074,0.0005065413,salt2,,lowz,0.016404191
lowz,10056,20.0,124.52000000000001,925.270529831587,150.0,0.14265,0.305,-0.055,61904.324,70.274124,-45.164654,-19.532291,19.685812,0.00021199233,salt2,,lowz,0.015294693
lowz,10068,20.0,135.84,1002.677709813732,150.0,0.13775,-1.63,-0.044,61903.137,17.226007,-50.76903,-19.183472,19.952072,0.00016588831,salt2,,lowz,0.017690603
lowz,10077,20.0,158.48000000000002,2977.097139287251,150.0,0.11985,-1.05,0.264,61899.438,191.82132,-6.382332,-18.386347,20.422215,0.00010758673,salt2,,lowz,0.03215603
lowz,10098,20.0,135.84,1172.8846189909852,150.0,0.13035,-1.535,-0.032,61901.49,149.61606,-17.901787,-19.068361,19.937138,0.00016818587,salt2,,lowz,0.043482214
lowz,10111,20.0,158.48000000000002,2218.0603709610095,150.0,0.11425,-1.285,0.322,61898.477,31.443302,-57.406532,-17.992083,20.70471,8.293943e-05,salt2,,lowz,0.033296015
lowz,10124,20.0,101.88,1412.7038579276982,150.0,0.12825,0.775,-0.067,61901.055,38.713863,-4.3702626,-19.641832,19.325502,0.00029542262,salt2,,lowz,0.028719213
lowz,10129,20.0,135.84,2028.7659918619315,150.0,0.14785,0.695,-0.004,61905.67,318.4112,-52.551064,-19.186598,20.116266,0.00014260603,salt2,,lowz,0.03148091
lowz,10164,20.0,135.84,437.3734195055153,150.0,0.14255,0.145,0.039,61904.31,334.8277,-51.50838,-18.925753,20.290691,0.000121441735,salt2,,lowz,0.02856011
lowz,10165,20.0,124.52000000000001,1370.1023174028837,150.0,0.13605,-1.465,-0.098,61902.734,359.15536,-4.212157,-19.28243,19.823828,0.00018668697,salt2,,lowz,0.03598847
lowz,10171,20.0,70.75,1825.9092248622828,150.0,0.08655,0.15,0.09,61894.875,63.484406,-53.736393,-18.987263,19.066765,0.00037492032,salt2,,lowz,0.018034246
lowz,10173,20.0,147.16,1685.5684109892368,150.0,0.14375,-0.035,0.059,61904.605,359.04187,-11.8815365,-19.23184,20.00443,0.00015807847,salt2,,lowz,0.035940446
lowz,10179,20.0,82.07000000000001,2932.5016975626495,150.0,0.11235,0.965,-0.09,61898.16,121.13849,-2.5527046,-19.736052,18.921644,0.0004285357,salt2,,lowz,0.0353218
lowz,10190,20.0,113.2,1566.0697525315436,150.0,0.12255,-0.08,0.056,61899.926,181.37709,-4.659279,-19.060797,19.799911,0.00019084483,salt2,,lowz,0.03865219
lowz,10193,20.0,113.2,2274.627170083941,150.0,0.12935,0.65,0.014,61901.29,84.50584,-45.04266,-19.490435,19.496965,0.0002522661,salt2,,lowz,0.04592142
lowz,10221,20.0,67.92,1232.629137272924,150.0,0.06595,-0.395,0.328,61893.29,8.552531,-61.152855,-18.39014,19.042969,0.00038322798,salt2,,lowz,0.017657962
lowz,10224,20.0,181.12,634.1830682558777,150.0,0.14635,-0.17,0.179,61905.285,45.20678,-57.362934,-18.573057,20.705647,8.2867795e-05,salt2,,lowz,0.019814821
lowz,10236,20.0,124.52000000000001,2139.0980246815684,150.0,0.14895,1.735,-0.024,61905.96,140.94107,-8.961563,-19.449577,19.870861,0.00017877224,salt2,,lowz,0.045877337
lowz,10243,20.0,70.75,3425.4900098696808,150.0,0.09895,1.97,0.022,61896.254,338.98642,-24.112305,-19.533398,18.829393,0.00046653813,salt2,,lowz,0.026999492
lowz,10245,20.0,147.16,1941.4323038642017,150.0,0.12555,-1.32,0.122,61900.508,82.68541,-57.561203,-18.862543,20.05485,0.00015090534,salt2,,lowz,0.0482272
lowz,10271,20.0,90.56,1931.3611294118164,150.0,0.09675,0.295,0.173,61895.977,335.1168,-26.828024,-18.866983,19.44381,0.0002649238,salt2,,lowz,0.026029546
lowz,10280,20.0,62.260000000000005,1024.7796067751547,150.0,0.08655,0.475,-0.033,61894.867,14.721012,-22.309477,-19.544428,18.5096,0.0006263321,salt2,,lowz,0.018943653
lowz,10300,20.0,65.09,809.852353915629,150.0,0.09175,-0.025,-0.132,61895.402,349.26242,-11.404412,-19.71537,18.472948,0.00064783613,salt2,,lowz,0.03475103
lowz,10329,20.0,101.88,1221.358349370219,150.0,0.10335,-2.015,-0.001,61896.83,34.906498,-9.637014,-19.054329,19.409254,0.000273491,salt2,,lowz,0.034477733
lowz,10346,20.0,101.88,1794.7876968421583,150.0,0.12465,0.59,-0.036,61900.332,322.4567,-20.984735,-19.399967,19.500555,0.00025143338,salt2,,lowz,0.044826094
lowz,10356,20.0,90.56,2135.333415397254,150.0,0.14645,-0.655,-0.048,61905.297,77.58399,-56.6133,-19.433187,19.847134,0.0001827222,salt2,,lowz,0.02608417
lowz,10367,20.0,124.52000000000001,1183.694632008937,150.0,0.13485,1.985,0.09,61902.473,338.01404,-66.46447,-19.29256,19.792818,0.00019209558,salt2,,lowz,0.032688785
lowz,10373,20.0,90.56,742.4630779793347,150.0,0.10065,0.69,0.11,61896.47,332.9737,-42.977127,-19.031412,19.370815,0.00028334706,salt2,,lowz,0.015243195
lowz,10402,20.0,147.16,1115.2916865893949,150.0,0.14205,-0.12,0.034,61904.18,358.1409,-9.352776,-19.223654,19.984484,0.00016100948,salt2,,lowz,0.041339584
lowz,10404,20.0,135.84,1201.466782493279,150.0,0.13745,-1.37,-0.059,61903.074,346.56854,-52.317886,-19.30541,19.824991,0.00018648691,salt2,,lowz,0.015556127
lowz,10428,20.0,113.2,1370.448670025366,150.0,0.11865,-0.115,0.032,61899.215,56.910175,-35.053326,-19.187895,19.597137,0.00023003297,salt2,,lowz,0.012868128
lowz,10429,20.0,101.88,1034.8113777141514,150.0,0.12945,0.855,-0.108,61901.305,13.095157,-57.187843,-19.667116,19.322098,0.00029635045,salt2,,lowz,0.029333062
lowz,10433,20.0,36.79,936.2439050460514,150.0,0.05005,-0.685,0.15,61892.57,5.741162,-25.388035,-18.780691,18.029068,0.00097502867,salt2,,lowz,0.020729315
lowz,10447,20.0,50.94,789.9627970296169,150.0,0.07335,0.14,-0.041,61893.76,8.325488,-51.065567,-19.590137,18.085016,0.00092605763,salt2,,lowz,0.014010065
lowz,10448,20.0,50.94,407.8989162554433,150.0,0.08005,0.425,-0.126,61894.285,8.039702,-42.2419,-19.712896,18.162027,0.0008626478,salt2,,lowz,0.014385544
lowz,10468,20.0,82.07000000000001,1040.4847392866088,150.0,0.09745,-0.645,0.01,61896.066,57.666065,-40.19276,-19.017035,19.310423,0.0002995541,salt2,,lowz,0.019171339
lowz,10475,20.0,158.48000000000002,632.5491075512781,150.0,0.14525,-0.875,0.024,61904.977,38.785137,-29.472895,-18.952847,20.307991,0.00011952218,salt2,,lowz,0.01787893
lowz,10476,20.0,8.49,1490.6753506616183,150.0,0.04375,0.855,0.107,61892.383,332.00095,-30.998688,-18.886179,17.621666,0.001418987,salt2,,lowz,0.019855581
lowz,10491,20.0,82.07000000000001,1625.882435170288,150.0,0.11485,-0.075,-0.182,61898.566,37.49593,-12.321002,-19.746462,18.962551,0.0004126905,salt2,,lowz,0.02318939
lowz,10495,20.0,169.8,1015.0698011860502,150.0,0.14055,-2.785,0.044,61903.805,70.62274,-30.85814,-18.678608,20.504442,9.973961e-05,salt2,,lowz,0.037696447
lowz,10498,20.0,73.58,2472.377024034339,150.0,0.08645,0.3,0.13,61894.863,174.15038,-2.4457421,-18.82817,19.2232,0.00032461205,salt2,,lowz,0.03281301
lowz,10509,20.0,147.16,2643.6669869029965,150.0,0.14095,0.36,0.087,61903.89,64.99548,-14.308036,-19.187536,20.002228,0.00015839947,salt2,,lowz,0.047526643
lowz,10511,20.0,48.11,1545.651345133968,150.0,0.07725,1.61,-0.018,61894.06,8.169774,-54.016582,-19.736778,18.056679,0.0009505463,salt2,,lowz,0.02384462
lowz,10513,20.0,113.2,2844.491057546916,150.0,0.14675,1.145,-0.1,61905.375,149.44823,-0.5502877,-19.933708,19.351461,0.00028844294,salt2,,lowz,0.04169368
lowz,10524,20.0,135.84,3666.041379636221,150.0,0.12395,-1.925,0.032,61900.2,326.7492,-26.139917,-19.126522,19.7608,0.00019784489,salt2,,lowz,0.04520755
lowz,10566,20.0,73.58,2197.9449542369216,150.0,0.09645,-0.18,-0.052,61895.938,78.97899,-40.97926,-19.477566,18.82605,0.00046797705,salt2,,lowz,0.037046
lowz,10598,20.0,124.52000000000001,1739.7218068188185,150.0,0.12365,-0.98,0.025,61900.137,339.69693,-44.96649,-18.965588,19.916054,0.00017148395,salt2,,lowz,0.015344926
lowz,10599,20.0,135.84,2803.282514849416,150.0,0.13435,0.38,0.052,61902.355,172.88335,-18.956196,-19.128464,19.948166,0.00016648638,salt2,,lowz,0.042021167
lowz,10601,20.0,158.48000000000002,3447.7551549711516,150.0,0.14305,0.165,0.154,61904.434,327.15707,-7.2816267,-18.962843,20.26188,0.00012470741,salt2,,lowz,0.04503389
lowz,10605,20.0,33.96,2525.9035437786024,150.0,0.04695,0.91,0.226,61892.473,76.32812,-29.881224,-18.635138,18.030977,0.00097331585,salt2,,lowz,0.021060871
lowz,10609,20.0,16.98,1051.872691107869,150.0,0.03055,-0.96,0.128,61892.133,33.39399,-28.189413,-18.781021,16.926195,0.002692569,salt2,,lowz,0.023087086
lowz,10615,20.0,203.76,1371.327302898555,150.0,0.14835,-0.245,0.277,61905.8,342.5614,-8.793687,-18.486998,20.823872,7.431836e-05,salt2,,lowz,0.048769407
lowz,10619,20.0,113.2,1257.3187731530684,150.0,0.10305,-0.505,0.218,61896.785,339.71524,-55.199406,-18.445885,20.010956,0.00015713126,salt2,,lowz,0.02273686
lowz,10672,20.0,42.45,1346.5807655425012,150.0,0.06925,0.36,-0.078,61893.49,34.539215,-24.266697,-19.581924,17.962183,0.001036983,salt2,,lowz,0.022371003
lowz,10684,20.0,90.56,1489.3274540288014,150.0,0.10205,-1.605,0.027,61896.652,328.24722,-53.464573,-18.947279,19.486954,0.00025460293,salt2,,lowz,0.023558177
lowz,10697,20.0,31.130000000000003,1839.007566854603,150.0,0.05335,0.865,-0.026,61892.688,82.54329,-38.25476,-19.484562,17.468939,0.0016333115,salt2,,lowz,0.049073186
lowz,10708,20.0,124.52000000000001,1142.578637380217,150.0,0.10985,-0.215,0.235,61897.766,29.180193,-37.977516,-18.534853,20.070438,0.00014875436,salt2,,lowz,0.022257064
lowz,10710,20.0,113.2,936.0405456980402,150.0,0.11305,-2.475,-0.029,61898.266,64.64052,-25.81787,-19.160625,19.511547,0.00024890061,salt2,,lowz,0.04603218
lowz,10719,20.0,79.24000000000001,808.5920886654833,150.0,0.08525,-0.955,0.103,61894.742,36.066376,-36.602463,-18.84686,19.172396,0.00034016222,salt2,,lowz,0.028617151
lowz,10753,20.0,87.73,490.39996306829886,150.0,0.09965,0.53,0.085,61896.332,50.928825,-41.38515,-19.132545,19.246561,0.000317702,salt2,,lowz,0.019385554
lowz,10754,20.0,124.52000000000001,1376.1050787651002,150.0,0.13165,0.595,0.026,61901.766,323.3874,-66.58229,-19.418808,19.610031,0.00022731734,salt2,,lowz,0.042887468
lowz,10756,20.0,147.16,1056.5782391376297,150.0,0.14405,1.18,0.129,61904.668,66.707245,-64.961624,-19.158424,20.082779,0.000147073,salt2,,lowz,0.03560565
lowz,10758,20.0,158.48000000000002,619.9327951759419,150.0,0.14355,-2.155,-0.043,61904.56,55.799458,-47.70901,-19.061117,20.171862,0.00013548783,salt2,,lowz,0.013994878
lowz,10760,20.0,113.2,290.1004045129241,150.0,0.11085,0.245,0.165,61897.92,60.81889,-46.54682,-18.948223,19.678164,0.00021349084,salt2,,lowz,0.019747889
lowz,10775,20.0,147.16,945.0705073257459,150.0,0.11255,-0.235,0.343,61898.19,15.966416,-40.499207,-18.233006,20.428835,0.00010693277,salt2,,lowz,0.016089173
lowz,10816,20.0,67.92,1145.7858163024434,150.0,0.07945,-0.705,0.086,61894.234,76.58679,-61.526253,-19.095898,18.7618,0.0004965055,salt2,,lowz,0.0362178
lowz,10867,20.0,124.52000000000001,338.1737481450552,150.0,0.12905,0.47,0.107,61901.207,64.63025,-62.933323,-19.11574,19.866203,0.0001795409,salt2,,lowz,0.037896115
lowz,10879,20.0,101.88,1089.509579313562,150.0,0.10845,-0.775,0.013,61897.555,91.987206,-28.190392,-19.235899,19.339554,0.00029162402,salt2,,lowz,0.042254414
lowz,10890,20.0,90.56,2069.1682039627526,150.0,0.10835,-1.245,-0.083,61897.535,341.01227,-47.144707,-19.2797,19.293608,0.00030422976,salt2,,lowz,0.010307775
lowz,10904,20.0,101.88,549.5596544588293,150.0,0.12495,0.395,-0.032,61900.402,318.91006,-52.21668,-19.550388,19.355772,0.00028730038,salt2,,lowz,0.03283875
lowz,10915,20.0,53.77,985.9177774545105,150.0,0.07625,0.59,0.01,61893.977,357.27518,-31.80207,-19.332916,18.430761,0.0006735046,salt2,,lowz,0.015966836
lowz,10926,20.0,22.64,872.805050945653,150.0,0.03845,1.1,0.123,61892.26,340.1073,-7.11215,-19.07038,17.148756,0.002193525,salt2,,lowz,0.044769753
lowz,10927,20.0,158.48000000000002,892.7792174575977,150.0,0.13125,0.075,0.277,61901.684,327.68948,-35.192833,-18.403427,20.618254,8.98138e-05,salt2,,lowz,0.032955352
lowz,10948,20.0,113.2,1071.2007836432101,150.0,0.12975,0.57,0.039,61901.355,16.531517,-42.31724,-19.196482,19.798174,0.00019115036,salt2,,lowz,0.015042685
lowz,10992,20.0,90.56,1238.2099578519592,150.0,0.10225,-0.61,0.069,61896.68,36.69436,-0.45923084,-18.959425,19.479345,0.00025639308,salt2,,lowz,0.038948227
lowz,10999,20.0,113.2,2003.7485598793915,150.0,0.10005,0.705,0.375,61896.383,321.26105,-45.60432,-18.215183,20.173199,0.00013532102,salt2,,lowz,0.03448041
lowz,11011,20.0,135.84,948.1540421520542,150.0,0.14815,-0.025,-0.078,61905.742,0.23749822,-32.18877,-19.485064,19.822607,0.00018689698,salt2,,lowz,0.016586537
lowz,11017,20.0,8.49,1509.0331567946316,150.0,0.04285,-1.045,0.004,61892.36,71.597626,-36.7853,-19.033335,17.427969,0.0016961228,salt2,,lowz,0.015000147
lowz,11035,20.0,124.52000000000001,1888.2479525268438,150.0,0.12165,-2.21,-0.007,61899.76,338.46307,-30.763994,-18.844952,19.998495,0.00015894495,salt2,,lowz,0.016460046
lowz,11040,20.0,67.92,1405.351850948772,150.0,0.09785,0.685,-0.101,61896.117,39.5855,-26.908806,-19.563032,18.7739,0.0004910042,salt2,,lowz,0.020549782
lowz,11044,20.0,158.48000000000002,1039.836574833969,150.0,0.14615,-0.285,0.108,61905.207,80.52899,-24.44329,-18.928556,20.346909,0.00011531372,salt2,,lowz,0.03506936
lowz,11046,20.0,101.88,833.1650725214583,150.0,0.12555,0.455,-0.051,61900.5,50.37452,-22.53385,-19.467817,19.449577,0.00026352037,salt2,,lowz,0.023518372
lowz,11052,20.0,50.94,1342.4756484667619,150.0,0.07215,0.13,0.002,61893.68,355.45273,-48.133877,-19.497696,18.139845,0.0008804547,salt2,,lowz,0.020477286
lowz,11094,20.0,192.44,1362.2566781416504,150.0,0.14085,-1.35,0.27,61903.887,30.356806,-6.4749994,-18.253633,20.934452,6.71218e-05,salt2,,lowz,0.03083647
lowz,11095,20.0,147.16,703.9518444968783,150.0,0.13735,0.48,0.134,61903.04,20.016829,-26.076204,-18.88261,20.246075,0.00012653628,salt2,,lowz,0.015084125
lowz,11101,20.0,124.52000000000001,819.3382963362242,150.0,0.13495,-0.5,-0.047,61902.492,50.205307,-26.062181,-19.483864,19.603262,0.00022873872,salt2,,lowz,0.01747208
lowz,11103,20.0,101.88,1116.0838876920693,150.0,0.10695,0.005,0.099,61897.336,8.886648,-14.627107,-19.097494,19.44558,0.00026449206,salt2,,lowz,0.027127422
lowz,11105,20.0,90.56,735.2404366174937,150.0,0.10885,0.515,0.074,61897.613,344.98285,-19.407104,-19.16556,19.418455,0.00027118315,salt2,,lowz,0.04425643
lowz,11112,20.0,67.92,1465.07947134907,150.0,0.07565,-0.345,0.15,61893.934,36.029087,-63.18894,-18.658686,19.086943,0.00036801668,salt2,,lowz,0.030731218
lowz,11114,20.0,33.96,912.5245482789501,150.0,0.05405,-0.665,-0.086,61892.715,10.432943,-36.21605,-19.523954,17.45893,0.001648441,salt2,,lowz,0.019687016
lowz,11136,20.0,53.77,645.3916855536007,150.0,0.07865,0.115,-0.074,61894.164,0.594865,-18.913118,-19.454409,18.380129,0.0007056564,salt2,,lowz,0.023130877
lowz,11140,20.0,124.52000000000001,1439.666834744723,150.0,0.12435,-1.8,-0.018,61900.28,59.76677,-39.61737,-19.008097,19.886776,0.00017617087,salt2,,lowz,0.012716255
lowz,11141,20.0,42.45,1631.1327551335894,150.0,0.06735,1.0,-0.023,61893.37,352.45312,-15.171771,-19.198519,18.282318,0.0007721783,salt2,,lowz,0.029210905
lowz,11177,20.0,124.52000000000001,855.682148913306,150.0,0.12905,0.235,0.079,61901.227,324.6156,-6.4438324,-19.242006,19.739937,0.00020168336,salt2,,lowz,0.0442995
lowz,11180,20.0,135.84,1569.9820194397644,150.0,0.11345,0.73,0.316,61898.336,24.292503,-28.167557,-18.462248,20.218159,0.0001298319,salt2,,lowz,0.033219524
lowz,11187,20.0,113.2,1214.7826851743223,150.0,0.13055,-1.3,-0.101,61901.53,76.557045,-34.709324,-19.540802,19.468304,0.00025901405,salt2,,lowz,0.018341847
lowz,11195,20.0,158.48000000000002,1357.176435420591,150.0,0.13745,0.47,0.225,61903.08,12.65629,-36.849606,-18.605728,20.524672,9.789847e-05,salt2,,lowz,0.01585073
lowz,11201,20.0,101.88,954.2327252862099,150.0,0.12465,0.715,-0.026,61900.344,36.560947,-11.749659,-19.467833,19.43269,0.0002676511,salt2,,lowz,0.023414023
lowz,11230,20.0,79.24000000000001,2230.295049398253,150.0,0.09265,0.1,0.077,61895.5,128.38583,-10.792362,-19.071857,19.138966,0.00035079903,salt2,,lowz,0.0499697
lowz,11233,20.0,113.2,2891.582385585846,150.0,0.12035,0.53,0.077,61899.523,358.91916,-25.517517,-19.120441,19.69786,0.00020965264,salt2,,lowz,0.024998553
lowz,11242,20.0,5.66,336.5035006927394,150.0,0.00825,1.065,-0.062,61892.004,359.9767,-31.103102,-19.689323,13.139039,0.088110805,salt2,,lowz,0.017912833
lowz,11259,20.0,113.2,1084.5652186575574,150.0,0.13065,-0.88,-0.142,61901.55,46.487526,-35.176537,-19.58565,19.425257,0.00026948968,salt2,,lowz,0.020529352
lowz,11264,20.0,135.84,1038.8541114717586,150.0,0.14145,0.135,0.032,61904.035,5.4556456,-24.70441,-19.32669,19.871443,0.00017867672,salt2,,lowz,0.020894345
lowz,11276,20.0,62.260000000000005,810.2827330466521,150.0,0.06815,-1.885,0.128,61893.42,3.5244215,-51.317276,-18.815468,18.692215,0.00052936963,salt2,,lowz,0.019968731
lowz,11280,20.0,124.52000000000001,1174.8708081466607,150.0,0.11655,-2.505,0.041,61898.85,358.4695,-8.712511,-18.864254,19.879055,0.00017742818,salt2,,lowz,0.042831145
lowz,11298,20.0,70.75,632.0225141981435,150.0,0.07965,0.69,0.21,61894.246,342.5871,-19.454544,-18.718945,19.14451,0.0003490124,salt2,,lowz,0.03086783
lowz,11330,20.0,101.88,2046.9416708610229,150.0,0.12835,0.875,-0.037,61901.07,78.38474,-41.386833,-19.435255,19.53391,0.0002438264,salt2,,lowz,0.03927003
lowz,11333,20.0,135.84,2122.7207402202557,150.0,0.12235,-0.38,0.175,61899.89,178.08473,-18.556986,-18.608738,20.248142,0.00012629543,salt2,,lowz,0.043498226
lowz,11361,20.0,135.84,1199.894830518129,150.0,0.12735,-1.135,0.104,61900.875,137.45343,-0.16144612,-18.880527,20.07027,0.00014877721,salt2,,lowz,0.038134594
lowz,11364,20.0,181.12,3350.6071954069425,150.0,0.14075,-1.335,0.18,61903.848,340.49384,-34.46807,-18.612602,20.573807,9.356683e-05,salt2,,lowz,0.014183573
lowz,11369,20.0,124.52000000000001,1044.3271799212414,150.0,0.11795,0.815,0.194,61899.09,1.7196892,-3.1429546,-18.734976,20.036226,0.00015351619,salt2,,lowz,0.04740787
lowz,11370,20.0,124.52000000000001,977.1079561860088,150.0,0.13075,1.18,0.119,61901.574,327.62387,-4.5828886,-19.117346,19.895359,0.00017478384,salt2,,lowz,0.038743492
lowz,11377,20.0,53.77,2661.991457218502,150.0,0.05795,-1.295,0.25,61892.88,83.34245,-32.75286,-18.233131,18.907019,0.00043434772,salt2,,lowz,0.04215531
lowz,11378,20.0,158.48000000000002,1312.2738655534854,150.0,0.13825,-1.5,0.045,61903.246,23.984585,-33.87423,-18.949211,20.194883,0.00013264525,salt2,,lowz,0.028955119
lowz,11398,20.0,147.16,869.7035775397026,150.0,0.13755,-1.17,0.055,61903.082,348.11685,-36.260086,-19.113201,20.018915,0.00015598348,salt2,,lowz,0.02056641
lowz,11402,20.0,101.88,1536.0106741536122,150.0,0.11135,0.845,0.17,61897.992,61.41139,-33.214397,-18.997637,19.639229,0.00022128546,salt2,,lowz,0.01158874
lowz,11409,20.0,82.07000000000001,302.0775542607214,150.0,0.10305,0.65,-0.005,61896.78,66.32821,-33.767754,-19.244928,19.211914,0.00032800424,salt2,,lowz,0.04611195
lowz,11421,20.0,79.24000000000001,1057.4384939854942,150.0,0.10055,0.175,-0.049,61896.457,19.107159,-45.145256,-19.440859,18.959064,0.00041401738,salt2,,lowz,0.017318217
lowz,11436,20.0,53.77,1341.6191910743269,150.0,0.07635,0.75,0.03,61893.984,79.62885,-28.112246,-19.34052,18.426151,0.00067636947,salt2,,lowz,0.02784543
lowz,11442,20.0,87.73,605.4809466516053,150.0,0.11925,0.85,-0.141,61899.32,63.776463,-18.22828,-19.806896,18.98993,0.00040241424,salt2,,lowz,0.026736828
lowz,11450,20.0,113.2,893.6564895693541,150.0,0.10375,-1.62,0.189,61896.875,32.19142,-15.295522,-18.508154,19.96439,0.0001640171,salt2,,lowz,0.03707621
lowz,11472,20.0,135.84,535.0830057659773,150.0,0.14375,-1.615,-0.096,61904.59,43.012604,-25.62818,-19.349125,19.887146,0.00017611108,salt2,,lowz,0.026749343
lowz,11475,20.0,28.3,1502.2588405487893,150.0,0.04265,-1.025,0.057,61892.355,334.1191,-50.024105,-18.92533,17.525505,0.0015503974,salt2,,lowz,0.016315198
lowz,11484,20.0,135.84,1879.902298278629,150.0,0.14555,0.775,-0.029,61905.066,58.32577,-16.104761,-19.585178,19.680544,0.00021302316,salt2,,lowz,0.04604786
lowz,11499,20.0,48.11,840.4126782942387,150.0,0.06875,1.03,0.064,61893.457,47.870293,-42.62522,-19.36842,18.1592,0.00086489774,salt2,,lowz,0.017777836
lowz,11500,20.0,113.2,738.8600820563565,150.0,0.11025,0.005,0.174,61897.824,29.862848,-24.42117,-18.844261,19.769491,0.0001962675,salt2,,lowz,0.018026546
lowz,11510,20.0,87.73,624.7419245899431,150.0,0.10855,1.685,0.036,61897.562,31.705908,-42.791836,-19.351255,19.22634,0.00032367502,salt2,,lowz,0.02075796
lowz,11518,20.0,101.88,1223.6733888051756,150.0,0.10095,-0.455,0.177,61896.5,1.7069348,-6.418323,-18.741009,19.668112,0.00021547666,salt2,,lowz,0.04602452
lowz,11581,20.0,48.11,950.6379781683847,150.0,0.06425,-1.675,-0.029,61893.195,34.449852,-12.763072,-19.242727,18.131104,0.0008875722,salt2,,lowz,0.02408644
lowz,11586,20.0,147.16,1322.723132021913,150.0,0.13975,1.0,0.13,61903.613,343.99686,-28.397362,-18.962324,20.207245,0.0001311436,salt2,,lowz,0.028120229
lowz,11601,20.0,101.88,2116.4660103751976,150.0,0.10975,0.625,0.151,61897.754,80.778076,-23.61997,-18.93599,19.667183,0.00021566094,salt2,,lowz,0.029528093
lowz,11609,20.0,101.88,1764.7404714808094,150.0,0.13175,-0.085,-0.116,61901.793,9.231057,-10.690169,-19.57085,19.459774,0.00026105667,salt2,,lowz,0.034753144
lowz,11610,20.0,45.28,1511.7208213049578,150.0,0.05915,0.585,0.187,61892.934,23.26033,-67.66464,-18.807467,18.37902,0.0007063769,salt2,,lowz,0.029162964
lowz,11615,20.0,135.84,1552.4711604825616,150.0,0.14505,0.99,0.036,61904.926,334.0004,-16.95428,-19.462004,19.795572,0.00019160894,salt2,,lowz,0.03320062
lowz,11623,20.0,70.75,3525.977306324857,150.0,0.10185,0.79,-0.106,61896.63,132.93422,-8.669449,-19.70591,18.723778,0.00051420217,salt2,,lowz,0.038862232
lowz,11631,20.0,45.28,2299.6137987692878,150.0,0.05465,-1.445,0.184,61892.742,39.644028,-4.000638,-18.66755,18.340227,0.00073207193,salt2,,lowz,0.03495425
lowz,11643,20.0,158.48000000000002,590.099572375484,150.0,0.14485,-2.25,-0.06,61904.88,46.34789,-19.582607,-19.241829,20.012482,0.00015691055,salt2,,lowz,0.025397267
lowz,11648,20.0,113.2,1548.0310069685602,150.0,0.13195,0.73,0.001,61901.83,341.1471,-30.0662,-19.336325,19.697868,0.00020965115,salt2,,lowz,0.019973863
lowz,11650,20.0,90.56,457.33927262159744,150.0,0.11435,0.63,0.362,61898.484,346.16818,-20.02838,-18.193466,20.505367,9.965468e-05,salt2,,lowz,0.0372716
lowz,11664,20.0,67.92,639.0594434898142,150.0,0.06735,-0.23,0.309,61893.37,353.78583,-37.913467,-18.267937,19.2129,0.0003277063,salt2,,lowz,0.023277335
lowz,11681,20.0,147.16,912.6028326508745,150.0,0.14685,0.8,0.069,61905.414,28.326296,-26.436274,-19.1629,20.123882,0.00014160927,salt2,,lowz,0.021262394
lowz,11699,20.0,73.58,1250.1887244077861,150.0,0.08635,-1.995,-0.026,61894.85,81.190544,-31.099213,-18.977552,19.071157,0.00037340622,salt2,,lowz,0.025538703
lowz,11706,20.0,135.84,573.0142485028884,150.0,0.14005,0.355,0.009,61903.68,62.346615,-30.8266,-19.034195,20.140438,0.0001394664,salt2,,lowz,0.025428321
lowz,11708,20.0,135.84,315.2462996026955,150.0,0.13315,-1.135,-0.021,61902.09,65.03355,-26.734694,-19.244818,19.810682,0.00018896094,salt2,,lowz,0.04555026
lowz,11715,20.0,53.77,2979.7792413574616,150.0,0.08135,1.325,-0.029,61894.39,192.9956,-1.0091673,-19.57979,18.332037,0.00073761545,salt2,,lowz,0.036327597
lowz,11720,20.0,90.56,3271.9818537486485,150.0,0.09225,-2.4,0.06,61895.46,18.017239,-43.036533,-18.836746,19.364101,0.0002851048,salt2,,lowz,0.011249515
lowz,11723,20.0,16.98,997.3332293180376,150.0,0.03835,0.85,-0.062,61892.258,11.118171,-8.621803,-19.75792,16.455404,0.004154159,salt2,,lowz,0.032174937
lowz,11737,20.0,135.84,1119.4228966407002,150.0,0.14855,-0.875,-0.113,61905.863,40.771606,-38.99793,-19.45957,19.854492,0.00018148792,salt2,,lowz,0.01768422
lowz,11739,20.0,53.77,1350.8709131921808,150.0,0.06495,-0.49,0.141,61893.234,340.8973,-27.211945,-18.84291,18.555508,0.000600401,salt2,,lowz,0.02000783
lowz,11747,20.0,113.2,458.6316860747029,150.0,0.11405,-2.09,-0.015,61898.43,328.8496,-30.6125,-19.041153,19.651554,0.00021878797,salt2,,lowz,0.028907645
lowz,11763,20.0,135.84,1600.4654624292834,150.0,0.10955,1.085,0.42,61897.723,52.349182,-55.43943,-18.095224,20.503702,9.980759e-05,salt2,,lowz,0.027862193
lowz,11787,20.0,158.48000000000002,646.6426041843542,150.0,0.14705,0.795,0.129,61905.457,33.36787,-40.594593,-19.069878,20.22013,0.00012959623,salt2,,lowz,0.022751719
lowz,11791,20.0,113.2,3004.127003497093,150.0,0.11825,-0.215,0.053,61899.145,183.05339,-8.113815,-18.977325,19.799812,0.00019086206,salt2,,lowz,0.042852983
lowz,11807,20.0,135.84,3575.0673518881003,150.0,0.12915,0.63,0.142,61901.24,350.07666,-19.965513,-18.770994,20.212769,0.0001304781,salt2,,lowz,0.03322097
lowz,11814,20.0,158.48000000000002,1745.2625981682297,150.0,0.11565,-1.795,0.322,61898.7,70.59493,-60.30439,-18.048004,20.677206,8.5067266e-05,salt2,,lowz,0.03128037
lowz,11821,20.0,158.48000000000002,1023.8602958325137,150.0,0.13695,-1.54,0.077,61902.96,5.308451,-51.357506,-18.879515,20.24229,0.00012697809,salt2,,lowz,0.017508637
lowz,11824,20.0,169.8,1101.6386223078264,150.0,0.14825,-2.165,0.008,61905.766,323.0192,-27.562025,-18.969677,20.339594,0.000116093346,salt2,,lowz,0.04157695
lowz,11828,20.0,33.96,602.1057672200848,150.0,0.04875,-0.26,0.092,61892.527,336.0703,-41.327602,-18.94519,17.80541,0.0011980648,salt2,,lowz,0.015968474
lowz,11830,20.0,113.2,893.2014337319777,150.0,0.11735,-0.79,0.042,61898.99,355.0269,-15.794874,-19.035164,19.724123,0.0002046424,salt2,,lowz,0.031248203
lowz,11843,20.0,147.16,929.9086175940554,150.0,0.14495,-1.81,-0.045,61904.902,19.002695,-40.00194,-19.318483,19.93746,0.00016813594,salt2,,lowz,0.020997671
lowz,11850,20.0,101.88,887.644945369889,150.0,0.13505,1.645,-0.078,61902.523,50.389755,-25.18517,-19.921257,19.167614,0.00034166384,salt2,,lowz,0.019986806
lowz,11855,20.0,79.24000000000001,1240.6409222829525,150.0,0.10205,0.47,-0.053,61896.65,359.882,-23.742565,-19.474796,18.959436,0.00041387603,salt2,,lowz,0.024202839
lowz,11861,20.0,90.56,925.123244623544,150.0,0.08575,0.455,0.364,61894.797,25.291946,-3.5936673,-18.348751,19.683939,0.00021235841,salt2,,lowz,0.03388761
lowz,11866,20.0,147.16,1647.4077842729816,150.0,0.14625,-1.465,-0.058,61905.24,5.097152,-65.714195,-19.274984,20.0021,0.00015841807,salt2,,lowz,0.026194809
lowz,11872,20.0,135.84,1022.5081405774906,150.0,0.14655,0.965,-0.005,61905.336,305.09525,-47.18989,-19.411322,19.870617,0.00017881258,salt2,,lowz,0.04295958
lowz,11910,20.0,56.6,2220.296883651209,150.0,0.08835,1.89,-0.048,61895.047,42.667336,-8.14073,-19.873621,18.22774,0.0008119867,salt2,,lowz,0.04947208
lowz,11925,20.0,135.84,1908.932473508469,150.0,0.14705,-0.26,-0.07,61905.465,333.11258,-69.606575,-19.331774,19.958235,0.00016494944,salt2,,lowz,0.03594474
lowz,11961,20.0,113.2,1395.0819495537078,150.0,0.11565,0.08,0.148,61898.703,31.698837,-28.57785,-18.854977,19.870234,0.00017887569,salt2,,lowz,0.014553151
lowz,11969,20.0,113.2,1187.8534647711701,150.0,0.10665,-1.855,0.137,61897.293,340.3565,-38.004944,-18.90534,19.631207,0.00022292681,salt2,,lowz,0.02285433
lowz,11970,20.0,45.28,1590.7582213778778,150.0,0.06745,0.24,0.009,61893.38,65.30493,-44.52524,-19.224718,18.259491,0.00078858435,salt2,,lowz,0.022250982
lowz,12012,20.0,181.12,1221.057802458888,150.0,0.13405,-0.995,0.281,61902.29,20.325945,-19.435774,-18.3468,20.724564,8.143653e-05,salt2,,lowz,0.034060296
lowz,12021,20.0,48.11,1325.9175617441529,150.0,0.06645,0.135,0.075,61893.316,57.18224,-61.84158,-18.993177,18.457088,0.0006573689,salt2,,lowz,0.03925155
lowz,12037,20.0,113.2,1445.9003640248295,150.0,0.13685,0.065,-0.077,61902.92,314.72885,-47.06878,-19.750175,19.369905,0.00028358435,salt2,,lowz,0.03960375
lowz,12040,20.0,33.96,1262.5245602923253,150.0,0.05595,-1.165,-0.126,61892.793,3.5160444,-21.505623,-19.624683,17.436138,0.0016834083,salt2,,lowz,0.022790387
lowz,12047,20.0,101.88,865.7831444370142,150.0,0.11465,-0.55,-0.052,61898.535,332.66098,-18.446142,-19.410875,19.294071,0.00030410005,salt2,,lowz,0.029081315
lowz,12103,20.0,135.84,1016.4983195186521,150.0,0.11705,-1.14,0.206,61898.95,321.95197,-53.25696,-18.727247,20.02606,0.00015496038,salt2,,lowz,0.02710881
lowz,12109,20.0,124.52000000000001,1481.112491657903,150.0,0.12625,-1.605,-0.021,61900.65,37.569942,-32.29494,-19.221565,19.708872,0.00020753709,salt2,,lowz,0.021813467
lowz,12115,20.0,124.52000000000001,1262.5044136117147,150.0,0.13295,0.025,-0.002,61902.043,355.56827,-6.665444,-19.122686,19.929276,0.00016940827,salt2,,lowz,0.037932012
lowz,12131,20.0,36.79,1016.1627687514429,150.0,0.05155,-1.805,0.03,61892.62,351.5883,-42.267284,-19.0476,17.8286,0.0011727487,salt2,,lowz,0.018245654
lowz,12153,20.0,169.8,1225.9854342584822,150.0,0.13575,0.57,0.309,61902.684,16.803469,-3.2188463,-18.45943,20.641624,8.7901266e-05,salt2,,lowz,0.035621397
lowz,12176,20.0,101.88,1477.3840350439273,150.0,0.10335,-0.755,0.135,61896.824,329.34277,-39.56672,-18.814419,19.649164,0.00021926996,salt2,,lowz,0.021026475
lowz,12181,20.0,42.45,804.2391844888978,150.0,0.06025,0.515,0.088,61892.99,355.73038,-25.152596,-19.005297,18.22288,0.0008156293,salt2,,lowz,0.02704645
lowz,12188,20.0,101.88,728.1879806122363,150.0,0.13185,0.335,-0.136,61901.81,332.50052,-17.239046,-19.916695,19.115715,0.00035839246,salt2,,lowz,0.032382272
lowz,12194,20.0,147.16,1119.7729443169842,150.0,0.14815,-1.42,-0.048,61905.742,13.933093,-11.956718,-19.304636,20.003035,0.00015828184,salt2,,lowz,0.040838484
lowz,12219,20.0,73.58,918.7892988189117,150.0,0.09515,0.19,-0.013,61895.785,357.34027,-39.792225,-19.325386,18.946882,0.0004186891,salt2,,lowz,0.018559806
lowz,12223,20.0,101.88,1495.5419375902736,150.0,0.12795,0.88,-0.082,61900.996,57.81659,-16.453814,-19.763718,19.198116,0.0003321987,salt2,,lowz,0.04998415
lowz,12240,20.0,82.07000000000001,1676.8887406256797,150.0,0.09975,-1.085,-0.049,61896.35,346.94995,-46.530807,-19.358305,19.023125,0.00039029695,salt2,,lowz,0.01486749
lowz,12245,20.0,79.24000000000001,1575.1536467894339,150.0,0.08355,0.26,0.22,61894.586,41.341244,-7.491826,-18.545757,19.42726,0.0002689929,salt2,,lowz,0.03341657
lowz,12273,20.0,87.73,3477.0680273746816,150.0,0.10395,0.175,0.017,61896.906,190.46385,-9.606755,-19.312834,19.164177,0.00034274725,salt2,,lowz,0.04438037
lowz,12277,20.0,82.07000000000001,3668.6829408951617,150.0,0.10835,1.03,-0.036,61897.543,13.562485,-16.916752,-19.512411,19.060896,0.00037695258,salt2,,lowz,0.02402637
lowz,12282,20.0,87.73,572.3949517377528,150.0,0.08375,-1.495,0.19,61894.61,1.3150277,-6.139235,-18.42649,19.552013,0.00023979465,salt2,,lowz,0.04424101
lowz,12283,20.0,147.16,4064.1332752067883,150.0,0.14345,-1.71,-0.023,61904.516,182.09622,-3.006411,-19.182222,20.049107,0.0001517057,salt2,,lowz,0.040450014
lowz,12291,20.0,113.2,2716.1503609370343,150.0,0.11195,-1.975,-0.001,61898.094,21.987803,-64.30158,-19.162897,19.486488,0.00025471198,salt2,,lowz,0.027422728
lowz,12294,20.0,101.88,2437.8870948794274,150.0,0.10565,-0.055,0.105,61897.15,145.05316,-5.294665,-18.938427,19.576239,0.00023450366,salt2,,lowz,0.047906592
lowz,12303,20.0,70.75,1975.7111780026262,150.0,0.09065,-0.965,-0.057,61895.29,66.45279,-4.138346,-19.327038,18.833487,0.0004647829,salt2,,lowz,0.047107775
lowz,12307,20.0,56.6,667.0662424559195,150.0,0.07905,0.4,0.01,61894.203,54.06755,-20.484154,-19.410034,18.436111,0.00067019387,salt2,,lowz,0.036171038
lowz,12342,20.0,101.88,983.828968352281,150.0,0.11235,0.815,0.127,61898.156,70.89017,-52.249046,-19.084532,19.573164,0.00023516848,salt2,,lowz,0.0123159895
lowz,12383,20.0,113.2,509.570644348144,150.0,0.11995,1.24,0.17,61899.445,83.24358,-41.862263,-18.901432,19.909082,0.00017258848,salt2,,lowz,0.041987915
lowz,12388,20.0,70.75,2379.7194086465843,150.0,0.07445,-2.42,0.081,61893.84,334.04477,-11.4275675,-18.709602,18.999517,0.00039887612,salt2,,lowz,0.048073184
lowz,12400,20.0,124.52000000000001,702.0218669822725,150.0,0.12215,-0.07,0.121,61899.86,356.30826,-13.954676,-18.8397,20.01335,0.00015678517,salt2,,lowz,0.037640993
lowz,12406,20.0,82.07000000000001,1891.2418631142336,150.0,0.07785,-1.06,0.259,61894.105,79.554474,-61.684586,-18.396097,19.415052,0.00027203435,salt2,,lowz,0.036271602
lowz,12441,20.0,48.11,935.008578180149,150.0,0.07735,0.21,-0.118,61894.06,90.15152,-30.26403,-19.678402,18.118013,0.0008983375,salt2,,lowz,0.04357928
lowz,12472,20.0,147.16,2324.742652656174,150.0,0.14195,-1.88,-0.067,61904.14,343.9858,-18.773214,-19.24602,19.960453,0.00016461275,salt2,,lowz,0.045713063
lowz,12490,20.0,101.88,1730.5227744378383,150.0,0.11655,0.41,0.043,61898.85,60.248463,-42.961433,-19.250069,19.49324,0.00025313272,salt2,,lowz,0.009985296
lowz,12505,20.0,135.84,932.7502644204692,150.0,0.14455,0.465,0.025,61904.816,14.565416,-47.128918,-19.331133,19.91827,0.00017113429,salt2,,lowz,0.016244953
lowz,12534,20.0,124.52000000000001,1276.3318575722337,150.0,0.13395,-0.68,-0.071,61902.273,329.7859,-17.20698,-19.3905,19.679106,0.00021330564,salt2,,lowz,0.047835693
lowz,12544,20.0,53.77,1500.6763843550777,150.0,0.07935,0.925,-0.016,61894.223,27.091564,-54.359043,-19.483076,18.37174,0.00071112957,salt2,,lowz,0.033205573
lowz,12572,20.0,181.12,2414.7711353008713,150.0,0.12925,0.32,0.378,61901.26,134.78123,-2.9683897,-18.09816,20.887423,7.009322e-05,salt2,,lowz,0.017073289
lowz,12590,20.0,87.73,3094.237476168902,150.0,0.11195,1.195,-0.038,61898.09,343.77725,-42.082474,-19.511976,19.13741,0.0003513024,salt2,,lowz,0.0173632
lowz,12593,20.0,147.16,3015.836832664619,150.0,0.14025,0.7,0.105,61903.723,134.2533,-6.591887,-18.921886,20.256117,0.00012537123,salt2,,lowz,0.035060156
lowz,12603,20.0,101.88,296.33525483108207,150.0,0.13295,-0.245,-0.154,61902.047,131.60477,-9.455416,-19.656914,19.395048,0.0002770929,salt2,,lowz,0.037426732
lowz,12607,20.0,82.07000000000001,2172.943644641617,150.0,0.10585,0.255,-0.036,61897.18,40.15864,-26.793137,-19.454298,19.064758,0.00037561392,salt2,,lowz,0.02412644
lowz,12614,20.0,135.84,976.9485829393968,150.0,0.14575,0.475,-0.016,61905.105,1.7524601,-27.54373,-19.443066,19.825909,0.0001863293,salt2,,lowz,0.020518627
lowz,12619,20.0,101.88,446.2946399794544,150.0,0.13395,1.16,-0.132,61902.277,0.74945986,-17.057528,-19.984076,19.08553,0.0003684963,salt2,,lowz,0.028985849
lowz,12648,20.0,158.48000000000002,751.6747434007364,150.0,0.12775,0.49,0.335,61900.957,358.08038,-41.00465,-18.311613,20.646547,8.750356e-05,salt2,,lowz,0.017579762
lowz,12684,20.0,101.88,618.4020175007155,150.0,0.09635,-1.48,0.155,61895.934,341.2293,-29.113415,-18.572401,19.728817,0.00020375951,salt2,,lowz,0.022336137
lowz,12687,20.0,70.75,1741.4049663264987,150.0,0.10405,1.44,-0.094,61896.926,73.68115,-54.809208,-19.835722,18.64352,0.0005536513,salt2,,lowz,0.019341396
lowz,12733,20.0,87.73,1612.0148774140537,150.0,0.09485,0.53,0.157,61895.758,11.580903,-14.583863,-18.817179,19.447798,0.00026395253,salt2,,lowz,0.019917205
lowz,12776,20.0,135.84,736.02948697886,150.0,0.14915,0.625,-0.055,61906.008,356.65884,-33.644722,-19.622406,19.701216,0.00020900596,salt2,,lowz,0.016143989
lowz,12786,20.0,90.56,1249.127669421394,150.0,0.11445,-0.2,-0.054,61898.5,311.93555,-11.954702,-19.548492,19.15238,0.00034649143,salt2,,lowz,0.04720545
lowz,12788,20.0,135.84,1121.731822677856,150.0,0.14765,0.965,-0.02,61905.617,353.3257,-11.946958,-19.499805,19.799852,0.00019085524,salt2,,lowz,0.03540044
lowz,12809,20.0,124.52000000000001,1868.5222933078373,150.0,0.11625,0.17,0.176,61898.81,70.57828,-25.116014,-18.867302,19.86999,0.00017891605,salt2,,lowz,0.033119727
lowz,12813,20.0,90.56,1942.034231641312,150.0,0.14845,-0.1,-0.032,61905.816,342.34863,-28.702261,-19.272293,20.040173,0.00015295911,salt2,,lowz,0.019413553
lowz,12825,20.0,90.56,1828.214598150646,150.0,0.12275,1.16,-0.057,61899.97,63.20137,-22.56844,-19.839708,19.024817,0.0003896887,salt2,,lowz,0.047849435
lowz,12829,20.0,101.88,1016.0195331585378,150.0,0.11995,0.92,0.069,61899.445,26.443314,-40.632065,-19.207565,19.602947,0.00022880513,salt2,,lowz,0.020684356
lowz,12852,20.0,124.52000000000001,3240.2108521320038,150.0,0.11635,-0.99,0.103,61898.816,195.92642,-4.0245614,-18.986956,19.752342,0.00019939194,salt2,,lowz,0.030726684
lowz,12861,20.0,82.07000000000001,3079.8520662382048,150.0,0.08575,-1.005,0.123,61894.79,55.7988,-32.89077,-18.760494,19.272194,0.00031028935,salt2,,lowz,0.011180562
lowz,12863,20.0,90.56,1330.8712239754286,150.0,0.11505,1.19,-0.012,61898.605,357.3658,-28.736803,-19.564451,19.148619,0.0003476938,salt2,,lowz,0.019314207
lowz,12872,20.0,181.12,1369.0550539261067,150.0,0.14935,-0.41,0.141,61906.066,60.16815,-54.9834,-19.04602,20.280779,0.00012255558,salt2,,lowz,0.019852458
lowz,12879,20.0,67.92,1076.5885271722655,150.0,0.07345,-0.125,0.217,61893.773,8.375643,-37.896202,-18.692862,18.9854,0.00040409615,salt2,,lowz,0.020778822
lowz,12881,20.0,147.16,840.1874113223953,150.0,0.14895,0.475,0.054,61905.957,2.3000653,-10.454217,-19.14871,20.171728,0.00013550448,salt2,,lowz,0.03831388
lowz,12884,20.0,101.88,717.7863590628685,150.0,0.12455,-0.255,-0.081,61900.31,344.01547,-24.860277,-19.483223,19.415417,0.00027194305,salt2,,lowz,0.0358533
lowz,12910,20.0,147.16,757.8911503499505,150.0,0.13795,-0.79,0.049,61903.18,344.31396,-49.19195,-19.170979,19.967989,0.00016347412,salt2,,lowz,0.01187702
lowz,12916,20.0,8.49,269.9329081502257,150.0,0.04245,-0.43,0.072,61892.348,347.13446,-47.234875,-18.846054,17.59426,0.0014552628,salt2,,lowz,0.017998727
lowz,12928,20.0,113.2,499.7111325656991,150.0,0.11725,0.36,0.138,61898.977,334.63443,-38.145622,-19.00092,19.756376,0.00019865275,salt2,,lowz,0.023742082
lowz,12954,20.0,90.56,3244.875065948251,150.0,0.09525,0.6,0.237,61895.805,128.34474,-0.36122194,-18.603907,19.670786,0.00021494635,salt2,,lowz,0.049417265
lowz,12973,20.0,70.75,1987.3686433598975,150.0,0.09555,0.72,-0.03,61895.832,53.29133,-42.59934,-19.408018,18.87394,0.00044778455,salt2,,lowz,0.014979608
lowz,12977,20.0,158.48000000000002,1183.822828709264,150.0,0.11745,-0.505,0.344,61899.01,348.8062,-52.112858,-18.239176,20.5221,9.813057e-05,salt2,,lowz,0.016462093
lowz,13005,20.0,147.16,559.5226619536068,150.0,0.13295,-1.825,0.033,61902.06,14.042847,-51.47096,-18.899044,20.152918,0.00013787251,salt2,,lowz,0.01973117
lowz,13006,20.0,158.48000000000002,660.7870849909101,150.0,0.12805,-1.175,0.184,61901.016,350.76355,-68.04047,-18.692871,20.2708,0.00012368734,salt2,,lowz,0.039808046
lowz,13015,20.0,135.84,1460.8464467907208,150.0,0.13485,-0.75,-0.005,61902.465,330.1644,-14.190146,-19.223024,19.862354,0.00018017847,salt2,,lowz,0.047801703
lowz,13032,20.0,135.84,1813.347987189039,150.0,0.13995,0.62,0.056,61903.66,43.909504,-14.456209,-19.337616,19.83533,0.00018471955,salt2,,lowz,0.046094473
lowz,13050,20.0,87.73,1102.7466316800947,150.0,0.10935,0.005,-0.078,61897.688,3.42314,-10.888606,-19.513275,19.081402,0.00036989988,salt2,,lowz,0.04199204
lowz,13067,20.0,56.6,1548.2163790133698,150.0,0.05515,0.665,0.48,61892.758,310.59454,-52.701797,-17.887579,19.140741,0.00035022575,salt2,,lowz,0.039732546
lowz,13091,20.0,113.2,557.0808429683303,150.0,0.12995,0.205,-0.004,61901.414,325.82327,-41.205944,-19.363815,19.63446,0.00022225981,salt2,,lowz,0.024622532
lowz,13092,20.0,39.620000000000005,1061.1214545244245,150.0,0.05565,0.025,0.099,61892.78,15.580563,-68.65239,-19.110617,17.93807,0.0010602702,salt2,,lowz,0.030520152
lowz,13106,20.0,124.52000000000001,2588.9581625590076,150.0,0.13485,1.3,0.072,61902.48,192.3798,-5.852875,-19.273737,19.811642,0.00018879383,salt2,,lowz,0.036078777
lowz,13128,20.0,158.48000000000002,4106.4244705717065,150.0,0.13485,-0.855,0.146,61902.473,9.798649,-0.9824521,-18.599646,20.485733,0.00010147319,salt2,,lowz,0.03224799
lowz,13145,20.0,19.810000000000002,1591.649888554068,150.0,0.03585,0.53,0.057,61892.21,63.450726,-37.49252,-19.158182,16.904821,0.0027461,salt2,,lowz,0.019793712
lowz,13147,20.0,113.2,696.6123071435525,150.0,0.13155,0.78,-0.024,61901.746,78.93727,-56.483643,-19.319138,19.707914,0.0002077205,salt2,,lowz,0.026044235
lowz,13169,20.0,113.2,832.2693513202253,150.0,0.14575,0.665,-0.115,61905.12,57.24354,-33.219364,-19.727821,19.541153,0.0002422052,salt2,,lowz,0.01261561
lowz,13172,20.0,36.79,1883.8293954109276,150.0,0.05845,0.26,-0.05,61892.902,335.48633,-16.65875,-19.66658,17.492989,0.0015975323,salt2,,lowz,0.043214187
lowz,13192,20.0,147.16,1585.5629485580841,150.0,0.13415,-1.275,0.031,61902.31,38.366684,-11.394824,-18.983114,20.090004,0.0001460976,salt2,,lowz,0.026385205
lowz,13200,20.0,101.88,449.9631042782162,150.0,0.11675,-0.175,0.033,61898.88,34.57592,-1.389217,-19.192965,19.554348,0.00023927953,salt2,,lowz,0.036551196
lowz,13237,20.0,56.6,1205.6905201580055,150.0,0.06985,0.605,0.205,61893.527,356.25073,-25.694305,-18.686123,18.877619,0.00044626938,salt2,,lowz,0.026273446
lowz,13245,20.0,181.12,1799.5357346317037,150.0,0.14975,-0.83,0.13,61906.19,90.429276,-58.235023,-18.814816,20.518328,9.847222e-05,salt2,,lowz,0.038719818
lowz,13248,20.0,90.56,1905.0344454326623,150.0,0.12175,1.465,-0.1,61899.777,317.65347,-38.930664,-19.797876,19.047493,0.00038163443,salt2,,lowz,0.044299357
lowz,13251,20.0,135.84,1919.0751227245382,150.0,0.13925,-0.43,0.026,61903.492,48.086197,-23.54481,-19.132645,20.02846,0.00015461823,salt2,,lowz,0.022149235
lowz,13255,20.0,70.75,2058.5110578766453,150.0,0.09315,-0.285,-0.034,61895.56,132.2054,-6.6986113,-19.502378,18.72086,0.0005155854,salt2,,lowz,0.030582942
lowz,13275,20.0,73.58,2447.4747931824854,150.0,0.09895,-0.38,-0.09,61896.254,30.76723,-15.106001,-19.58208,18.78071,0.00048793308,salt2,,lowz,0.029544672
lowz,13283,20.0,158.48000000000002,592.6224524952122,150.0,0.14885,-1.91,-0.065,61905.934,42.97647,-27.79702,-19.05422,20.264627,0.00012439246,salt2,,lowz,0.025164846
lowz,13300,20.0,101.88,990.2274419566411,150.0,0.12345,1.25,-0.015,61900.11,82.36425,-28.179058,-19.452532,19.425316,0.0002694749,salt2,,lowz,0.031547587
lowz,13313,20.0,79.24000000000001,2171.7082921484375,150.0,0.10435,1.21,-0.031,61896.965,341.08582,-26.08282,-19.496634,18.98929,0.0004026509,salt2,,lowz,0.02212868
lowz,13325,20.0,135.84,1499.1751471063558,150.0,0.14395,-0.66,-0.084,61904.645,34.887188,-1.5382167,-19.538897,19.700665,0.00020911208,salt2,,lowz,0.034975868
lowz,13326,20.0,113.2,1079.214796044839,150.0,0.14945,1.66,-0.104,61906.098,0.38058552,-20.31324,-19.939886,19.3885,0.00027876918,salt2,,lowz,0.02429099
lowz,13331,20.0,124.52000000000001,1462.896714891608,150.0,0.12575,0.335,0.077,61900.55,58.95589,-54.831913,-19.16889,19.752237,0.00019941117,salt2,,lowz,0.023117468
lowz,13345,20.0,113.2,1150.8311666259533,150.0,0.10645,1.05,0.311,61897.266,22.624855,-22.960783,-18.476238,20.055948,0.0001507529,salt2,,lowz,0.017202193
lowz,13386,20.0,124.52000000000001,1416.4593052224368,150.0,0.13055,-0.67,-0.001,61901.543,77.073654,-62.2205,-19.239643,19.769463,0.00019627264,salt2,,lowz,0.033282768
lowz,13395,20.0,158.48000000000002,2107.1656156315807,150.0,0.11825,-1.895,0.25,61899.152,326.45618,-17.051872,-18.158533,20.618605,8.978474e-05,salt2,,lowz,0.045602906
lowz,13423,20.0,113.2,1016.182690860069,150.0,0.13645,1.015,-0.055,61902.83,323.73535,-52.764725,-19.660473,19.452707,0.0002627614,salt2,,lowz,0.024188787
lowz,13437,20.0,135.84,1694.2795178780598,150.0,0.14405,-0.475,-0.061,61904.676,64.88329,-38.956066,-19.476593,19.76461,0.0001971517,salt2,,lowz,0.025188457
lowz,13446,20.0,135.84,565.9225546218086,150.0,0.12505,-2.155,0.005,61900.414,53.313454,-26.440184,-19.0388,19.869234,0.0001790403,salt2,,lowz,0.01190241
lowz,13447,20.0,59.43,661.2470263320586,150.0,0.08185,1.04,0.044,61894.438,31.44315,-33.013226,-19.43123,18.49464,0.0006350213,salt2,,lowz,0.019009823
lowz,13472,20.0,90.56,1094.8357037521598,150.0,0.09565,0.41,0.15,61895.85,345.80045,-28.238564,-18.855366,19.429008,0.00026856022,salt2,,lowz,0.028277991
lowz,13480,20.0,67.92,947.1874235141288,150.0,0.07005,-2.115,0.153,61893.543,340.97656,-60.796688,-18.728085,18.842167,0.00046108177,salt2,,lowz,0.025194913
lowz,13510,20.0,101.88,1061.2923754523417,150.0,0.11095,-0.425,0.088,61897.934,47.564545,-49.603638,-19.068867,19.55962,0.00023812067,salt2,,lowz,0.027552905
lowz,13529,20.0,158.48000000000002,378.3591879430779,150.0,0.14975,-0.385,0.047,61906.184,42.491684,-42.949673,-19.170477,20.162666,0.00013664007,salt2,,lowz,0.020770095
lowz,13562,20.0,82.07000000000001,851.4432666453972,150.0,0.09305,-1.905,-0.044,61895.555,5.1596694,-60.702694,-19.158283,19.062477,0.00037640362,salt2,,lowz,0.017851464
lowz,13566,20.0,192.44,1337.6179277601673,150.0,0.14605,-0.47,0.257,61905.188,355.5803,-11.186548,-18.307852,20.965994,6.5199994e-05,salt2,,lowz,0.03479093
lowz,13586,20.0,62.260000000000005,1287.6783403450966,150.0,0.08195,-0.45,-0.028,61894.44,33.05615,-47.156742,-19.399473,18.529198,0.0006151283,salt2,,lowz,0.023294402
lowz,13613,20.0,147.16,585.3222533466926,150.0,0.14875,0.335,0.015,61905.91,52.254623,-38.136726,-19.280888,20.036366,0.00015349645,salt2,,lowz,0.025669355
lowz,13623,20.0,50.94,600.1851678093587,150.0,0.07425,-1.345,-0.115,61893.824,43.989685,-22.308264,-19.383265,18.319714,0.0007460347,salt2,,lowz,0.031004135
lowz,13631,20.0,79.24000000000001,921.911299024662,150.0,0.08585,-0.21,0.154,61894.8,27.706465,-51.26974,-18.781004,19.254364,0.00031542726,salt2,,lowz,0.023633564
lowz,13637,20.0,158.48000000000002,2867.5857782801395,150.0,0.14825,0.565,0.116,61905.78,179.69339,-6.0894914,-19.06674,20.24253,0.00012695002,salt2,,lowz,0.03244694
lowz,13661,20.0,90.56,1341.916587352635,150.0,0.09975,0.735,0.201,61896.344,129.15869,-6.5322747,-18.65329,19.728138,0.00020388699,salt2,,lowz,0.039629407
lowz,13696,20.0,39.620000000000005,1312.6605444889271,150.0,0.06035,-0.01,-0.028,61892.99,83.841225,-31.04641,-19.455904,17.776024,0.0012309352,salt2,,lowz,0.037850216
lowz,13701,20.0,135.84,1166.3590073194243,150.0,0.13465,-0.08,0.063,61902.418,35.852055,-58.820404,-19.11111,19.970772,0.00016305564,salt2,,lowz,0.042028215
lowz,13709,20.0,135.84,852.5548023970223,150.0,0.13895,0.81,0.069,61903.43,344.02292,-53.62239,-19.171635,19.984379,0.00016102492,salt2,,lowz,0.019480392
lowz,13710,20.0,56.6,646.8438523167983,150.0,0.08615,1.005,-0.062,61894.83,320.38028,-69.81571,-19.752192,18.29119,0.0007658941,salt2,,lowz,0.045930304
lowz,13723,20.0,59.43,1190.2017780834833,150.0,0.07275,-1.88,0.001,61893.723,33.642647,-44.194473,-19.077023,18.579397,0.0005873345,salt2,,lowz,0.016277093
lowz,13739,20.0,90.56,719.6462249600104,150.0,0.10455,0.62,0.124,61896.996,41.468884,-22.493048,-19.005846,19.48452,0.00025517412,salt2,,lowz,0.041138645
lowz,13751,20.0,101.88,1124.7666828672266,150.0,0.11255,-1.835,-0.089,61898.19,358.31232,-18.067976,-19.388962,19.272879,0.00031009395,salt2,,lowz,0.027506754
lowz,13754,20.0,113.2,681.0788831329162,150.0,0.12325,0.5,0.086,61900.074,336.3039,-17.784801,-19.018698,19.855352,0.00018134437,salt2,,lowz,0.042424954
lowz,13762,20.0,90.56,588.4217886939173,150.0,0.11175,1.075,-0.009,61898.062,340.9269,-34.093452,-19.479908,19.165312,0.00034238945,salt2,,lowz,0.013412819
lowz,13771,20.0,90.56,1446.391399352064,150.0,0.12355,0.335,-0.153,61900.12,55.77483,-52.3022,-19.899822,18.979925,0.0004061393,salt2,,lowz,0.019159196
lowz,13781,20.0,113.2,659.7959920543631,150.0,0.13515,0.955,-0.04,61902.527,25.302418,-65.02954,-19.588552,19.502062,0.00025108436,salt2,,lowz,0.029741565
lowz,13782,20.0,158.48000000000002,1762.6306768781046,150.0,0.14155,-1.21,0.037,61904.055,340.2242,-4.0138044,-18.896883,20.302921,0.000120081626,salt2,,lowz,0.049554627
lowz,13783,20.0,22.64,857.7806184353251,150.0,0.03945,-0.275,-0.024,61892.28,332.58807,-31.864485,-19.503515,16.772945,0.00310075,salt2,,lowz,0.025032084
lowz,13785,20.0,113.2,718.7999439926398,150.0,0.12995,0.125,-0.013,61901.414,349.8995,-50.47912,-19.27721,19.721066,0.00020521942,salt2,,lowz,0.015691826
lowz,13799,20.0,67.92,1520.5633597071546,150.0,0.08345,-0.19,0.039,61894.574,72.1211,-36.50045,-19.287182,18.683086,0.0005338389,salt2,,lowz,0.019426316
lowz,13803,20.0,135.84,618.7546425388512,150.0,0.14925,-0.515,-0.095,61906.055,52.938377,-47.970646,-19.473999,19.851212,0.00018203717,salt2,,lowz,0.01930841
lowz,13814,20.0,70.75,1832.4760290015931,150.0,0.08445,-1.29,0.019,61894.668,120.746826,-4.4657507,-18.855776,19.14183,0.00034987452,salt2,,lowz,0.04650212
lowz,13820,20.0,39.620000000000005,253.1713547484437,150.0,0.05895,-0.825,-0.014,61892.926,122.583405,-3.7400305,-19.294212,17.884615,0.001113778,salt2,,lowz,0.046985596
lowz,13833,20.0,124.52000000000001,3044.2168667205137,150.0,0.09945,-0.655,0.377,61896.31,330.89597,-44.351963,-18.062202,20.312254,0.00011905367,salt2,,lowz,0.019623185
lowz,13861,20.0,147.16,765.7082797308778,150.0,0.11725,-0.375,0.297,61898.97,352.84656,-27.063616,-18.372217,20.385078,0.000111330344,salt2,,lowz,0.023379004
lowz,13863,20.0,101.88,3007.1716350857664,150.0,0.11575,0.995,0.092,61898.723,127.957695,-8.252722,-19.251112,19.476116,0.00025715676,salt2,,lowz,0.042645626
lowz,13866,20.0,181.12,2607.6677492566596,150.0,0.14835,-0.925,0.122,61905.805,357.38727,-52.255344,-18.872938,20.437931,0.00010604069,salt2,,lowz,0.019342782
lowz,13871,20.0,135.84,657.6482119835792,150.0,0.11825,-1.04,0.134,61899.16,340.32562,-36.41372,-18.687113,20.090025,0.00014609481,salt2,,lowz,0.017153295
lowz,13908,20.0,48.11,756.4380951856836,150.0,0.07435,-0.42,-0.108,61893.84,359.752,-56.91956,-19.70322,18.002832,0.000998877,salt2,,lowz,0.020070879
lowz,13914,20.0,124.52000000000001,1268.0499361869465,150.0,0.09135,-1.63,0.41,61895.36,323.06137,-18.664816,-17.614435,20.563814,9.443198e-05,salt2,,lowz,0.046360012
lowz,13915,20.0,158.48000000000002,1259.2922755404888,150.0,0.14275,-0.295,0.097,61904.355,355.9357,-58.597965,-18.915377,20.304382,0.00011991997,salt2,,lowz,0.015567844
lowz,13924,20.0,135.84,2770.8549540325057,150.0,0.11855,-0.9,0.137,61899.195,196.81845,-5.73567,-18.851612,19.931448,0.00016906955,salt2,,lowz,0.04041952
lowz,13931,20.0,203.76,2725.3067524342346,150.0,0.14935,-1.08,0.221,61906.066,76.9401,-32.140087,-18.549957,20.776842,7.760828e-05,salt2,,lowz,0.022344925
lowz,13943,20.0,147.16,600.1043603641898,150.0,0.14485,-0.025,0.027,61904.875,70.21676,-48.727615,-19.179377,20.074934,0.00014813965,salt2,,lowz,0.019545102
lowz,13947,20.0,90.56,1709.0108168278234,150.0,0.10265,-1.415,0.014,61896.734,355.02036,-18.574543,-18.812483,19.63534,0.00022207973,salt2,,lowz,0.031929035
lowz,13961,20.0,113.2,292.6791232221572,150.0,0.12665,-0.045,-0.032,61900.74,356.581,-21.995455,-19.34543,19.59243,0.00023103233,salt2,,lowz,0.029369371
lowz,13965,20.0,67.92,3454.5092874570696,150.0,0.07885,-0.59,0.096,61894.18,200.49554,-5.59352,-18.923113,18.917236,0.00043027932,salt2,,lowz,0.044169895
lowz,13966,20.0,158.48000000000002,441.89515242538374,150.0,0.14595,-0.665,0.031,61905.16,190.62727,-2.4511938,-19.246372,20.02585,0.0001549904,salt2,,lowz,0.04111204
lowz,13967,20.0,124.52000000000001,2870.4178546051194,150.0,0.11405,-2.305,0.024,61898.438,320.90012,-39.850178,-18.8911,19.801607,0.00019054698,salt2,,lowz,0.047630325
lowz,13974,20.0,192.44,712.3385247733552,150.0,0.14695,-0.635,0.254,61905.42,332.6397,-19.937035,-18.454147,20.834248,7.361145e-05,salt2,,lowz,0.028535798
lowz,14002,20.0,101.88,883.5181720922267,150.0,0.13425,1.38,-0.089,61902.33,0.50772095,-37.4966,-19.766312,19.308563,0.00030006783,salt2,,lowz,0.014963706
lowz,14009,20.0,73.58,1077.5565746127927,150.0,0.09695,-0.385,-0.082,61896.004,50.96246,-58.650772,-19.346544,18.969023,0.0004102376,salt2,,lowz,0.048165273
lowz,14012,20.0,158.48000000000002,1143.0340179961622,150.0,0.14385,0.475,0.122,61904.617,27.569975,-20.846182,-18.993675,20.244242,0.00012675002,salt2,,lowz,0.016959995
lowz,14031,20.0,82.07000000000001,3027.273241712965,150.0,0.09665,-0.53,0.04,61895.965,169.49617,-19.777332,-19.167265,19.14114,0.0003500975,salt2,,lowz,0.048424125
lowz,14064,20.0,90.56,444.70236878307475,150.0,0.09215,-1.675,0.068,61895.453,174.88742,-10.702589,-18.69494,19.503407,0.00025077397,salt2,,lowz,0.031825177
lowz,14082,20.0,90.56,3822.633712313786,150.0,0.10865,0.45,0.034,61897.59,8.60149,-3.7471774,-19.143448,19.436287,0.00026676548,salt2,,lowz,0.04093928
lowz,14085,20.0,59.43,1059.868032979832,150.0,0.08825,0.895,-0.079,61895.035,339.3624,-29.334555,-19.592775,18.50598,0.0006284241,salt2,,lowz,0.018419916
lowz,14086,20.0,101.88,2368.770602003865,150.0,0.11115,-1.275,-0.027,61897.97,91.617584,-24.290117,-19.305656,19.327023,0.0002950092,salt2,,lowz,0.044063143
lowz,14096,20.0,147.16,2691.3742451570665,150.0,0.14445,-1.695,-0.035,61904.766,327.9266,-19.220678,-19.261885,19.985882,0.0001608023,salt2,,lowz,0.038515266
lowz,14112,20.0,147.16,790.2687400043446,150.0,0.12005,0.1,0.284,61899.46,322.32294,-44.560955,-18.50429,20.308174,0.00011950203,salt2,,lowz,0.030027937
lowz,14126,20.0,135.84,1730.9070164737723,150.0,0.14775,0.005,-0.079,61905.645,40.55649,-20.666967,-19.697138,19.604124,0.0002285574,salt2,,lowz,0.03372211
lowz,14140,20.0,158.48000000000002,974.520539768311,150.0,0.14875,0.4,0.094,61905.918,14.510355,-47.261124,-18.987654,20.3296,0.000117166855,salt2,,lowz,0.01942125
lowz,14168,20.0,65.09,714.5511042298315,150.0,0.08625,0.25,-0.015,61894.84,355.52747,-67.43959,-19.39014,18.655909,0.00054737076,salt2,,lowz,0.034584157
lowz,14173,20.0,147.16,1492.5403951366482,150.0,0.14465,0.1,0.02,61904.83,359.04312,-10.605547,-19.120424,20.130615,0.00014073378,salt2,,lowz,0.04208995
lowz,14178,20.0,101.88,1591.2556888998313,150.0,0.09055,-1.51,0.296,61895.28,48.62006,-59.646584,-18.170673,19.987309,0.00016059093,salt2,,lowz,0.021543914
lowz,14188,20.0,158.48000000000002,1601.8394044615868,150.0,0.14725,-1.99,-0.044,61905.51,5.5023212,-7.170827,-18.947018,20.34621,0.0001153879,salt2,,lowz,0.04819154
lowz,14192,20.0,124.52000000000001,1344.0599563062187,150.0,0.11125,0.76,0.301,61897.977,53.006454,-31.022951,-18.490187,20.144588,0.00013893425,salt2,,lowz,0.020489674
lowz,14196,20.0,28.3,1598.7112027389842,150.0,0.04575,0.005,0.091,61892.434,322.87762,-67.62003,-19.113844,17.494183,0.0015957751,salt2,,lowz,0.038080532
lowz,14197,20.0,67.92,1734.1285249921411,150.0,0.08735,-0.06,-0.021,61894.95,87.76243,-36.915184,-19.420034,18.655146,0.0005477551,salt2,,lowz,0.045729645
lowz,14216,20.0,39.620000000000005,1435.733687366544,150.0,0.05565,-2.22,-0.047,61892.777,31.419529,-14.894182,-19.1178,17.930885,0.0010673095,salt2,,lowz,0.027647978
lowz,14225,20.0,147.16,1133.4552148699001,150.0,0.12835,-0.91,0.122,61901.066,6.557331,-50.617092,-18.786322,20.182844,0.00013412414,salt2,,lowz,0.023571212
lowz,14228,20.0,135.84,2939.284400887575,150.0,0.12565,0.715,0.227,61900.535,171.00389,-6.845392,-18.66701,20.25225,0.00012581839,salt2,,lowz,0.044495765
lowz,14231,20.0,67.92,2502.9690367440317,150.0,0.08985,0.2,-0.016,61895.203,49.931625,-54.333332,-19.437752,18.702356,0.0005244473,salt2,,lowz,0.041084908
lowz,14234,20.0,48.11,317.2778322545348,150.0,0.05545,-0.72,0.276,61892.773,49.898968,-49.52266,-18.246225,18.794336,0.0004818483,salt2,,lowz,0.022899242
lowz,14239,20.0,42.45,1441.7910085059343,150.0,0.06675,-0.32,-0.085,61893.336,320.75787,-48.80612,-19.600662,17.859838,0.0011394877,salt2,,lowz,0.03604976
lowz,14266,20.0,87.73,1508.5851341949744,150.0,0.09975,-0.815,-0.018,61896.355,55.61384,-49.49314,-19.35184,19.029589,0.0003879796,salt2,,lowz,0.016716003
lowz,14271,20.0,90.56,731.4677491498421,150.0,0.11235,0.73,-0.045,61898.16,23.088377,-65.369156,-19.38171,19.275986,0.00030920806,salt2,,lowz,0.026252305
lowz,14308,20.0,113.2,976.9157255867381,150.0,0.11325,-0.825,0.09,61898.3,73.774216,-44.8988,-18.912569,19.763723,0.00019731291,salt2,,lowz,0.019187063
lowz,14311,20.0,82.07000000000001,1902.61020932984,150.0,0.09365,-1.965,-0.039,61895.617,317.62708,-43.382023,-19.159796,19.075792,0.000371816,salt2,,lowz,0.047147345
lowz,14334,20.0,181.12,1241.4676051655115,150.0,0.14895,-0.455,0.14,61905.96,23.04313,-44.62359,-18.903292,20.417147,0.00010809009,salt2,,lowz,0.020313408
lowz,14355,20.0,59.43,614.7886950266832,150.0,0.08195,0.885,0.032,61894.44,2.3517525,-35.853302,-19.386732,18.541939,0.0006079522,salt2,,lowz,0.01673022
lowz,14373,20.0,53.77,826.1111105196949,150.0,0.07775,1.375,0.045,61894.09,328.08444,-44.62331,-19.2887,18.519508,0.00062064215,salt2,,lowz,0.019425714
lowz,14381,20.0,70.75,2970.6843330536767,150.0,0.06635,-0.27,0.419,61893.316,182.04779,-4.3414097,-17.990303,19.456541,0.00026183552,salt2,,lowz,0.040296335
lowz,14382,20.0,70.75,2380.122591270397,150.0,0.08905,0.505,0.041,61895.12,69.4937,-62.7001,-19.1458,18.97372,0.00040846653,salt2,,lowz,0.037405252
lowz,14387,20.0,70.75,780.3199094279905,150.0,0.09025,-1.155,-0.071,61895.25,11.832155,-63.2311,-19.375992,18.774347,0.0004908012,salt2,,lowz,0.025189608
lowz,14407,20.0,87.73,1028.551961423032,150.0,0.10095,-1.015,-0.035,61896.508,37.417336,-30.755861,-19.31397,19.095152,0.00036524504,salt2,,lowz,0.018473696
lowz,14409,20.0,124.52000000000001,1327.9168094047427,150.0,0.14785,1.08,-0.058,61905.67,341.21176,-24.77089,-19.66475,19.638115,0.00022151257,salt2,,lowz,0.026427587
lowz,14414,20.0,147.16,997.4631342661714,150.0,0.13915,-1.59,-0.019,61903.47,335.35413,-59.476727,-19.116991,20.042418,0.00015264335,salt2,,lowz,0.029442899
lowz,14431,20.0,87.73,1323.3326437915298,150.0,0.10735,0.59,0.002,61897.395,33.728104,-29.037455,-19.431206,19.120544,0.00035680167,salt2,,lowz,0.018598165
lowz,14447,20.0,101.88,1530.4087484138267,150.0,0.12385,0.26,-0.07,61900.17,316.34622,-68.216385,-19.494009,19.39142,0.00027802022,salt2,,lowz,0.04865293
lowz,14451,20.0,70.75,1068.2313343541869,150.0,0.08695,-0.675,0.003,61894.906,56.89143,-61.896805,-19.382631,18.681995,0.0005343756,salt2,,lowz,0.038191993
lowz,14474,20.0,82.07000000000001,1607.8876913827132,150.0,0.09355,-1.195,0.016,61895.605,340.45584,-24.745611,-19.115414,19.11771,0.0003577345,salt2,,lowz,0.025392588
lowz,14488,20.0,101.88,2127.6210736038906,150.0,0.09745,0.37,0.237,61896.066,77.86685,-27.152132,-18.608973,19.718487,0.00020570747,salt2,,lowz,0.030307302
lowz,14522,20.0,124.52000000000001,1361.4399382277818,150.0,0.13775,0.8,0.009,61903.133,16.921104,-47.869015,-19.340899,19.794645,0.00019177266,salt2,,lowz,0.017454017
lowz,14545,20.0,113.2,907.8159192510795,150.0,0.13185,-0.115,-0.069,61901.805,50.981293,-30.846495,-19.264977,19.767433,0.00019663996,salt2,,lowz,0.016004119
lowz,14550,20.0,158.48000000000002,879.9936185921956,150.0,0.14445,0.185,0.151,61904.773,86.26883,-35.406143,-19.064495,20.183271,0.00013407152,salt2,,lowz,0.038099997
lowz,14553,20.0,25.47,399.3342955631347,150.0,0.04425,-0.255,-0.086,61892.395,78.709755,-29.847387,-19.465574,17.067728,0.0023634904,salt2,,lowz,0.024347745
lowz,14571,20.0,135.84,1951.0034716573282,150.0,0.11835,-1.86,0.115,61899.17,328.4922,-53.483673,-18.59456,20.184553,0.00013391321,salt2,,lowz,0.023918008
lowz,14575,20.0,192.44,1563.9596436372917,150.0,0.14745,0.445,0.264,61905.562,42.334064,-25.836142,-18.772293,20.52415,9.7945434e-05,salt2,,lowz,0.023052651
lowz,14580,20.0,158.48000000000002,414.005344233097,150.0,0.12935,0.46,0.28,61901.277,51.595917,-22.4628,-18.452509,20.534891,9.698144e-05,salt2,,lowz,0.032407135
lowz,14616,20.0,31.130000000000003,1228.5701721220034,150.0,0.04965,0.115,0.021,61892.555,62.98079,-67.07484,-19.29337,17.498346,0.0015896667,salt2,,lowz,0.03791134
lowz,14626,20.0,169.8,1532.5194528700727,150.0,0.13655,-2.005,0.127,61902.855,43.394314,-9.922557,-18.732653,20.382256,0.000111620226,salt2,,lowz,0.042605992
lowz,14640,20.0,135.84,1164.5060751144777,150.0,0.14135,-0.06,-0.037,61903.996,32.493187,-51.317413,-19.505781,19.69068,0.00021104388,salt2,,lowz,0.020169698
lowz,14665,20.0,45.28,817.6848855477726,150.0,0.06745,1.03,0.025,61893.38,26.424463,-24.739897,-19.432493,18.051716,0.0009549019,salt2,,lowz,0.018540187
lowz,14672,20.0,124.52000000000001,1274.1897484208523,150.0,0.12625,1.135,0.164,61900.645,333.05063,-30.547634,-18.994888,19.93555,0.00016843209,salt2,,lowz,0.019761857
lowz,14691,20.0,59.43,1749.4702929411294,150.0,0.07615,0.36,0.097,61893.973,74.77032,-62.535343,-18.935175,18.825504,0.00046821265,salt2,,lowz,0.030865666
lowz,14707,20.0,147.16,706.5799846958805,150.0,0.13925,-0.6,0.038,61903.496,32.843216,-55.816444,-19.192472,19.968634,0.00016337716,salt2,,lowz,0.02974498
lowz,14711,20.0,101.88,863.8154016682925,150.0,0.12065,0.3,-0.046,61899.574,338.3425,-57.988617,-19.423399,19.400728,0.0002756473,salt2,,lowz,0.025796888
lowz,14712,20.0,124.52000000000001,1831.6308275295837,150.0,0.11835,-1.795,0.03,61899.164,74.01186,-24.976196,-18.932043,19.84707,0.00018273268,salt2,,lowz,0.04673983
lowz,14719,20.0,181.12,2720.8301030961184,150.0,0.14735,-0.93,0.131,61905.54,188.67715,-2.00114,-18.680313,20.614525,9.01229e-05,salt2,,lowz,0.041326575
lowz,14723,20.0,59.43,659.5235528939374,150.0,0.08195,-0.365,-0.059,61894.44,178.71088,-19.43437,-19.593676,18.334995,0.0007356085,salt2,,lowz,0.044513978
lowz,14782,20.0,158.48000000000002,2498.570098690536,150.0,0.14985,-1.68,-0.03,61906.22,4.931133,-58.941772,-18.918608,20.41612,0.000108192384,salt2,,lowz,0.016260017
lowz,14788,20.0,90.56,1634.1640682250538,150.0,0.10875,-0.68,-0.001,61897.594,90.503456,-29.109661,-19.166862,19.415014,0.00027204416,salt2,,lowz,0.048419576
lowz,14825,20.0,135.84,1580.296388537048,150.0,0.12235,-0.975,0.156,61899.89,18.913683,-31.25777,-18.44938,20.407501,0.00010905473,salt2,,lowz,0.027443402
lowz,14856,20.0,90.56,812.8533816108775,150.0,0.11945,-1.61,-0.185,61899.36,36.77896,-10.229337,-19.72232,19.078423,0.00037091592,salt2,,lowz,0.028177012
lowz,14883,20.0,90.56,794.1373549813145,150.0,0.11795,-0.315,-0.161,61899.09,59.14734,-25.148258,-19.77979,18.991411,0.00040186528,salt2,,lowz,0.04890187
lowz,14886,20.0,59.43,3138.653912985697,150.0,0.07815,0.45,0.051,61894.125,197.2176,-4.222406,-19.34004,18.479908,0.00064369757,salt2,,lowz,0.038244314
lowz,14927,20.0,39.620000000000005,2899.510612092613,150.0,0.06635,1.125,-0.028,61893.312,344.32822,-49.47595,-19.508469,17.938375,0.0010599722,salt2,,lowz,0.011407949
lowz,14933,20.0,79.24000000000001,1661.4336248424108,150.0,0.08935,0.405,0.139,61895.152,72.86673,-33.432217,-19.190926,18.936337,0.00042277595,salt2,,lowz,0.027429935
lowz,14945,20.0,90.56,872.5981576381489,150.0,0.11465,0.35,-0.07,61898.527,42.91355,-20.687708,-19.607449,19.097496,0.0003644568,salt2,,lowz,0.037075084
lowz,14957,20.0,135.84,957.0869436961195,150.0,0.13595,-1.64,-0.053,61902.727,72.845695,-42.349026,-19.307884,19.796642,0.00019142033,salt2,,lowz,0.014884187
lowz,14964,20.0,124.52000000000001,1331.2145352623822,150.0,0.14005,0.78,-0.018,61903.695,347.75333,-67.43229,-19.42448,19.750153,0.00019979475,salt2,,lowz,0.03226509
lowz,14979,20.0,124.52000000000001,671.3821813683918,150.0,0.11885,-2.38,-0.001,61899.25,331.78616,-48.599483,-19.090439,19.69853,0.00020952336,salt2,,lowz,0.019668842
lowz,14981,20.0,28.3,399.93831652347876,150.0,0.05425,0.865,-0.14,61892.727,336.75125,-56.522602,-19.753979,17.237232,0.0020218638,salt2,,lowz,0.026533378
lowz,14983,20.0,147.16,1433.4763113079484,150.0,0.13305,-0.245,0.149,61902.066,22.48367,-14.695315,-18.784296,20.269436,0.0001238427,salt2,,lowz,0.020053148
lowz,14989,20.0,124.52000000000001,380.96839707283937,150.0,0.12285,1.22,0.169,61899.984,22.368303,-7.0635276,-19.037905,19.82853,0.00018588021,salt2,,lowz,0.043851964
lowz,15008,20.0,158.48000000000002,1188.5699958688108,150.0,0.10875,-0.37,0.478,61897.598,16.802753,-50.228153,-17.781248,20.800627,7.592655e-05,salt2,,lowz,0.014879704
lowz,15038,20.0,147.16,629.3161763900529,150.0,0.13805,-1.385,0.005,61903.203,346.84723,-54.732437,-19.013462,20.127216,0.00014117523,salt2,,lowz,0.013376182
lowz,15040,20.0,82.07000000000001,1317.646567411532,150.0,0.10605,0.275,-0.039,61897.203,45.71962,-28.739897,-19.319717,19.203724,0.00033048764,salt2,,lowz,0.020917589
lowz,15061,20.0,25.47,1464.6323582578775,150.0,0.04625,0.285,-0.029,61892.453,336.08707,-65.342804,-19.450867,17.18154,0.0021282807,salt2,,lowz,0.036007475
lowz,15072,20.0,101.88,807.7090169683129,150.0,0.11945,0.805,0.027,61899.367,359.42102,-42.25117,-19.19165,19.609095,0.00022751345,salt2,,lowz,0.018561853
lowz,15080,20.0,59.43,588.9735415134503,150.0,0.08625,0.925,-0.026,61894.836,338.92496,-36.399677,-19.409414,18.636633,0.00055717456,salt2,,lowz,0.020568758
lowz,15089,20.0,87.73,677.628925955074,150.0,0.11325,-0.195,-0.148,61898.312,348.4064,-17.389978,-19.827084,18.849209,0.000458101,salt2,,lowz,0.03809957
lowz,15118,20.0,135.84,1213.1874748325731,150.0,0.10705,-1.28,0.29,61897.355,32.807716,-40.330177,-18.160236,20.38501,0.000111337424,salt2,,lowz,0.023759117
lowz,15133,20.0,113.2,1601.8134374218216,150.0,0.12465,-0.19,-0.025,61900.324,303.57584,-46.138527,-19.345587,19.554935,0.00023914999,salt2,,lowz,0.043463252
lowz,15173,20.0,147.16,1722.1231478412783,150.0,0.13935,0.195,0.121,61903.52,49.604107,-46.36869,-19.039457,20.123343,0.00014167977,salt2,,lowz,0.025743183
lowz,15182,20.0,90.56,352.8578707793288,150.0,0.11405,0.78,-0.025,61898.434,58.88184,-46.711704,-19.410072,19.282635,0.0003073202,salt2,,lowz,0.013655254
lowz,15188,20.0,8.49,1256.2629585406457,150.0,0.02145,-0.105,0.017,61892.047,42.181602,-2.628755,-19.347296,15.577426,0.009325548,salt2,,lowz,0.048439343
lowz,15253,20.0,62.260000000000005,1361.3114041976578,150.0,0.07695,-1.245,0.009,61894.035,351.58798,-12.893474,-19.289783,18.494778,0.0006349409,salt2,,lowz,0.03658147
lowz,15256,20.0,42.45,509.39476900874297,150.0,0.06555,1.9,0.052,61893.266,338.23285,-16.123243,-19.55702,17.862276,0.0011369323,salt2,,lowz,0.0471051
lowz,15263,20.0,158.48000000000002,1611.300059556385,150.0,0.10885,-1.68,0.397,61897.61,43.538063,-17.886196,-17.715393,20.868622,7.131754e-05,salt2,,lowz,0.042992983
lowz,15272,20.0,124.52000000000001,1820.1795789238147,150.0,0.12545,-1.31,0.025,61900.492,325.61133,-27.689371,-19.001186,19.91434,0.000171755,salt2,,lowz,0.037713952
lowz,15282,20.0,158.48000000000002,406.37214230469255,150.0,0.13875,-1.285,0.113,61903.375,335.48627,-28.687141,-18.795387,20.357225,0.000114223236,salt2,,lowz,0.022001825
lowz,15359,20.0,22.64,824.6716967080706,150.0,0.02665,-0.72,0.492,61892.09,3.5780716,-19.18815,-17.578566,17.825857,0.0011757143,salt2,,lowz,0.024894511
lowz,15371,20.0,101.88,599.3040558181906,150.0,0.11595,-0.73,-0.012,61898.746,20.573042,-26.61996,-19.158344,19.572914,0.00023522257,salt2,,lowz,0.01430749
lowz,15376,20.0,70.75,1048.775233160095,150.0,0.07305,-1.85,0.145,61893.742,344.64514,-52.47406,-18.596622,19.069183,0.00037408588,salt2,,lowz,0.015405971
lowz,15389,20.0,28.3,726.6729486476856,150.0,0.04485,0.91,0.129,61892.414,309.63333,-47.19225,-19.035585,17.527897,0.0015469841,salt2,,lowz,0.03538539
lowz,15392,20.0,73.58,2795.0469196039276,150.0,0.09775,1.03,-0.005,61896.098,161.63213,-11.657929,-19.561506,18.77306,0.00049138337,salt2,,lowz,0.04074909
lowz,15403,20.0,135.84,3181.79033095671,150.0,0.12935,-1.455,0.018,61901.27,14.055716,-24.81164,-19.070292,19.917107,0.00017131756,salt2,,lowz,0.03857386
lowz,15433,20.0,39.620000000000005,1592.6780254835644,150.0,0.04535,-1.98,0.243,61892.426,73.679016,-2.9405003,-18.444914,18.143421,0.00087755884,salt2,,lowz,0.041885436
lowz,15436,20.0,101.88,2434.1496823651896,150.0,0.13185,0.82,-0.109,61901.816,320.62915,-60.237354,-19.807001,19.225409,0.0003239525,salt2,,lowz,0.045534734
lowz,15442,20.0,28.3,2825.8791152559947,150.0,0.04465,-2.13,-0.041,61892.406,140.29924,-3.80381,-19.14416,17.409306,0.0017255294,salt2,,lowz,0.044210363
lowz,15464,20.0,113.2,2604.9030616829054,150.0,0.11565,-0.68,0.058,61898.7,327.31442,-69.8752,-19.226126,19.499084,0.0002517741,salt2,,lowz,0.034987412
lowz,15470,20.0,147.16,779.0222444876631,150.0,0.14455,0.23,0.053,61904.797,303.5183,-47.409496,-19.172987,20.076416,0.00014793746,salt2,,lowz,0.04829168
lowz,15480,20.0,147.16,1609.5540214284204,150.0,0.14745,-1.645,-0.058,61905.562,23.854767,-30.192753,-19.347227,19.949219,0.00016632491,salt2,,lowz,0.022733027
lowz,15501,20.0,42.45,3444.075781727681,150.0,0.06395,0.03,0.006,61893.176,191.93831,-4.6375694,-19.244656,18.118559,0.00089788676,salt2,,lowz,0.033447385
lowz,15507,20.0,158.48000000000002,2605.003719080671,150.0,0.13885,-2.78,2.7755576e-16,61903.41,50.35009,-63.312798,-18.923792,20.230522,0.00012836188,salt2,,lowz,0.029719906
lowz,15509,20.0,124.52000000000001,1981.5245683065962,150.0,0.12755,0.46,0.105,61900.918,117.65861,-1.6266948,-19.110546,19.843937,0.00018326099,salt2,,lowz,0.03556182
lowz,15516,20.0,50.94,2697.8091583599617,150.0,0.07205,0.13,-0.007,61893.676,6.5395164,-11.84116,-19.268497,18.365881,0.0007149772,salt2,,lowz,0.041019823
lowz,15531,20.0,87.73,1484.0666103407902,150.0,0.10225,-1.74,-0.108,61896.676,52.73357,-55.630783,-19.29759,19.14118,0.00035008424,salt2,,lowz,0.018793974
lowz,15546,20.0,135.84,1209.1402857327378,150.0,0.12535,-2.41,0.016,61900.473,344.94925,-42.54495,-18.919682,19.993973,0.00015960835,salt2,,lowz,0.015118385
lowz,15548,20.0,113.2,705.9717652003977,150.0,0.10615,-1.685,0.119,61897.215,353.70346,-21.763855,-18.582996,19.942633,0.00016733677,salt2,,lowz,0.029668687
lowz,15549,20.0,82.07000000000001,3502.876105720326,150.0,0.09195,-0.19,0.093,61895.43,163.80447,-10.866758,-19.174534,19.018803,0.00039185325,salt2,,lowz,0.03725227
lowz,15557,20.0,73.58,2639.035139271996,150.0,0.08505,-1.505,0.041,61894.73,16.745531,-56.064125,-18.889915,19.123947,0.00035568533,salt2,,lowz,0.029699354
lowz,15561,20.0,135.84,949.4139675173651,150.0,0.12605,0.165,0.181,61900.613,58.701374,-38.35485,-18.742994,20.183723,0.00013401569,salt2,,lowz,0.0127438
lowz,15568,20.0,113.2,1248.9523906530096,150.0,0.11715,1.335,0.195,61898.96,0.9104134,-34.002514,-18.823975,19.931328,0.00016908844,salt2,,lowz,0.015254374
lowz,15604,20.0,101.88,599.8036286414048,150.0,0.09895,-1.67,0.153,61896.25,15.128743,-22.005413,-18.471403,19.891388,0.00017542408,salt2,,lowz,0.020801643
lowz,15620,20.0,113.2,1606.8529279393329,150.0,0.13635,0.94,-0.013,61902.82,82.61155,-22.190908,-19.34124,19.770212,0.00019613717,salt2,,lowz,0.03944293
lowz,15627,20.0,28.3,1001.4194887599381,150.0,0.04195,-1.26,0.047,61892.336,44.27969,-25.038647,-19.000778,17.413025,0.0017196293,salt2,,lowz,0.02696454
lowz,15629,20.0,39.620000000000005,485.1429006899804,150.0,0.05895,-1.075,-0.052,61892.926,54.18148,-33.75185,-19.239136,17.939692,0.0010586889,salt2,,lowz,0.014720666
lowz,15634,20.0,192.44,606.0103504695063,150.0,0.14835,-2.525,0.053,61905.805,45.003628,-18.178034,-18.829985,20.480885,0.0001019274,salt2,,lowz,0.032384623
lowz,15646,20.0,14.15,582.2045285540466,150.0,0.02715,0.04,-0.034,61892.094,57.831745,-29.902897,-19.310244,16.135342,0.0055783773,salt2,,lowz,0.0117481705
lowz,15659,20.0,135.84,492.7175625398951,150.0,0.14315,0.545,-0.008,61904.45,54.374172,-42.175426,-19.483095,19.743282,0.0002010629,salt2,,lowz,0.01836669
lowz,15671,20.0,90.56,2544.4934351729153,150.0,0.10235,-0.01,0.065,61896.69,176.25949,-12.776073,-19.063349,19.377687,0.00028155907,salt2,,lowz,0.045407515
lowz,15673,20.0,147.16,3014.3693244052465,150.0,0.14795,-0.245,-0.019,61905.688,30.790684,-32.04553,-19.480873,19.823593,0.00018672703,salt2,,lowz,0.021832936
lowz,15674,20.0,124.52000000000001,1271.4283994928173,150.0,0.10795,-2.475,0.096,61897.484,331.56668,-57.233353,-18.53033,20.034374,0.00015377822,salt2,,lowz,0.02407286
lowz,15684,20.0,65.09,1696.3234593687678,150.0,0.09015,0.765,-0.05,61895.24,73.127625,-36.126312,-19.783861,18.363926,0.0007162664,salt2,,lowz,0.015294263
lowz,15705,20.0,36.79,778.7561889680935,150.0,0.05285,-0.375,-0.048,61892.67,63.058014,-60.549194,-19.427824,17.504461,0.0015807406,salt2,,lowz,0.020740623
lowz,15709,20.0,45.28,2550.873347179183,150.0,0.07425,1.25,-0.072,61893.83,189.37779,-3.4628012,-19.633833,18.069147,0.00093969324,salt2,,lowz,0.03828753
lowz,15712,20.0,48.11,3207.6235637050827,150.0,0.07275,0.04,-0.046,61893.72,13.33347,-43.530155,-19.465153,18.191269,0.00083972485,salt2,,lowz,0.01332147
lowz,15721,20.0,65.09,752.691522762188,150.0,0.07995,-1.185,-0.018,61894.27,46.59177,-42.818497,-19.175314,18.696749,0.0005271635,salt2,,lowz,0.019063553
lowz,15737,20.0,45.28,296.33841065138347,150.0,0.06755,-0.335,-0.043,61893.383,45.06797,-46.547466,-19.445925,18.041653,0.0009637933,salt2,,lowz,0.0138970325
lowz,15738,20.0,101.88,1669.7812439714885,150.0,0.12215,-0.535,-0.052,61899.863,352.66693,-0.5681182,-19.266684,19.586367,0.00023232601,salt2,,lowz,0.041382495
lowz,15740,20.0,147.16,491.2648872856309,150.0,0.14355,0.015,0.036,61904.547,1.8864805,-9.082758,-19.227203,20.005775,0.00015788284,salt2,,lowz,0.04931583
lowz,15786,20.0,147.16,734.5119453547277,150.0,0.12465,-0.11,0.226,61900.336,23.630129,-0.46974698,-18.694029,20.206493,0.00013123437,salt2,,lowz,0.036892228
lowz,15799,20.0,87.73,546.7088134593621,150.0,0.09575,-0.11,0.088,61895.863,30.665312,-13.727654,-19.206882,19.079903,0.00037041065,salt2,,lowz,0.024520462
lowz,15816,20.0,147.16,602.5146703902788,150.0,0.14865,-0.445,-0.039,61905.887,25.731157,-30.573912,-19.388067,19.927591,0.0001696713,salt2,,lowz,0.022447847
lowz,15818,20.0,62.260000000000005,3571.9958627283236,150.0,0.09165,-0.33,-0.171,61895.4,206.03249,-0.408553,-19.921854,18.263952,0.0007853517,salt2,,lowz,0.031662267
lowz,15820,20.0,90.56,2770.439939634971,150.0,0.10865,0.625,0.01,61897.59,46.215996,-64.422295,-19.375372,19.204365,0.0003302927,salt2,,lowz,0.042086694
lowz,15821,20.0,31.130000000000003,608.2957996113907,150.0,0.05595,0.475,-0.104,61892.793,77.631226,-55.662212,-19.661917,17.398905,0.0017421398,salt2,,lowz,0.025533251
lowz,15871,20.0,135.84,1843.458182105009,150.0,0.12895,-0.6,0.071,61901.203,161.18246,-16.989368,-18.989798,19.990324,0.0001601457,salt2,,lowz,0.038367487
lowz,15888,20.0,101.88,2880.872519794152,150.0,0.13395,-0.97,-0.226,61902.28,350.96548,-43.961723,-19.94575,19.123857,0.00035571487,salt2,,lowz,0.011286078
lowz,15912,20.0,16.98,1323.5187989666128,150.0,0.03295,-0.66,-0.067,61892.164,71.1262,-57.352047,-19.412886,16.462362,0.0041276193,salt2,,lowz,0.014696372
lowz,15916,20.0,135.84,2000.1931288646713,150.0,0.12125,-2.555,0.033,61899.68,359.55093,-0.9457595,-18.821266,20.014471,0.00015662337,salt2,,lowz,0.040484935
lowz,15921,20.0,39.620000000000005,1582.1372020591086,150.0,0.05385,-0.18,0.104,61892.71,26.295233,-58.007782,-19.009008,17.965517,0.0010338037,salt2,,lowz,0.026713423
lowz,15925,20.0,113.2,1283.7611535995413,150.0,0.12215,-0.705,0.013,61899.863,63.074562,-18.702013,-19.34367,19.50938,0.0002493979,salt2,,lowz,0.048044164
lowz,15948,20.0,65.09,1589.6719929245971,150.0,0.08335,-1.21,-0.061,61894.57,357.0298,-24.088964,-19.321663,18.645855,0.0005524624,salt2,,lowz,0.027776474
lowz,15949,20.0,25.47,1059.349352319551,150.0,0.03695,-1.08,0.154,61892.23,322.94318,-51.28707,-18.621304,17.509062,0.0015740548,salt2,,lowz,0.03248841
lowz,15963,20.0,124.52000000000001,1281.9544518261948,150.0,0.13595,1.02,0.055,61902.73,43.123867,-51.196457,-19.282003,19.822521,0.00018691165,salt2,,lowz,0.034361206
lowz,15978,20.0,124.52000000000001,902.1953530039466,150.0,0.14375,0.68,-0.025,61904.613,351.2791,-54.652515,-19.481937,19.754333,0.00019902672,salt2,,lowz,0.012517491
lowz,16015,20.0,158.48000000000002,1268.2916295121545,150.0,0.14695,-1.205,0.002,61905.43,15.518834,-11.758291,-19.009508,20.278889,0.00012276912,salt2,,lowz,0.035061657
lowz,16033,20.0,59.43,1483.2286389383053,150.0,0.08575,1.79,0.012,61894.79,319.19818,-38.296417,-19.650269,18.382421,0.00070416793,salt2,,lowz,0.043019425
lowz,16046,20.0,45.28,647.6050328128997,150.0,0.06835,0.965,0.024,61893.434,330.4681,-56.23944,-19.442686,18.071661,0.00093751884,salt2,,lowz,0.024163425
lowz,16053,20.0,53.77,712.4248204396879,150.0,0.07595,-1.13,-0.119,61893.957,13.518112,-65.03838,-19.389647,18.365023,0.00071554247,salt2,,lowz,0.026739217
lowz,16067,20.0,36.79,1170.281619449594,150.0,0.05805,1.17,0.072,61892.883,356.2237,-23.93146,-19.260132,17.883913,0.001114499,salt2,,lowz,0.026739337
lowz,16069,20.0,39.620000000000005,3154.01199079731,150.0,0.06535,-8.526513e-14,-0.085,61893.254,133.1651,-2.514204,-19.471706,17.94065,0.0010577525,salt2,,lowz,0.026466629
lowz,16085,20.0,124.52000000000001,693.7481411293902,150.0,0.14785,0.03,-0.131,61905.68,147.46457,-18.820711,-19.67671,19.626156,0.0002239662,salt2,,lowz,0.04917578
lowz,16096,20.0,101.88,1162.9947754898506,150.0,0.12665,-0.525,-0.116,61900.723,189.45103,-7.549693,-19.63021,19.30765,0.00030032042,salt2,,lowz,0.03190065
lowz,16110,20.0,70.75,3709.8291628792595,150.0,0.09725,2.035,0.032,61896.04,23.82185,-12.82109,-19.531868,18.79084,0.000483402,salt2,,lowz,0.024305053
lowz,16171,20.0,42.45,1467.8581795664031,150.0,0.06585,0.92,-0.026,61893.285,341.92755,-59.202038,-19.42893,18.000734,0.0010008094,salt2,,lowz,0.026468566
lowz,16176,20.0,56.6,1308.334824907456,150.0,0.08085,0.47,-0.056,61894.35,38.406784,-28.626562,-19.437487,18.460215,0.00065547915,salt2,,lowz,0.01745971
lowz,16179,20.0,82.07000000000001,2309.133695383244,150.0,0.09075,0.335,0.15,61895.293,132.53618,-1.1670898,-18.947588,19.215477,0.00032692953,salt2,,lowz,0.02870248
lowz,16188,20.0,124.52000000000001,3204.0969472149995,150.0,0.14535,0.055,-0.086,61905.01,338.9501,-39.461575,-19.604881,19.657585,0.0002175758,salt2,,lowz,0.020596609
lowz,16195,20.0,135.84,779.4121506504343,150.0,0.13815,0.745,0.101,61903.227,345.60873,-14.859111,-19.204153,19.938232,0.0001680165,salt2,,lowz,0.042788938
lowz,16200,20.0,113.2,1170.5168669464022,150.0,0.11445,-0.125,0.13,61898.504,29.067953,-10.203171,-18.723097,19.977776,0.00016200716,salt2,,lowz,0.024975874
lowz,16217,20.0,90.56,1238.303716632513,150.0,0.10415,0.79,0.14,61896.934,73.710495,-28.653841,-19.039331,19.44214,0.0002653315,salt2,,lowz,0.027566705
lowz,16248,20.0,124.52000000000001,894.86040287027,150.0,0.13475,-1.195,-0.067,61902.445,55.609043,-56.196922,-19.220821,19.862808,0.00018010307,salt2,,lowz,0.03302401
lowz,16347,20.0,56.6,1509.8568344823022,150.0,0.07825,0.71,0.008,61894.133,0.69035745,-15.894172,-19.33304,18.48983,0.00063784095,salt2,,lowz,0.037046432
lowz,16355,20.0,56.6,422.8292882832468,150.0,0.07725,1.0,0.077,61894.055,0.75984013,-6.407075,-19.474905,18.318552,0.00074683403,salt2,,lowz,0.04018034
lowz,16356,20.0,113.2,1287.894571336998,150.0,0.11665,-0.025,0.073,61898.88,3.1616752,-54.183002,-18.98204,19.763271,0.00019739487,salt2,,lowz,0.019123156
lowz,16360,20.0,82.07000000000001,1480.0519964143655,150.0,0.09445,-0.09,0.083,61895.707,24.445858,-0.64803356,-19.073229,19.18199,0.0003371698,salt2,,lowz,0.032498665
lowz,16394,20.0,90.56,2573.108271570816,150.0,0.11565,-0.095,-0.044,61898.707,129.31114,-4.681117,-19.601032,19.124178,0.00035560978,salt2,,lowz,0.042421103
lowz,16398,20.0,192.44,2939.6090881292794,150.0,0.13535,-2.275,0.25,61902.586,7.327554,-6.613412,-18.22613,20.86797,7.136034e-05,salt2,,lowz,0.04137865
lowz,16431,20.0,39.620000000000005,1873.3016286982756,150.0,0.05545,0.12,0.096,61892.77,81.33942,-42.35573,-18.948359,18.092203,0.0009199483,salt2,,lowz,0.02438219
lowz,16440,20.0,113.2,1863.2922381974522,150.0,0.11835,0.315,0.127,61899.17,153.42722,-5.182246,-18.915327,19.863787,0.00017994085,salt2,,lowz,0.04323291
lowz,16442,20.0,124.52000000000001,1970.102173731546,150.0,0.11655,1.29,0.249,61898.86,76.118576,-51.348278,-18.809542,19.933767,0.0001687087,salt2,,lowz,0.020686353
lowz,16488,20.0,135.84,1617.830056422704,150.0,0.14995,0.74,0.005,61906.246,342.07693,-39.49929,-19.276138,20.060171,0.00015016763,salt2,,lowz,0.016126284
lowz,16504,20.0,113.2,1150.9671191062678,150.0,0.12475,-1.655,-0.1,61900.36,358.54114,-0.5507448,-19.39072,19.511683,0.0002488697,salt2,,lowz,0.0400279
lowz,16511,20.0,70.75,3736.605882996465,150.0,0.09235,-0.365,-0.05,61895.473,163.77106,-18.164568,-19.26653,18.936815,0.00042258922,salt2,,lowz,0.04462611
lowz,16530,20.0,101.88,3162.9608039178693,150.0,0.12235,0.575,-0.056,61899.895,11.9183,-22.506674,-19.39703,19.459852,0.00026103808,salt2,,lowz,0.0143411495
lowz,16541,20.0,90.56,729.4583967811454,150.0,0.08445,-1.845,0.207,61894.67,346.85007,-25.785904,-18.375814,19.621792,0.00022486813,salt2,,lowz,0.027292332
lowz,16561,20.0,147.16,1412.52344710533,150.0,0.12135,-1.63,0.188,61899.707,49.642143,-42.092697,-18.546402,20.291264,0.00012137782,salt2,,lowz,0.02338109
lowz,16580,20.0,101.88,637.420558144624,150.0,0.10165,-1.29,0.109,61896.594,74.48074,-50.52712,-18.84856,19.57657,0.00023443178,salt2,,lowz,0.02158873
lowz,16594,20.0,135.84,899.6990353579554,150.0,0.12495,-2.45,-0.031,61900.395,29.337006,-44.43681,-19.134888,19.77127,0.00019594608,salt2,,lowz,0.017132757
lowz,16620,20.0,79.24000000000001,1001.2655891226159,150.0,0.09455,-0.14,0.024,61895.72,30.31568,-9.331161,-19.307688,18.949974,0.00041749858,salt2,,lowz,0.02757411
lowz,16622,20.0,8.49,821.8531902833963,150.0,0.03145,1.58,0.017,61892.145,24.313074,-35.942986,-19.617552,16.154142,0.0054826173,salt2,,lowz,0.023724541
lowz,16676,20.0,113.2,957.9679473641468,150.0,0.10705,0.665,0.241,61897.35,8.173717,-6.2286305,-18.556313,19.988934,0.00016035092,salt2,,lowz,0.041916173
lowz,16681,20.0,73.58,1149.5146711261032,150.0,0.09455,0.395,0.014,61895.72,1.3696598,-47.5038,-19.220688,19.036974,0.00038534962,salt2,,lowz,0.016513184
lowz,16687,20.0,56.6,2799.8475205135414,150.0,0.07845,0.49,0.007,61894.15,188.92902,-17.337011,-19.60212,18.226593,0.0008128449,salt2,,lowz,0.041977953
lowz,16690,20.0,82.07000000000001,2836.363232743078,150.0,0.10065,-0.45,-0.044,61896.465,339.37006,-39.964832,-19.211954,19.190273,0.00033460723,salt2,,lowz,0.025570197
lowz,16691,20.0,101.88,352.7894652491256,150.0,0.12455,0.71,-0.044,61900.316,331.0369,-39.973915,-19.563932,19.334707,0.00029292854,salt2,,lowz,0.018709967
lowz,16705,20.0,33.96,1816.341611358326,150.0,0.05465,0.865,0.02,61892.742,71.66574,-41.69503,-19.482914,17.524862,0.0015513146,salt2,,lowz,0.01738494
lowz,16715,20.0,87.73,1061.2749857129834,150.0,0.10215,0.14,0.036,61896.66,17.081581,-62.02312,-19.196264,19.24024,0.00031955744,salt2,,lowz,0.024150658
lowz,16729,20.0,16.98,1375.6601661723316,150.0,0.02705,-1.84,0.101,61892.094,338.48465,-17.852324,-18.667011,16.770403,0.0031080195,salt2,,lowz,0.047398794
lowz,16739,20.0,87.73,1280.3831716560785,150.0,0.10365,-0.3,-0.032,61896.863,29.055359,-31.311697,-19.39277,19.077536,0.0003712194,salt2,,lowz,0.020716935
lowz,16744,20.0,113.2,2417.9618706427163,150.0,0.13285,0.575,-0.071,61902.03,129.93549,-2.6369014,-19.492653,19.557539,0.00023857734,salt2,,lowz,0.032152828
lowz,16765,20.0,135.84,511.08374369578524,150.0,0.11385,0.425,0.284,61898.41,143.30273,-1.6058632,-18.462484,20.22613,0.00012888225,salt2,,lowz,0.035892665
lowz,16781,20.0,101.88,3081.1990161277877,150.0,0.09295,-2.155,0.154,61895.543,4.8021574,-33.925014,-18.483524,19.734756,0.00020264792,salt2,,lowz,0.016568001
lowz,16785,20.0,48.11,701.4117334099046,150.0,0.07935,1.285,-0.096,61894.227,16.536829,-14.843127,-19.586733,18.268082,0.0007823695,salt2,,lowz,0.024650099
lowz,16795,20.0,90.56,371.820706044771,150.0,0.10755,-0.825,-0.013,61897.43,20.663641,-20.911745,-19.162832,19.393244,0.00027755366,salt2,,lowz,0.022226332
lowz,16799,20.0,113.2,3559.2106393105246,150.0,0.10705,0.65,0.215,61897.348,199.31004,-10.610448,-18.774788,19.770458,0.00019609282,salt2,,lowz,0.04913723
lowz,16804,20.0,87.73,3716.396295977147,150.0,0.09505,-1.67,0.009,61895.777,33.148804,-9.760844,-19.017185,19.252655,0.000315924,salt2,,lowz,0.031339064
lowz,16843,20.0,124.52000000000001,758.7307355759258,150.0,0.14045,0.785,0.02,61903.793,51.526478,-26.872112,-19.342802,19.838568,0.00018416952,salt2,,lowz,0.01890597
lowz,16915,20.0,31.130000000000003,1128.5699180403797,150.0,0.04945,-1.775,-0.109,61892.55,10.60877,-12.809758,-19.4221,17.360542,0.0018047955,salt2,,lowz,0.025571333
lowz,16935,20.0,101.88,1324.2645905759603,150.0,0.07725,-1.9,0.393,61894.05,333.18488,-52.128147,-17.859255,19.934202,0.00016864123,salt2,,lowz,0.026080554
lowz,16936,20.0,135.84,634.54992751696,150.0,0.13045,-0.125,0.13,61901.523,347.8889,-36.377773,-18.866182,20.14112,0.00013937865,salt2,,lowz,0.023242494
lowz,16951,20.0,135.84,482.8949650362645,150.0,0.14235,0.265,0.001,61904.242,355.3103,-26.007969,-19.301844,19.911282,0.00017223932,salt2,,lowz,0.02032677
lowz,16954,20.0,113.2,945.7762858005908,150.0,0.13435,0.295,-0.039,61902.367,31.492052,-37.818512,-19.592379,19.48425,0.0002552379,salt2,,lowz,0.020785283
lowz,16973,20.0,101.88,658.6504085016882,150.0,0.08095,0.63,0.497,61894.355,6.017436,-38.949154,-17.884756,20.015776,0.00015643513,salt2,,lowz,0.02003871
lowz,16988,20.0,101.88,2890.100272198185,150.0,0.11515,0.17,-0.007,61898.617,165.8118,-19.248135,-19.240725,19.474375,0.00025756992,salt2,,lowz,0.045700878
lowz,17002,20.0,124.52000000000001,2478.765318889956,150.0,0.11265,0.855,0.314,61898.203,50.692905,-29.841513,-18.536974,20.126936,0.00014121165,salt2,,lowz,0.018043747
lowz,17015,20.0,135.84,743.0741288995114,150.0,0.12855,-0.32,0.079,61901.113,28.844862,-17.100414,-18.927279,20.045544,0.00015220432,salt2,,lowz,0.024198618
lowz,17018,20.0,36.79,1146.899813783184,150.0,0.06395,1.48,-0.066,61893.176,354.0696,-47.35265,-19.749523,17.61369,0.0014294502,salt2,,lowz,0.017245375
lowz,17021,20.0,124.52000000000001,1163.3934777367224,150.0,0.13665,0.6,0.019,61902.89,1.3164954,-5.5140715,-19.430573,19.68606,0.00021194365,salt2,,lowz,0.039880157
lowz,17043,20.0,90.56,1633.5922430616242,150.0,0.11165,0.005,0.013,61898.055,323.28046,-62.085297,-19.284887,19.358246,0.00028664633,salt2,,lowz,0.04943202
lowz,17076,20.0,16.98,1608.1164771771591,150.0,0.03815,-0.99,-0.055,61892.254,30.388784,-19.707218,-19.36135,16.840305,0.0029142215,salt2,,lowz,0.02268845
lowz,17082,20.0,73.58,1837.0752092454607,150.0,0.09595,0.29,-0.003,61895.887,302.1786,-59.930267,-19.049122,19.242485,0.00031889707,salt2,,lowz,0.048683666
lowz,17095,20.0,101.88,1054.753224867504,150.0,0.12925,1.475,0.007,61901.258,320.44275,-24.660738,-19.398273,19.587309,0.00023212464,salt2,,lowz,0.047273386
lowz,17096,20.0,147.16,1226.5922388046017,150.0,0.14715,-0.005,0.039,61905.492,8.574745,-51.024963,-18.942348,20.349272,0.000115063165,salt2,,lowz,0.014413576
lowz,17127,20.0,135.84,1232.3050741128789,150.0,0.11725,-0.45,0.243,61898.973,79.02533,-45.605858,-18.363136,20.39416,0.000110403125,salt2,,lowz,0.041143525
lowz,17130,20.0,147.16,2748.077644282808,150.0,0.13105,-1.92,0.055,61901.65,204.1141,-1.5355369,-18.85366,20.164433,0.0001364179,salt2,,lowz,0.038198564
lowz,17165,20.0,67.92,2540.8517644956883,150.0,0.09005,-1.395,-0.146,61895.22,324.66013,-60.033173,-19.697662,18.447567,0.00066315907,salt2,,lowz,0.046256475
lowz,17170,20.0,56.6,1377.7878318831108,150.0,0.07545,-1.26,-0.038,61893.918,51.539978,-43.723976,-19.209734,18.52985,0.0006147589,salt2,,lowz,0.014094944
lowz,17172,20.0,101.88,1613.7222308356118,150.0,0.12785,1.165,-0.042,61900.965,301.8249,-58.86703,-19.659544,19.300455,0.0003023171,salt2,,lowz,0.048872992
lowz,17190,20.0,56.6,1840.9054524018577,150.0,0.05965,-0.52,0.284,61892.957,73.69132,-41.17064,-18.168667,19.036861,0.0003853896,salt2,,lowz,0.018219069
lowz,17192,20.0,135.84,1488.1997470043314,150.0,0.14355,0.585,-0.012,61904.555,19.967764,-9.622672,-19.426004,19.806973,0.00018960744,salt2,,lowz,0.043709163
lowz,17202,20.0,90.56,1344.1462778259267,150.0,0.10945,-1.1,-0.05,61897.707,44.68663,-56.06396,-19.331797,19.265007,0.00031235046,salt2,,lowz,0.019882085
lowz,17233,20.0,158.48000000000002,2363.2985327648666,150.0,0.13755,0.52,0.196,61903.086,149.42787,-3.2217207,-18.857176,20.27494,0.00012321638,salt2,,lowz,0.040554848
lowz,17252,20.0,90.56,2651.5799874528966,150.0,0.11495,0.005,-0.054,61898.59,33.00699,-38.458508,-19.56661,19.144432,0.0003490372,salt2,,lowz,0.022029622
lowz,17256,20.0,158.48000000000002,911.3740213608669,150.0,0.14775,-1.48,2.7755576e-16,61905.64,351.6974,-47.308826,-19.074038,20.227224,0.00012875228,salt2,,lowz,0.01538239
lowz,17270,20.0,147.16,1291.9440805518523,150.0,0.13055,-1.36,0.072,61901.53,57.18611,-37.302124,-18.814653,20.19445,0.00013269801,salt2,,lowz,0.015531458
lowz,17282,20.0,90.56,1024.8803265876245,150.0,0.11385,0.645,0.014,61898.41,22.772865,-17.388233,-19.524761,19.163853,0.00034284982,salt2,,lowz,0.027573708
lowz,17289,20.0,135.84,1312.0645804410844,150.0,0.11305,0.325,0.342,61898.273,19.077827,-66.21369,-18.31324,20.358932,0.00011404383,salt2,,lowz,0.024212249
lowz,17294,20.0,113.2,528.6781697885242,150.0,0.13365,0.105,-0.099,61902.195,12.249777,-52.45031,-19.788254,19.276072,0.00030918355,salt2,,lowz,0.022973305
lowz,17309,20.0,124.52000000000001,810.1522620264293,150.0,0.13445,0.345,-0.021,61902.387,331.92883,-46.182053,-19.619806,19.458576,0.00026134524,salt2,,lowz,0.014255187
lowz,17316,20.0,169.8,1262.3003420776108,150.0,0.14575,-1.555,0.059,61905.105,43.021526,-47.949398,-19.135023,20.133951,0.00014030219,salt2,,lowz,0.039808013
lowz,17330,20.0,135.84,641.4684183226418,150.0,0.14595,-0.06,-0.019,61905.176,20.060951,-62.187607,-19.490713,19.78151,0.00019410704,salt2,,lowz,0.026406433
lowz,17375,20.0,59.43,1338.9669828753372,150.0,0.08455,0.335,-0.065,61894.68,347.17035,-17.667234,-19.461536,18.538788,0.0006097191,salt2,,lowz,0.03995422
lowz,17377,20.0,124.52000000000001,440.56193440283823,150.0,0.11565,-1.52,0.126,61898.7,346.21573,-27.902632,-18.605206,20.120005,0.00014211598,salt2,,lowz,0.036433984
lowz,17382,20.0,48.11,870.3629064382774,150.0,0.06745,-0.785,-0.033,61893.38,323.8324,-7.6094127,-19.309488,18.17472,0.0008526214,salt2,,lowz,0.037928313
lowz,17398,20.0,62.260000000000005,3393.855000087833,150.0,0.07835,-1.375,-0.028,61894.14,178.79048,-9.684902,-19.095522,18.730272,0.0005111353,salt2,,lowz,0.028490968
lowz,17416,20.0,124.52000000000001,2245.7683527643408,150.0,0.14625,-0.01,-0.097,61905.258,63.441128,-67.70445,-19.6419,19.635187,0.00022211098,salt2,,lowz,0.046428077
lowz,17417,20.0,59.43,754.1645083751375,150.0,0.09105,0.795,-0.1,61895.33,16.870632,-55.89544,-19.675894,18.494774,0.00063494337,salt2,,lowz,0.03705622
lowz,17423,20.0,169.8,598.4952082823888,150.0,0.12825,-2.26,0.179,61901.062,356.1969,-44.59792,-18.417234,20.5501,9.5632335e-05,salt2,,lowz,0.012058366
lowz,17429,20.0,70.75,1538.7767438878875,150.0,0.07675,-1.125,0.121,61894.02,65.30023,-23.836971,-18.776308,19.002306,0.00039785288,salt2,,lowz,0.04428109
lowz,17433,20.0,82.07000000000001,1900.243137225624,150.0,0.10105,0.04,-0.031,61896.516,336.3789,-37.50685,-19.64656,18.764854,0.0004951114,salt2,,lowz,0.018048285
lowz,17439,20.0,124.52000000000001,974.12442022814,150.0,0.13145,0.44,0.019,61901.723,11.035245,-21.43111,-19.288477,19.736786,0.00020226951,salt2,,lowz,0.018863715
lowz,17440,20.0,70.75,3699.006765918334,150.0,0.08285,-0.6,0.097,61894.527,178.9376,-1.0011816,-18.91124,19.042475,0.0003834022,salt2,,lowz,0.025024716
lowz,17499,20.0,65.09,3489.088694220085,150.0,0.08435,-0.09,-0.012,61894.66,29.127493,-16.74094,-19.276655,18.718233,0.0005168349,salt2,,lowz,0.027012942
lowz,17503,20.0,67.92,3425.2316938689573,150.0,0.07275,0.91,0.288,61893.727,175.69734,-1.102309,-18.31975,19.33667,0.00029239937,salt2,,lowz,0.022565367
lowz,17523,20.0,181.12,3048.2581404120474,150.0,0.14355,-0.21,0.205,61904.547,16.03494,-50.215565,-18.66809,20.564886,9.43388e-05,salt2,,lowz,0.015105533
lowz,17571,20.0,73.58,973.7925852977476,150.0,0.07075,-0.685,0.333,61893.582,24.28498,-16.973188,-18.118568,19.474325,0.00025758165,salt2,,lowz,0.021242177
lowz,17585,20.0,158.48000000000002,1047.1587002434926,150.0,0.14405,-0.18,0.092,61904.664,345.661,-14.835161,-18.81416,20.427044,0.00010710921,salt2,,lowz,0.042768363
lowz,17586,20.0,135.84,1996.6508909712506,150.0,0.14645,-0.6,-0.063,61905.285,78.66105,-56.966694,-19.309065,19.971256,0.00016298298,salt2,,lowz,0.027488336
lowz,17588,20.0,124.52000000000001,2107.1493301852142,150.0,0.12645,0.82,0.101,61900.695,353.27597,-4.0218983,-18.975092,19.95906,0.000164824,salt2,,lowz,0.045539536
lowz,17608,20.0,113.2,1734.820881904418,150.0,0.10825,-2.35,0.075,61897.523,314.4829,-65.95941,-18.85437,19.71679,0.00020602935,salt2,,lowz,0.044557527
lowz,17658,20.0,36.79,1656.4752155826063,150.0,0.05785,1.235,0.082,61892.875,349.10873,-6.475136,-19.343878,17.792368,0.001212544,salt2,,lowz,0.03847881
lowz,17678,20.0,73.58,1931.5552122536894,150.0,0.10455,0.85,-0.083,61896.992,66.939926,-34.977608,-19.55044,18.939926,0.0004213804,salt2,,lowz,0.03307419
lowz,17686,20.0,65.09,951.4769526165062,150.0,0.07365,-1.195,0.106,61893.78,25.577938,-46.05525,-18.755955,18.92851,0.00042583415,salt2,,lowz,0.019499702
lowz,17690,20.0,158.48000000000002,3019.033506966354,150.0,0.13915,-0.095,0.157,61903.48,186.14308,-6.6499057,-18.584663,20.574745,9.3486015e-05,salt2,,lowz,0.040287886
lowz,17715,20.0,90.56,2865.404338102065,150.0,0.10145,-1.785,2.7755576e-16,61896.57,340.93237,-51.781265,-19.168308,19.25226,0.0003160391,salt2,,lowz,0.015037665
lowz,17764,20.0,113.2,1492.562865308886,150.0,0.11105,-1.61,0.025,61897.95,39.94837,-18.05839,-19.01819,19.612392,0.00022682323,salt2,,lowz,0.028329376
lowz,17796,20.0,169.8,1268.0127710747918,150.0,0.14815,-1.98,0.018,61905.758,89.981895,-31.32934,-18.933392,20.374279,0.00011244325,salt2,,lowz,0.044258587
lowz,17819,20.0,135.84,1487.5107052620867,150.0,0.14275,-0.015,-0.029,61904.35,17.666565,-44.527153,-19.542707,19.677052,0.00021370972,salt2,,lowz,0.013169156
lowz,17828,20.0,135.84,751.6158546321767,150.0,0.13895,-0.815,0.001,61903.42,347.47775,-36.699223,-19.145885,20.010128,0.00015725111,salt2,,lowz,0.017459046
lowz,17841,20.0,113.2,906.419688956167,150.0,0.13275,-8.526513e-14,-0.054,61902.016,20.263939,-23.809048,-19.633091,19.415327,0.00027196537,salt2,,lowz,0.022005567
lowz,17856,20.0,113.2,1295.3491244904076,150.0,0.14115,1.295,-0.034,61903.945,73.81726,-46.361103,-19.597822,19.595291,0.00023042416,salt2,,lowz,0.02994669
lowz,17858,20.0,90.56,1368.473295806669,150.0,0.10315,-1.315,0.031,61896.797,359.21146,-42.511562,-18.954746,19.504343,0.00025055755,salt2,,lowz,0.018718392
lowz,17880,20.0,147.16,1173.2965380598248,150.0,0.14605,-0.605,0.021,61905.195,50.633858,-29.761816,-19.20447,20.069374,0.00014890017,salt2,,lowz,0.017836643
lowz,17889,20.0,124.52000000000001,918.5984219925051,150.0,0.12995,0.465,0.093,61901.4,13.705232,-36.622654,-19.238096,19.76018,0.00019795791,salt2,,lowz,0.02025667
lowz,17912,20.0,101.88,852.8270656887971,150.0,0.11565,1.33,0.129,61898.695,31.690918,-13.070198,-18.944399,19.780811,0.0001942316,salt2,,lowz,0.02328024
lowz,17914,20.0,101.88,1349.5506484413215,150.0,0.12355,1.075,0.002,61900.113,82.8006,-33.248547,-19.307856,19.57189,0.00023544446,salt2,,lowz,0.027503878
lowz,17920,20.0,8.49,1510.3564448055636,150.0,0.01945,-0.27,-0.059,61892.035,133.55466,-0.59659463,-19.628405,15.080549,0.014737539,salt2,,lowz,0.032899518
lowz,17931,20.0,101.88,1440.4785008926096,150.0,0.12735,1.005,-0.089,61900.867,187.90329,-7.113245,-19.91413,19.036669,0.00038545788,salt2,,lowz,0.02600815
lowz,17966,20.0,192.44,3835.0785639798455,150.0,0.14955,-8.526513e-14,0.274,61906.133,24.504866,-2.8377242,-18.387566,20.942408,6.663178e-05,salt2,,lowz,0.042217817
lowz,17977,20.0,135.84,1450.9741517773791,150.0,0.14175,-0.61,-0.067,61904.105,75.02244,-30.36112,-19.357504,19.845636,0.0001829744,salt2,,lowz,0.012131941
lowz,17980,20.0,90.56,1198.1021369557661,150.0,0.10595,-0.39,0.027,61897.19,23.217585,-32.398636,-19.079992,19.441257,0.00026554725,salt2,,lowz,0.02633759
lowz,17981,20.0,147.16,694.5142878328825,150.0,0.13325,0.49,0.177,61902.12,358.0897,-30.24129,-18.901121,20.156147,0.00013746302,salt2,,lowz,0.02597903
lowz,17992,20.0,82.07000000000001,473.95563825595815,150.0,0.09315,-1.115,0.002,61895.566,356.71567,-41.941776,-18.915464,19.307774,0.00030028596,salt2,,lowz,0.020789336
lowz,18001,20.0,124.52000000000001,1546.1574863883297,150.0,0.13695,-0.055,-0.051,61902.957,79.331604,-41.068707,-19.505297,19.616508,0.00022596528,salt2,,lowz,0.03592918
lowz,18017,20.0,124.52000000000001,1117.5351037971407,150.0,0.12795,-1.145,-0.025,61900.984,20.31451,-59.29807,-19.187082,19.774752,0.0001953189,salt2,,lowz,0.025614843
lowz,18020,20.0,56.6,1228.5128343465296,150.0,0.08725,0.67,-0.093,61894.94,47.930706,-18.754044,-19.576078,18.496466,0.0006339547,salt2,,lowz,0.04058727
lowz,18085,20.0,113.2,2058.677932897466,150.0,0.11545,0.025,0.124,61898.67,309.52176,-46.832165,-19.038256,19.682915,0.00021255866,salt2,,lowz,0.034248002
lowz,18105,20.0,8.49,728.2249955773939,150.0,0.02095,1.09,-0.043,61892.043,339.0722,-62.90455,-19.750547,15.122152,0.014183514,salt2,,lowz,0.034447417
lowz,18106,20.0,135.84,1135.1430929571136,150.0,0.11505,-0.63,0.254,61898.61,70.142136,-58.445065,-18.4376,20.275473,0.00012315609,salt2,,lowz,0.017646696
lowz,18114,20.0,90.56,1424.166086029812,150.0,0.11555,-0.115,-0.044,61898.69,39.986065,-9.719422,-19.621813,19.101377,0.00036315623,salt2,,lowz,0.032512385
lowz,18142,20.0,70.75,1658.5435471557082,150.0,0.08525,-1.535,-0.04,61894.742,335.57516,-39.997787,-19.1717,18.847557,0.00045879828,salt2,,lowz,0.018347139
lowz,18143,20.0,76.41,734.6691888543901,150.0,0.08595,-0.71,0.093,61894.812,354.81528,-23.278242,-19.118351,18.919691,0.00042930714,salt2,,lowz,0.024404768
lowz,18156,20.0,124.52000000000001,507.0597407994698,150.0,0.12595,0.195,0.069,61900.586,8.847465,-20.867693,-19.193897,19.730957,0.00020335817,salt2,,lowz,0.021824112
lowz,18210,20.0,147.16,1205.8962912744603,150.0,0.14065,1.03,0.166,61903.83,338.19885,-59.25254,-18.798723,20.386007,0.000111235095,salt2,,lowz,0.025197554
lowz,18223,20.0,33.96,893.3842358032537,150.0,0.05095,-0.605,0.033,61892.598,353.80756,-30.807198,-18.972073,17.877779,0.0011208134,salt2,,lowz,0.016710289
lowz,18233,20.0,135.84,702.1306872481186,150.0,0.12385,0.775,0.253,61900.184,328.12073,-33.98648,-18.619543,20.265886,0.00012424831,salt2,,lowz,0.027942061
lowz,18242,20.0,87.73,992.939686477973,150.0,0.11085,0.81,-0.046,61897.926,327.92902,-68.73331,-19.731842,18.894545,0.00043936662,salt2,,lowz,0.038744207
lowz,18252,20.0,113.2,1713.1195614339167,150.0,0.12215,1.14,0.117,61899.863,27.062975,-13.35176,-18.966202,19.886848,0.00017615932,salt2,,lowz,0.023403501
lowz,18261,20.0,147.16,1290.0810677595152,150.0,0.13975,-1.12,0.051,61903.605,63.985294,-50.838726,-19.019356,20.150213,0.00013821636,salt2,,lowz,0.023321368
lowz,18275,20.0,147.16,1465.189210379504,150.0,0.13845,-1.57,0.009,61903.297,35.035213,-0.84344554,-19.076572,20.070932,0.00014868665,salt2,,lowz,0.040783536
lowz,18299,20.0,147.16,2045.270109739579,150.0,0.13665,1.58,0.206,61902.88,321.04288,-60.14862,-18.903381,20.213251,0.00013042001,salt2,,lowz,0.046738815
lowz,18305,20.0,90.56,1723.1164625910615,150.0,0.09705,-1.055,0.045,61896.01,33.661114,-16.51743,-18.87877,19.439178,0.000266056,salt2,,lowz,0.04206654
lowz,18326,20.0,90.56,2605.1949601834003,150.0,0.08575,-0.485,0.329,61894.79,143.7031,-9.237671,-18.26413,19.768559,0.00019643595,salt2,,lowz,0.0430669
lowz,18327,20.0,147.16,1747.1398117826557,150.0,0.14425,0.34,0.1,61904.72,77.93531,-53.010452,-19.143602,20.100883,0.00014464092,salt2,,lowz,0.02619019
lowz,18343,20.0,169.8,1387.5138388741789,150.0,0.13415,0.52,0.311,61902.312,41.488148,-9.769623,-18.440344,20.632774,8.862062e-05,salt2,,lowz,0.0363856
lowz,18352,20.0,101.88,2961.290141230175,150.0,0.11455,0.765,0.048,61898.52,165.84496,-7.4899726,-19.306923,19.395987,0.00027685365,salt2,,lowz,0.043953903
lowz,18361,20.0,59.43,3710.407995072865,150.0,0.08035,0.245,0.036,61894.305,343.0667,-17.209045,-18.97892,18.90457,0.00043532817,salt2,,lowz,0.041416943
lowz,18364,20.0,147.16,916.3401347175668,150.0,0.13255,-2.075,-0.003,61901.965,316.78308,-38.591465,-18.906664,20.138205,0.00013975351,salt2,,lowz,0.049517583
lowz,18382,20.0,113.2,449.5257483901063,150.0,0.13245,-0.25,-0.046,61901.95,319.9758,-49.012527,-19.648424,19.394669,0.00027718983,salt2,,lowz,0.040713776
lowz,18390,20.0,113.2,2985.5521026632414,150.0,0.12295,0.41,0.095,61900.004,138.9419,-7.9473643,-18.836098,20.032242,0.00015408066,salt2,,lowz,0.03897782
lowz,18405,20.0,79.24000000000001,3332.745674530303,150.0,0.08795,-0.825,0.058,61895.01,352.62122,-16.960663,-19.04932,19.041601,0.00038371078,salt2,,lowz,0.03313912
lowz,18451,20.0,135.84,1179.3487177491695,150.0,0.12985,1.525,0.244,61901.375,36.00485,-8.698081,-18.779737,20.216728,0.00013000294,salt2,,lowz,0.049683575
lowz,18457,20.0,101.88,775.912783683727,150.0,0.10895,-2.32,-0.069,61897.63,46.480934,-31.869665,-19.158827,19.427324,0.0002689771,salt2,,lowz,0.018772386
lowz,18484,20.0,147.16,574.1364707842222,150.0,0.14855,-0.5,-0.007,61905.844,27.364157,-32.150887,-19.094992,20.21907,0.00012972284,salt2,,lowz,0.021167913
lowz,18515,20.0,45.28,822.0598996021718,150.0,0.07145,-0.245,-0.115,61893.63,354.78247,-38.461754,-19.82018,17.795141,0.0012094517,salt2,,lowz,0.019393513
lowz,18522,20.0,135.84,726.3711072776421,150.0,0.14635,0.03,-0.014,61905.26,359.04453,-61.244358,-19.485298,19.793406,0.0001919916,salt2,,lowz,0.021657284
lowz,18525,20.0,73.58,900.0826295322563,150.0,0.08485,1.255,0.207,61894.71,52.536266,-50.830933,-18.885017,19.123438,0.000355852,salt2,,lowz,0.018319052
lowz,18538,20.0,124.52000000000001,635.6595115706547,150.0,0.14445,1.62,0.004,61904.77,51.291035,-31.936192,-19.5216,19.726164,0.00020425809,salt2,,lowz,0.01627186
good-n,fieldcalib,,,,1020.0,,,,,,,,,,,,roman,
good-n,0,20.0,7244.8,3321.4156282331996,150.0,0.96215,0.34,0.199,61906.664,193.66945,62.61988,-18.78262,25.273949,1.2332908e-06,salt2,good-n,roman,
good-n,1,20.0,62305.28,215.29868215036785,150.0,1.48795,0.025,0.18,61928.05,193.77397,62.908306,-18.889189,26.333998,4.6456395e-07,salt2,good-n,roman,
good-n,6,20.0,2897.92,238.28209130037038,150.0,0.90575,0.25,-0.105,61904.81,191.04774,63.355732,-19.736656,24.158504,3.4454245e-06,salt2,good-n,roman,
good-n,10,20.0,28979.2,234.68203979712524,150.0,1.39115,-0.445,0.024,61923.676,193.19342,62.739613,-18.94464,26.098751,5.769586e-07,salt2,good-n,roman,
good-n,12,20.0,5795.84,237.66277819375165,150.0,0.90265,-0.04,0.213,61904.707,191.29169,63.694935,-18.606976,25.279032,1.2275301e-06,salt2,good-n,roman,
good-n,15,20.0,1064.08,214.24486370663618,150.0,0.60665,0.61,0.031,61896.918,190.83789,63.554527,-19.423645,23.408371,6.8753775e-06,salt2,good-n,roman,
good-n,16,20.0,17387.52,222.31586901773014,150.0,1.05775,-0.775,0.308,61910.043,190.9351,62.952843,-18.218348,26.09164,5.8074926e-07,salt2,good-n,roman,
good-n,18,20.0,23183.36,225.55962106742606,150.0,1.19445,-2.505,0.085,61915.32,190.87387,63.69933,-18.692616,25.942785,6.6608675e-07,salt2,good-n,roman,
good-n,27,20.0,882.96,227.56371136305972,150.0,0.56485,0.665,-0.001,61896.113,190.13712,62.931805,-19.199612,23.445105,6.6466546e-06,salt2,good-n,roman,
good-n,31,20.0,7244.8,234.8938768538681,150.0,1.00855,0.15,0.118,61908.27,192.66084,63.123756,-19.09512,25.087412,1.4644695e-06,salt2,good-n,roman,
good-n,32,20.0,7244.8,219.98520666158265,150.0,1.24465,1.92,-0.167,61917.375,191.99158,62.72724,-20.024363,24.721264,2.0518207e-06,salt2,good-n,roman,
good-n,34,20.0,15938.560000000001,214.73071338361993,150.0,1.21405,0.135,0.1,61916.12,192.39362,62.921356,-18.9251,25.75388,7.9267085e-07,salt2,good-n,roman,
good-n,36,20.0,23183.36,234.10180053303313,150.0,1.35795,-0.47,-0.058,61922.215,190.2498,62.376637,-19.319408,25.659376,8.6475734e-07,salt2,good-n,roman,
good-n,39,20.0,2128.16,215.6937151622067,150.0,0.79465,1.955,0.045,61901.473,189.58942,62.33058,-19.377995,24.16831,3.4144516e-06,salt2,good-n,roman,
good-n,45,20.0,656.5600000000001,244.2178389552896,150.0,0.27455,-0.56,0.451,61892.598,191.06413,63.755306,-17.936274,22.86692,1.13207925e-05,salt2,good-n,roman,
good-n,48,20.0,27530.24,216.10134308497555,150.0,1.29585,-1.96,0.022,61919.53,191.16339,63.430363,-19.02121,25.832323,7.374208e-07,salt2,good-n,roman,
good-n,49,20.0,316.96000000000004,219.94469408567366,150.0,0.24775,-1.98,-0.051,61892.45,191.10928,62.932747,-19.058489,21.490791,4.020943e-05,salt2,good-n,roman,
good-n,52,20.0,27530.24,219.52585307052578,150.0,1.45705,0.33,-0.056,61926.637,191.6246,62.51525,-19.480747,25.68637,8.4352246e-07,salt2,good-n,roman,
good-n,57,20.0,2897.92,229.1998149378411,150.0,0.63965,-2.065,0.26,61897.613,191.72261,63.422436,-18.035944,24.935518,1.68437e-06,salt2,good-n,roman,
good-n,58,20.0,30428.16,216.16646127266048,150.0,1.45815,1.76,0.076,61926.688,191.7769,63.092525,-19.452492,25.716642,8.2032847e-07,salt2,good-n,roman,
good-n,67,20.0,10142.720000000001,232.02901462690207,150.0,0.90465,1.5,0.523,61904.77,189.497,63.04542,-17.72227,26.169647,5.4048775e-07,salt2,good-n,roman,
good-n,68,20.0,39121.92,222.68495166747314,150.0,1.42085,0.33,0.086,61925.0,189.88914,62.45238,-19.048632,26.05124,6.0276534e-07,salt2,good-n,roman,
good-n,72,20.0,18836.48,240.45441870662088,150.0,1.25165,-1.97,-0.053,61917.668,189.39926,63.841812,-19.152702,25.607937,9.067133e-07,salt2,good-n,roman,
good-n,75,20.0,2897.92,238.14223704559896,150.0,0.87535,0.29,-0.031,61903.85,191.63527,63.00441,-19.558235,24.245798,3.1792556e-06,salt2,good-n,roman,
good-n,76,20.0,362.24,224.98682135157202,150.0,0.24975,-0.12,0.101,61892.457,191.82814,62.288258,-18.888763,21.680319,3.3768894e-05,salt2,good-n,roman,
good-n,77,20.0,11591.68,241.6506498250904,150.0,1.14525,-0.065,0.059,61913.367,192.92303,63.660862,-19.149223,25.373549,1.1251877e-06,salt2,good-n,roman,
good-n,80,20.0,28979.2,241.52811063617457,150.0,1.34315,0.22,0.124,61921.57,192.98853,62.206665,-18.781883,26.167585,5.415153e-07,salt2,good-n,roman,
good-n,82,20.0,1426.32,245.80096502886695,150.0,0.68685,-0.4,-0.035,61898.684,189.51001,62.522038,-19.237444,23.922035,4.2838124e-06,salt2,good-n,roman,
good-n,90,20.0,3667.68,236.0592154445013,150.0,0.87885,0.02,0.02,61903.957,190.53775,63.641422,-19.270887,24.543793,2.416172e-06,salt2,good-n,roman,
good-n,92,20.0,2897.92,219.9048767820466,150.0,0.83095,0.015,0.073,61902.51,189.42838,63.708008,-18.936014,24.729223,2.036833e-06,salt2,good-n,roman,
good-n,94,20.0,10142.720000000001,235.6893901227918,150.0,1.07245,0.26,0.138,61910.59,190.90137,62.71334,-18.931034,25.4159,1.0821445e-06,salt2,good-n,roman,
good-n,99,20.0,14489.6,217.65102594001561,150.0,1.09385,-1.395,0.111,61911.39,190.77011,63.1054,-18.81199,25.587835,9.236569e-07,salt2,good-n,roman,
good-n,100,20.0,17387.52,219.11771006082455,150.0,1.29395,-0.69,-0.06,61919.453,190.21523,63.493847,-19.527752,25.321856,1.1800563e-06,salt2,good-n,roman,
good-n,101,20.0,13040.64,231.0982884519021,150.0,1.12155,0.235,0.146,61912.445,192.12279,62.996326,-18.79657,25.67021,8.561712e-07,salt2,good-n,roman,
good-n,104,20.0,21734.4,226.97673051840408,150.0,1.29205,0.005,0.054,61919.37,191.42563,63.743397,-19.185581,25.660091,8.641873e-07,salt2,good-n,roman,
good-n,105,20.0,15938.560000000001,236.52602474333187,150.0,1.35375,0.775,-0.118,61922.03,193.80736,63.12245,-19.769045,25.201452,1.3184499e-06,salt2,good-n,roman,
good-n,108,20.0,792.4,237.4561540515038,150.0,0.45705,1.01,0.179,61894.38,191.61473,62.338646,-19.052458,23.04155,9.63884e-06,salt2,good-n,roman,
good-n,112,20.0,21734.4,230.41900274119297,150.0,1.29215,-0.635,0.008,61919.37,193.55592,62.68999,-19.254389,25.591494,9.2055063e-07,salt2,good-n,roman,
good-n,113,20.0,5795.84,245.82755460586557,150.0,0.84425,-1.335,0.182,61902.902,190.10425,63.18018,-18.517876,25.189678,1.3328254e-06,salt2,good-n,roman,
good-n,114,20.0,3735.6000000000004,217.5579391963397,150.0,0.87225,-1.495,-0.038,61903.754,189.52104,63.472565,-19.238031,24.556536,2.3879793e-06,salt2,good-n,roman,
good-n,123,20.0,1267.8400000000001,248.17341742848285,150.0,0.57515,0.39,0.185,61896.305,192.67293,62.4685,-18.89247,23.799582,4.795257e-06,salt2,good-n,roman,
good-n,125,20.0,882.96,242.76197253265008,150.0,0.54045,-1.09,-0.049,61895.676,191.14403,63.810402,-19.275227,23.254032,7.925593e-06,salt2,good-n,roman,
good-n,126,20.0,792.4,236.69761805219642,150.0,0.46175,-0.505,0.104,61894.445,191.64809,62.590908,-18.814634,23.305798,7.5565863e-06,salt2,good-n,roman,
good-n,127,20.0,3667.68,227.47382026341668,150.0,0.90085,-0.38,-0.029,61904.65,193.30797,62.929623,-19.399475,24.481201,2.5595525e-06,salt2,good-n,roman,
good-n,132,20.0,28979.2,223.31828592782708,150.0,1.41595,-0.51,-0.03,61924.785,193.35434,63.576973,-19.306322,25.784315,7.70759e-07,salt2,good-n,roman,
good-n,135,20.0,11591.68,229.97545833695705,150.0,1.16375,-0.6,-0.033,61914.094,191.94096,62.881718,-19.42986,25.13582,1.4006068e-06,salt2,good-n,roman,
good-n,136,20.0,7244.8,224.8015712655774,150.0,0.93715,-1.04,0.15,61905.83,193.45712,63.067074,-18.727709,25.25849,1.2509747e-06,salt2,good-n,roman,
good-n,138,20.0,39121.92,228.80577234319765,150.0,1.45405,1.075,0.094,61926.5,191.5034,62.977108,-19.175007,25.986603,6.397404e-07,salt2,good-n,roman,
good-n,141,20.0,5795.84,223.97603364343985,150.0,0.93785,-0.36,0.088,61905.85,191.55443,63.65355,-19.12517,24.863026,1.8006702e-06,salt2,good-n,roman,
good-n,143,20.0,882.96,210.71889537124966,150.0,0.52995,-0.94,0.011,61895.496,191.36626,63.685726,-18.966475,23.511587,6.2518643e-06,salt2,good-n,roman,
good-n,147,20.0,21734.4,233.68680045090207,150.0,1.24575,-1.1,0.048,61917.426,190.03906,62.753983,-18.999609,25.748383,7.966948e-07,salt2,good-n,roman,
good-n,153,20.0,56509.44,229.47444224363855,150.0,1.46125,-2.34,0.042,61926.832,192.00432,62.572815,-18.78164,26.393171,4.3992267e-07,salt2,good-n,roman,
good-n,160,20.0,520.72,228.87556342670288,150.0,0.35655,0.785,0.066,61893.227,190.7257,63.251152,-19.308475,22.150217,2.1905731e-05,salt2,good-n,roman,
good-n,166,20.0,5795.84,228.01281868802937,150.0,1.00625,-0.165,0.032,61908.188,190.60257,62.397316,-19.20356,24.972862,1.6274206e-06,salt2,good-n,roman,
good-n,167,20.0,724.48,220.5677607969796,150.0,0.47945,0.57,0.037,61894.7,189.9587,62.831802,-19.22155,22.996204,1.0049926e-05,salt2,good-n,roman,
good-n,169,20.0,33326.08,230.89972275133348,150.0,1.39585,-0.55,0.041,61923.887,191.56279,63.497528,-19.125551,25.926857,6.759298e-07,salt2,good-n,roman,
good-n,171,20.0,5795.84,224.84352443165488,150.0,0.87895,0.295,0.297,61903.96,193.13045,63.655552,-18.387041,25.427942,1.0702065e-06,salt2,good-n,roman,
good-n,177,20.0,10142.720000000001,233.10577788172554,150.0,1.17885,-0.255,-0.064,61914.695,193.61078,62.59623,-19.376099,25.224102,1.2912315e-06,salt2,good-n,roman,
good-n,180,20.0,5795.84,215.43613853262477,150.0,0.79965,0.585,0.405,61901.61,193.59033,62.297924,-17.99843,25.564566,9.4366686e-07,salt2,good-n,roman,
good-n,188,20.0,2897.92,254.87225741892107,150.0,0.79985,-0.335,0.07,61901.617,189.81882,63.404896,-18.998724,24.564938,2.369572e-06,salt2,good-n,roman,
good-n,191,20.0,50713.6,239.18650062978307,150.0,1.49315,0.22,0.135,61928.29,192.08253,62.529484,-18.999464,26.233044,5.098326e-07,salt2,good-n,roman,
good-n,201,20.0,28979.2,236.50892268506834,150.0,1.37255,-0.22,0.053,61922.85,189.46349,62.797516,-19.078285,25.929106,6.7453203e-07,salt2,good-n,roman,
good-n,202,20.0,33326.08,221.84869386484382,150.0,1.48935,0.14,-0.022,61928.117,189.80858,62.23713,-19.4213,25.804398,7.566339e-07,salt2,good-n,roman,
good-n,208,20.0,1426.32,245.0619290710436,150.0,0.72335,0.6,-0.041,61899.574,190.88257,63.772736,-19.547142,23.749462,5.0218036e-06,salt2,good-n,roman,
good-n,211,20.0,2897.92,252.4605214819191,150.0,0.90225,0.025,-0.103,61904.695,193.7179,62.32049,-19.512003,24.372822,2.8282404e-06,salt2,good-n,roman,
good-n,212,20.0,10142.720000000001,249.00012726382877,150.0,1.05825,-0.54,0.094,61910.062,191.05174,63.632668,-18.815817,25.495436,1.0057047e-06,salt2,good-n,roman,
good-n,214,20.0,8693.76,227.50241062856662,150.0,1.01465,-1.14,0.106,61908.49,191.07648,62.79967,-18.889622,25.30904,1.1940667e-06,salt2,good-n,roman,
good-n,218,20.0,40570.880000000005,236.45913175175892,150.0,1.31875,-2.06,0.112,61920.51,193.5876,62.37951,-18.890432,26.009981,6.2611207e-07,salt2,good-n,roman,
good-n,220,20.0,17387.52,237.90199289913167,150.0,1.19865,-1.345,0.051,61915.492,191.2861,63.130665,-18.84978,25.79502,7.631976e-07,salt2,good-n,roman,
good-n,223,20.0,1765.92,221.5012532657585,150.0,0.56055,-2.39,0.18,61896.03,191.4116,63.695057,-18.5397,24.085014,3.686712e-06,salt2,good-n,roman,
good-n,224,20.0,2128.16,229.47803664672972,150.0,0.72425,0.265,0.059,61899.598,193.30081,63.324253,-19.21633,24.08357,3.691613e-06,salt2,good-n,roman,
good-n,225,20.0,7244.8,238.30313175996633,150.0,1.02965,0.08,0.061,61909.023,190.51213,63.743855,-19.18606,25.051868,1.5132032e-06,salt2,good-n,roman,
good-n,228,20.0,8693.76,223.9471774156826,150.0,1.13295,0.27,-0.004,61912.887,191.18625,63.13926,-19.302254,25.191605,1.3304629e-06,salt2,good-n,roman,
good-n,237,20.0,33326.08,228.30658148113574,150.0,1.47005,0.02,-0.011,61927.23,191.95699,62.345493,-19.262384,25.928469,6.7492726e-07,salt2,good-n,roman,
good-n,238,20.0,8693.76,239.69462856217413,150.0,1.05545,-1.785,-0.021,61909.96,193.54466,63.513424,-19.165667,25.138494,1.3971625e-06,salt2,good-n,roman,
good-n,239,20.0,203.76,244.31032065077736,150.0,0.17495,0.5,0.117,61892.168,190.62502,62.651413,-19.111073,20.593006,9.192689e-05,salt2,good-n,roman,
good-n,241,20.0,3735.6000000000004,215.90702065987304,150.0,0.78935,-1.35,0.144,61901.324,190.6802,62.969734,-18.588272,24.94023,1.6770778e-06,salt2,good-n,roman,
good-n,243,20.0,40570.880000000005,218.61404352360276,150.0,1.35805,-1.29,0.126,61922.215,190.10745,62.61706,-18.586897,26.392084,4.4036346e-07,salt2,good-n,roman,
good-n,253,20.0,882.96,220.65366813558893,150.0,0.53195,-0.295,0.007,61895.527,189.28044,62.988052,-19.054054,23.433832,6.7160204e-06,salt2,good-n,roman,
good-n,255,20.0,13040.64,210.82784162431665,150.0,1.13935,-0.5,0.067,61913.137,189.26004,63.081875,-18.994476,25.514465,9.882311e-07,salt2,good-n,roman,
good-n,263,20.0,33326.08,229.4576572403943,150.0,1.42765,0.725,0.065,61925.31,190.53291,63.804413,-19.164585,25.948051,6.628642e-07,salt2,good-n,roman,
good-n,265,20.0,39121.92,243.50063196559518,150.0,1.49475,0.54,0.031,61928.363,191.14227,62.287437,-19.519312,25.716055,8.207729e-07,salt2,good-n,roman,
good-n,267,20.0,11591.68,238.90992544491226,150.0,1.06315,-0.105,0.161,61910.242,192.86583,63.3702,-18.749315,25.574303,9.352407e-07,salt2,good-n,roman,
good-n,270,20.0,33326.08,225.35311597403998,150.0,1.31125,-0.45,0.174,61920.188,191.22725,63.308094,-18.804327,26.080824,5.8656417e-07,salt2,good-n,roman,
good-n,271,20.0,15938.560000000001,233.13884030073862,150.0,1.31055,1.54,-0.012,61920.16,193.18935,62.69234,-19.646498,25.237223,1.2757203e-06,salt2,good-n,roman,
good-n,272,20.0,10142.720000000001,234.50431269114904,150.0,1.22915,0.87,-0.088,61916.734,190.75308,62.471527,-19.746948,24.965126,1.6390574e-06,salt2,good-n,roman,
good-n,278,20.0,475.44,235.5304225503755,150.0,0.29135,-0.25,0.187,61892.703,192.1021,63.490215,-18.615593,22.335371,1.8471264e-05,salt2,good-n,roman,
good-n,282,20.0,14489.6,231.66845933151703,150.0,1.16155,-0.81,0.047,61914.01,191.4123,62.521908,-19.119785,25.440828,1.0575814e-06,salt2,good-n,roman,
good-n,285,20.0,11591.68,225.13486877241326,150.0,1.21895,1.01,-0.001,61916.316,191.41478,63.25008,-19.395224,25.294542,1.2101186e-06,salt2,good-n,roman,
good-n,290,20.0,4346.88,218.62073610787465,150.0,0.91345,-0.395,0.007,61905.055,192.3842,63.20013,-19.396982,24.520788,2.4679118e-06,salt2,good-n,roman,
good-n,291,20.0,1358.4,227.22210347444124,150.0,0.65605,0.975,0.073,61897.973,190.83377,62.778572,-19.272364,23.765879,4.946444e-06,salt2,good-n,roman,
good-n,296,20.0,384.88,234.23251281850696,150.0,0.32715,1.43,-0.009,61892.97,193.20958,62.4836,-19.562727,21.678614,3.382201e-05,salt2,good-n,roman,
good-n,298,20.0,1064.08,224.00206019868185,150.0,0.50465,-1.405,0.12,61895.082,192.14026,62.95204,-18.602245,23.748447,5.0265044e-06,salt2,good-n,roman,
good-n,299,20.0,26081.28,213.75529738315586,150.0,1.42315,0.865,-0.026,61925.11,191.79762,62.791546,-19.582628,25.521568,9.817877e-07,salt2,good-n,roman,
good-n,305,20.0,2897.92,226.77620304720486,150.0,0.78235,-1.74,0.006,61901.13,190.19684,63.12596,-18.962418,24.542393,2.4192864e-06,salt2,good-n,roman,
good-n,307,20.0,4890.24,218.03466778002658,150.0,0.85045,0.57,0.237,61903.09,191.06561,62.998844,-18.63331,25.09375,1.4559434e-06,salt2,good-n,roman,
good-n,309,20.0,17387.52,220.2279785037059,150.0,1.26785,1.015,0.086,61918.348,190.12332,62.722916,-19.148584,25.646479,8.7509045e-07,salt2,good-n,roman,
good-n,311,20.0,14489.6,221.41487724748004,150.0,0.89525,-0.68,0.513,61904.473,189.36714,63.169106,-17.52055,26.34348,4.605252e-07,salt2,good-n,roman,
good-n,312,20.0,23183.36,212.9274180658544,150.0,1.29105,-1.365,0.003,61919.33,189.4059,63.355595,-18.881018,25.962584,6.5405095e-07,salt2,good-n,roman,
good-n,317,20.0,260.36,252.3598206055219,150.0,0.24355,0.57,-0.077,61892.426,193.6318,63.02339,-19.644056,20.86316,7.167718e-05,salt2,good-n,roman,
good-n,318,20.0,2128.16,216.5181103021369,150.0,0.75315,0.375,-0.004,61900.344,193.07343,62.788204,-19.458595,23.945131,4.1936496e-06,salt2,good-n,roman,
good-n,319,20.0,724.48,230.15248056175355,150.0,0.40115,-1.97,0.034,61893.684,193.91945,63.658947,-18.996834,22.76192,1.2470274e-05,salt2,good-n,roman,
good-n,322,20.0,7244.8,230.71791048366498,150.0,1.00425,-0.525,0.083,61908.12,193.2895,62.72568,-18.92747,25.243631,1.2682133e-06,salt2,good-n,roman,
good-n,326,20.0,23183.36,230.20834137745726,150.0,1.27625,-0.525,0.056,61918.7,191.30626,63.026787,-19.206503,25.606237,9.081336e-07,salt2,good-n,roman,
good-n,327,20.0,215.08,210.3892362288434,150.0,0.19715,1.01,0.036,61892.234,191.16846,62.985683,-19.463938,20.527857,9.7611715e-05,salt2,good-n,roman,
good-n,328,20.0,8693.76,216.71559168836666,150.0,1.03765,0.065,0.092,61909.31,190.55666,62.765854,-19.171051,25.08759,1.4642287e-06,salt2,good-n,roman,
good-n,329,20.0,33326.08,232.4270733249996,150.0,1.23905,-1.56,0.205,61917.15,192.5665,63.289608,-18.443539,26.290014,4.837705e-07,salt2,good-n,roman,
good-n,336,20.0,18836.48,224.44040994296782,150.0,1.19105,0.62,0.22,61915.188,191.81879,62.680477,-18.610699,26.01707,6.2203765e-07,salt2,good-n,roman,
good-n,338,20.0,27530.24,232.47216994671416,150.0,1.13425,-0.605,0.335,61912.94,189.73816,62.25108,-17.982447,26.514482,3.9341543e-07,salt2,good-n,roman,
good-n,339,20.0,62305.28,209.82881061225055,150.0,1.49125,-2.495,0.04,61928.2,189.72928,62.300922,-18.960745,26.26836,4.9351536e-07,salt2,good-n,roman,
good-n,341,20.0,75345.92,242.58254382481647,150.0,1.48455,-1.44,0.141,61927.895,192.93529,62.52403,-18.628973,26.588102,3.676238e-07,salt2,good-n,roman,
good-n,345,20.0,3735.6000000000004,239.54232072455105,150.0,0.97025,-1.07,-0.196,61906.94,190.29498,63.168858,-19.592764,24.48622,2.5477511e-06,salt2,good-n,roman,
good-n,348,20.0,1109.3600000000001,233.97228111841017,150.0,0.68755,0.99,-0.064,61898.7,192.07999,62.40232,-19.768972,23.3932,6.9721177e-06,salt2,good-n,roman,
good-n,352,20.0,2897.92,240.9605290064955,150.0,0.91785,1.335,-0.022,61905.195,190.30202,63.581936,-19.493599,24.437006,2.6658925e-06,salt2,good-n,roman,
good-n,360,20.0,996.1600000000001,232.6094685241611,150.0,0.38035,-0.385,0.414,61893.46,192.67918,63.665794,-17.91934,23.703526,5.2388323e-06,salt2,good-n,roman,
good-n,361,20.0,17387.52,227.59024212910705,150.0,1.08165,0.02,0.319,61910.93,190.85818,63.896694,-18.095985,26.273813,4.910429e-07,salt2,good-n,roman,
good-n,372,20.0,11591.68,215.87265859486496,150.0,1.12225,0.54,0.104,61912.477,190.3699,63.663338,-19.033358,25.435095,1.0631804e-06,salt2,good-n,roman,
good-n,381,20.0,1064.08,238.96717287398496,150.0,0.59715,0.85,0.095,61896.73,193.2313,63.258152,-19.11437,23.676172,5.3724943e-06,salt2,good-n,roman,
good-n,383,20.0,23183.36,218.49097315983215,150.0,1.23975,-0.345,0.137,61917.17,193.5434,63.668938,-18.953846,25.78122,7.729603e-07,salt2,good-n,roman,
good-n,386,20.0,18836.48,245.12921356713036,150.0,1.18625,-0.03,0.183,61914.996,190.08423,63.207127,-18.620813,25.996143,6.3414365e-07,salt2,good-n,roman,
good-n,389,20.0,260.36,244.80533054390173,150.0,0.22735,1.185,0.08,61892.35,193.59248,63.00393,-19.158195,21.18024,5.3524018e-05,salt2,good-n,roman,
good-n,390,20.0,7244.8,219.23361362984477,150.0,1.04415,0.855,0.065,61909.547,192.86328,62.67678,-19.448156,24.827196,1.8610857e-06,salt2,good-n,roman,
good-n,393,20.0,3667.68,219.1343660070368,150.0,0.86195,-1.145,-0.012,61903.438,191.86838,62.75242,-19.214952,24.547928,2.4069875e-06,salt2,good-n,roman,
good-n,400,20.0,5795.84,228.67738251231825,150.0,0.99105,0.41,0.015,61907.656,193.35313,63.32722,-19.547338,24.588367,2.3189828e-06,salt2,good-n,roman,
good-n,401,20.0,27530.24,240.82399595009207,150.0,1.32855,0.2,0.104,61920.934,191.28943,62.261387,-19.158314,25.761911,7.868285e-07,salt2,good-n,roman,
good-n,407,20.0,18836.48,235.82725356997838,150.0,1.28645,0.38,0.051,61919.133,193.81038,62.54608,-19.237217,25.59683,9.160355e-07,salt2,good-n,roman,
good-n,409,20.0,5795.84,215.28315376163997,150.0,0.96825,-1.025,0.001,61906.87,193.53157,62.808186,-19.02823,25.045235,1.5224766e-06,salt2,good-n,roman,
good-n,410,20.0,566.0,234.38530557785907,150.0,0.47525,0.87,-0.131,61894.637,191.23299,63.265434,-19.85578,22.339188,1.8406432e-05,salt2,good-n,roman,
good-n,411,20.0,21734.4,222.7960493536837,150.0,1.41065,0.375,-0.113,61924.547,192.53075,63.049355,-19.726723,25.353888,1.1457495e-06,salt2,good-n,roman,
good-n,415,20.0,8693.76,227.0379392335117,150.0,1.16615,0.84,-0.022,61914.19,190.74033,63.01768,-19.558273,25.012922,1.5684682e-06,salt2,good-n,roman,
good-n,418,20.0,21734.4,226.11732220468633,150.0,0.98445,-0.36,0.517,61907.426,192.181,62.614716,-17.554777,26.563059,3.7620237e-07,salt2,good-n,roman,
good-n,419,20.0,2897.92,236.5417106129869,150.0,0.77755,-0.515,0.057,61900.996,190.26984,63.493298,-18.97545,24.512997,2.485685e-06,salt2,good-n,roman,
good-n,421,20.0,7244.8,220.7484672488068,150.0,1.07585,-1.095,-0.107,61910.715,191.4561,63.429615,-19.426962,24.928444,1.6953808e-06,salt2,good-n,roman,
good-n,426,20.0,4890.24,236.85854904325873,150.0,1.00225,0.06,-0.078,61908.05,190.16429,62.329666,-19.344076,24.82169,1.870547e-06,salt2,good-n,roman,
good-n,427,20.0,10142.720000000001,226.1215950813846,150.0,1.12205,-0.23,0.011,61912.465,189.33266,63.000492,-19.414993,25.05298,1.5116543e-06,salt2,good-n,roman,
good-n,437,20.0,2399.84,254.3504561557903,150.0,0.64125,-1.17,0.213,61897.65,193.56726,62.430786,-18.472742,24.505306,2.5033523e-06,salt2,good-n,roman,
good-n,445,20.0,18836.48,239.6214808955429,150.0,1.31275,1.07,0.074,61920.254,192.03412,63.61123,-19.23292,25.65529,8.680182e-07,salt2,good-n,roman,
good-n,450,20.0,724.48,230.91286021171433,150.0,0.33865,-2.17,0.207,61893.066,190.01999,63.216057,-18.29914,23.029284,9.7483635e-06,salt2,good-n,roman,
good-n,457,20.0,1426.32,244.7363489699315,150.0,0.70435,0.775,0.013,61899.105,192.91586,62.32481,-19.479303,23.746769,5.034281e-06,salt2,good-n,roman,
good-n,459,20.0,1154.64,226.1004566829538,150.0,0.56515,-1.64,0.046,61896.117,193.62907,63.022804,-19.047323,23.598783,5.769409e-06,salt2,good-n,roman,
good-n,468,20.0,882.96,212.5132497500844,150.0,0.53835,-1.085,-0.034,61895.637,193.89864,63.139645,-19.252295,23.2668,7.832944e-06,salt2,good-n,roman,
good-n,470,20.0,23183.36,226.45898996199367,150.0,1.36685,1.37,0.064,61922.6,192.28023,63.439625,-19.34174,25.65452,8.686342e-07,salt2,good-n,roman,
good-n,484,20.0,40570.880000000005,223.541475213425,150.0,1.45265,-0.36,0.019,61926.438,193.16339,62.91654,-19.048382,26.110655,5.7066705e-07,salt2,good-n,roman,
good-n,487,20.0,656.5600000000001,229.55666398605052,150.0,0.40035,0.545,0.107,61893.676,191.2343,62.64199,-19.03672,22.716932,1.2997866e-05,salt2,good-n,roman,
good-n,489,20.0,11591.68,219.9029055120961,150.0,1.11495,-1.8,0.004,61912.19,190.1626,62.708073,-19.106142,25.344835,1.1553416e-06,salt2,good-n,roman,
good-n,492,20.0,17387.52,226.6532130019336,150.0,1.34255,0.26,-0.066,61921.543,191.78038,62.42998,-19.674137,25.274134,1.2330794e-06,salt2,good-n,roman,
good-n,493,20.0,566.0,233.72952337852226,150.0,0.35505,-2.185,-0.004,61893.21,193.5316,63.19798,-18.935476,22.512535,1.5690292e-05,salt2,good-n,roman,
good-n,494,20.0,1811.2,221.5011767932184,150.0,0.58275,-1.71,0.184,61896.45,192.2744,63.18421,-18.55438,24.172092,3.4025775e-06,salt2,good-n,roman,
good-n,497,20.0,40570.880000000005,242.75355028651268,150.0,1.41955,0.425,0.115,61924.94,189.54738,62.336243,-18.996473,26.100952,5.7578944e-07,salt2,good-n,roman,
good-n,510,20.0,15938.560000000001,243.07039358832597,150.0,1.26195,0.845,0.04,61918.098,191.27188,63.642384,-19.423702,25.358875,1.1404974e-06,salt2,good-n,roman,
good-n,512,20.0,4346.88,225.50408993255064,150.0,1.02585,0.41,-0.108,61908.887,189.96413,63.18219,-19.666618,24.561417,2.3772673e-06,salt2,good-n,roman,
good-n,515,20.0,3871.44,238.559812645273,150.0,0.77155,0.3,0.298,61900.832,192.82625,63.500904,-18.580017,24.887836,1.7599889e-06,salt2,good-n,roman,
good-n,516,20.0,2897.92,235.77242100713556,150.0,0.79745,0.535,0.092,61901.547,192.88577,62.301723,-19.112858,24.442806,2.6516875e-06,salt2,good-n,roman,
good-n,518,20.0,384.88,218.0147906871498,150.0,0.32875,1.2,-0.067,61892.98,192.69048,62.70446,-19.602085,21.651537,3.467605e-05,salt2,good-n,roman,
good-n,524,20.0,2445.12,243.47437172816979,150.0,0.71015,-2.1,0.005,61899.246,189.34329,62.885387,-18.969473,24.27832,3.085434e-06,salt2,good-n,roman,
good-n,527,20.0,3667.68,217.3359485131631,150.0,0.88175,0.165,0.042,61904.05,189.91338,62.60565,-19.173204,24.650269,2.1904712e-06,salt2,good-n,roman,
good-n,530,20.0,2445.12,246.55507153485902,150.0,0.66595,-0.485,0.203,61898.195,193.45425,63.052235,-18.546589,24.531204,2.4443466e-06,salt2,good-n,roman,
good-n,531,20.0,4890.24,239.00909759793615,150.0,0.95725,-0.47,-0.015,61906.5,190.55305,63.35751,-19.314995,24.727924,2.0392713e-06,salt2,good-n,roman,
good-n,539,20.0,5795.84,234.09080696619014,150.0,0.89805,-0.91,0.17,61904.56,190.31686,62.23772,-18.437675,25.43469,1.063576e-06,salt2,good-n,roman,
good-n,540,20.0,4890.24,245.24481943217182,150.0,0.91675,1.085,0.156,61905.16,191.5989,63.748703,-18.981281,24.94612,1.6680036e-06,salt2,good-n,roman,
good-n,544,20.0,40570.880000000005,239.74405718595057,150.0,1.49285,0.2,0.035,61928.273,190.24681,62.51635,-19.164919,26.06705,5.940519e-07,salt2,good-n,roman,
good-n,548,20.0,520.72,220.08476712474337,150.0,0.36885,0.94,0.052,61893.344,191.32162,62.428688,-19.139904,22.404856,1.7326178e-05,salt2,good-n,roman,
good-n,552,20.0,1426.32,238.0374923306092,150.0,0.70525,-0.975,-0.098,61899.125,190.85854,63.71151,-19.644358,23.585096,5.842604e-06,salt2,good-n,roman,
good-n,553,20.0,588.64,226.854484227525,150.0,0.40545,-0.71,-0.001,61893.73,189.33751,63.279877,-19.308603,22.47743,1.6205866e-05,salt2,good-n,roman,
good-n,557,20.0,407.52,238.24255275948383,150.0,0.28795,1.215,0.149,61892.684,191.43068,62.385338,-19.045547,21.876154,2.8195698e-05,salt2,good-n,roman,
good-n,561,20.0,14489.6,231.60666298615274,150.0,1.12785,-1.545,0.032,61912.69,189.52538,62.898693,-18.822145,25.659634,8.645521e-07,salt2,good-n,roman,
good-n,577,20.0,50713.6,250.28931985968907,150.0,1.44815,-0.54,0.089,61926.234,193.44077,63.419674,-18.93124,26.219503,5.1623016e-07,salt2,good-n,roman,
good-n,585,20.0,1901.76,239.51781823532187,150.0,0.74075,-1.48,-0.143,61900.02,190.68571,62.858204,-19.615774,23.743881,5.0476847e-06,salt2,good-n,roman,
good-n,586,20.0,23183.36,221.3933989143304,150.0,1.27145,0.14,0.099,61918.5,189.96097,63.315025,-18.976742,25.825912,7.417876e-07,salt2,good-n,roman,
good-n,588,20.0,8693.76,225.70243637323068,150.0,1.15905,1.09,0.001,61913.91,189.77475,62.566483,-19.339603,25.21524,1.3018124e-06,salt2,good-n,roman,
good-n,601,20.0,7244.8,236.67408763415085,150.0,1.07655,0.475,0.001,61910.742,191.96774,63.30186,-19.599459,24.757689,1.9841282e-06,salt2,good-n,roman,
good-n,603,20.0,5795.84,220.6872598894078,150.0,1.05145,-0.065,-0.029,61909.812,192.77786,63.690956,-19.56275,24.731249,2.0330351e-06,salt2,good-n,roman,
good-n,604,20.0,46366.72,252.12957929028371,150.0,1.35935,-1.84,0.111,61922.273,189.70627,62.363132,-18.827065,26.154478,5.480925e-07,salt2,good-n,roman,
good-n,605,20.0,3871.44,232.98317621120106,150.0,0.78575,0.485,0.276,61901.223,191.88431,62.750587,-18.442574,25.073769,1.4829869e-06,salt2,good-n,roman,
good-n,608,20.0,28979.2,216.64879644550987,150.0,1.35505,-0.395,0.068,61922.086,191.5489,62.434048,-19.099424,25.873642,7.098851e-07,salt2,good-n,roman,
good-n,609,20.0,5795.84,238.48976502156475,150.0,0.89045,-1.795,0.13,61904.32,190.89528,63.72034,-18.709042,25.140636,1.394409e-06,salt2,good-n,roman,
good-n,614,20.0,2445.12,243.62965774522894,150.0,0.85095,0.965,-0.07,61903.105,192.6334,62.387997,-19.643335,24.085295,3.6857612e-06,salt2,good-n,roman,
good-n,616,20.0,8693.76,228.2550774682758,150.0,1.08635,0.785,0.097,61911.11,190.83069,62.62934,-19.019922,25.361485,1.1377616e-06,salt2,good-n,roman,
good-n,617,20.0,33326.08,216.05697709894434,150.0,1.46175,-0.005,-0.001,61926.85,191.43274,62.458466,-19.21977,25.955954,6.580566e-07,salt2,good-n,roman,
good-n,618,20.0,15938.560000000001,234.56536317871496,150.0,1.24125,-0.225,0.026,61917.24,192.45514,63.50618,-19.356314,25.381989,1.1164757e-06,salt2,good-n,roman,
good-n,619,20.0,1426.32,238.12056229390396,150.0,0.70015,1.19,0.007,61899.0,193.12775,62.239227,-19.484802,23.725433,5.1341863e-06,salt2,good-n,roman,
good-n,620,20.0,3667.68,235.57696489611376,150.0,0.91905,-0.505,-0.083,61905.234,190.57275,62.31316,-19.431211,24.502882,2.5089503e-06,salt2,good-n,roman,
good-n,623,20.0,26081.28,247.1162775154005,150.0,1.38675,0.54,0.009,61923.484,193.83037,63.131123,-19.309855,25.725063,8.1399116e-07,salt2,good-n,roman,
good-n,630,20.0,882.96,220.30795296868348,150.0,0.54835,0.41,0.012,61895.812,193.03139,62.76713,-19.25771,23.309456,7.531164e-06,salt2,good-n,roman,
good-n,632,20.0,23183.36,217.88435551873127,150.0,1.40865,-0.02,-0.118,61924.457,193.41177,62.399826,-19.445553,25.631264,8.874404e-07,salt2,good-n,roman,
good-n,633,20.0,656.5600000000001,227.523033921593,150.0,0.38955,-1.15,0.032,61893.56,191.61156,62.42096,-18.873253,22.810545,1.1924137e-05,salt2,good-n,roman,
good-n,640,20.0,46366.72,233.3249011723451,150.0,1.43055,0.48,0.132,61925.438,193.76685,62.879284,-19.040607,26.077454,5.883869e-07,salt2,good-n,roman,
good-n,646,20.0,33326.08,237.64430386488877,150.0,1.41165,-2.02,-0.084,61924.59,190.95284,62.90044,-19.225105,25.8574,7.2058396e-07,salt2,good-n,roman,
good-n,652,20.0,27530.24,213.4048297165208,150.0,1.27655,-1.94,0.073,61918.715,190.9578,62.691998,-18.813736,25.999634,6.3210746e-07,salt2,good-n,roman,
good-n,653,20.0,17387.52,232.16390574874072,150.0,1.31155,0.83,2.7755576e-16,61920.203,190.83107,63.730034,-19.498032,25.387732,1.1105851e-06,salt2,good-n,roman,
good-n,657,20.0,33326.08,217.95242115789281,150.0,1.35575,0.46,0.174,61922.117,190.06097,63.504307,-18.784388,26.19006,5.3042163e-07,salt2,good-n,roman,
good-n,661,20.0,8693.76,228.0021464478442,150.0,1.03915,-0.655,0.036,61909.367,191.9782,63.513084,-19.008682,25.253824,1.256363e-06,salt2,good-n,roman,
good-n,663,20.0,656.5600000000001,224.0872280201698,150.0,0.46235,0.11,-0.065,61894.453,193.33923,63.20908,-19.599533,22.524256,1.5521819e-05,salt2,good-n,roman,
good-n,665,20.0,5795.84,214.90390683466333,150.0,1.08135,1.195,0.007,61910.918,192.7795,63.31929,-19.523872,24.845184,1.8305055e-06,salt2,good-n,roman,
good-n,666,20.0,996.1600000000001,234.97791395113094,150.0,0.57525,1.51,0.09,61896.305,190.62709,62.68598,-19.17306,23.51945,6.206764e-06,salt2,good-n,roman,
good-n,670,20.0,2897.92,221.1644850708551,150.0,0.81445,1.04,0.123,61902.03,191.31418,62.234238,-19.200626,24.411188,2.7300448e-06,salt2,good-n,roman,
good-n,676,20.0,2897.92,233.07603503022972,150.0,0.90495,1.455,0.011,61904.78,193.39137,62.729744,-19.327448,24.565355,2.3686605e-06,salt2,good-n,roman,
good-n,686,20.0,1426.32,218.15218602957412,150.0,0.73765,-0.605,-0.17,61899.938,192.562,62.908226,-19.676287,23.67224,5.391985e-06,salt2,good-n,roman,
good-n,687,20.0,1064.08,216.74749471677194,150.0,0.51905,-1.535,0.063,61895.312,193.23235,63.094032,-18.889824,23.534077,6.1237033e-06,salt2,good-n,roman,
good-n,696,20.0,39121.92,247.52086760073038,150.0,1.45145,0.79,0.068,61926.383,189.54909,63.57009,-19.211987,25.944841,6.6482676e-07,salt2,good-n,roman,
good-n,704,20.0,23183.36,227.6538659927351,150.0,1.27235,-1.105,0.059,61918.535,190.43367,62.83104,-18.860142,25.944407,6.650925e-07,salt2,good-n,roman,
good-n,706,20.0,11591.68,222.94110203246066,150.0,1.12925,-0.97,-0.006,61912.742,191.48592,62.42594,-19.352682,25.132418,1.4050041e-06,salt2,good-n,roman,
good-n,708,20.0,1901.76,229.27894675039462,150.0,0.73405,-1.305,-0.111,61899.848,189.94945,63.005028,-19.382914,23.952635,4.164769e-06,salt2,good-n,roman,
good-n,713,20.0,15938.560000000001,224.02897334070815,150.0,1.38605,1.235,-0.098,61923.45,190.60008,63.61813,-19.88546,25.14811,1.3848454e-06,salt2,good-n,roman,
good-n,715,20.0,5795.84,220.51587427882458,150.0,0.92075,0.56,0.146,61905.29,190.89891,63.112038,-18.973196,24.965836,1.6379877e-06,salt2,good-n,roman,
good-n,717,20.0,21734.4,224.14773934189316,150.0,1.34365,-0.35,-0.058,61921.59,189.4044,63.01167,-19.451937,25.498526,1.0028463e-06,salt2,good-n,roman,
good-n,722,20.0,33326.08,238.20485699186196,150.0,1.46195,1.25,0.089,61926.86,192.15138,62.643486,-19.154757,26.021332,6.196004e-07,salt2,good-n,roman,
good-n,725,20.0,26081.28,226.6128365589268,150.0,1.35875,-0.105,0.013,61922.25,192.8141,63.37796,-19.190367,25.789993,7.6673876e-07,salt2,good-n,roman,
good-n,727,20.0,566.0,218.5760071228473,150.0,0.31075,-1.92,0.116,61892.844,192.36897,62.989185,-18.369173,22.742975,1.2689788e-05,salt2,good-n,roman,
good-n,728,20.0,52162.56,232.53617532011717,150.0,1.49845,-1.665,0.024,61928.535,190.04314,63.01645,-18.813343,26.428627,4.2578833e-07,salt2,good-n,roman,
good-n,731,20.0,3871.44,229.71331956608847,150.0,0.80905,-1.59,0.098,61901.88,192.08672,63.116776,-18.783274,24.810827,1.8893555e-06,salt2,good-n,roman,
good-n,733,20.0,384.88,221.7513068388256,150.0,0.35155,1.39,-0.097,61893.18,191.10121,63.48874,-19.998253,21.42467,4.2734307e-05,salt2,good-n,roman,
good-n,739,20.0,3667.68,232.2908754579281,150.0,0.74575,-0.04,0.285,61900.15,189.6752,62.666714,-18.394104,24.983408,1.6116902e-06,salt2,good-n,roman,
